orders_arrived,orders_shipped,same_day_shipped,late_shipped,same_day_ship_rate,cycle_mean_min,cycle_p50_min,cycle_p95_min,avg_picking_wait_min,makespan_min,util_receiving,util_window_receiving,util_picking,util_window_picking,util_packing,util_window_packing,util_shipping,util_window_shipping,peak_utilization,peak_window_utilization,scenario,replication
599,599,599,0,1.0,62.597264904418815,68.4402051939517,103.1897545691981,42.51732905075606,576.4790863791585,0.5055103853538279,0.6757596113732177,0.9075289242625476,0.9950339327229506,0.7426192613328362,0.782596496430605,0.4901438823220253,0.49804353323998596,0.9075289242625476,0.9950339327229506,baseline,0
603,603,602,1,0.9983416252072969,70.7001385052506,72.53918709928882,127.51525162409928,50.51536277387111,602.0096768841192,0.5091363802510308,0.7453671954938137,0.9340314004115927,0.9999999999999999,0.7484616761855238,0.8199212214005637,0.5118392930729097,0.572895607893938,0.9340314004115927,0.9999999999999999,baseline,1
571,571,571,0,1.0,67.43433359976186,66.89916967719122,114.4400078283133,47.38740876811977,589.0743690779694,0.48412418067313917,0.6804011581620588,0.8972631774596572,0.9999999999999999,0.7040150064393561,0.7670236549784639,0.46974333142183766,0.5247909813429643,0.8972631774596572,0.9999999999999999,baseline,2
659,659,623,36,0.9453717754172989,90.35598282327312,82.92363791845705,164.45873053055692,69.38452124306924,640.9232605806017,0.5572217298795646,0.79310638178616,1.0172558275994057,1.0000000000000002,0.8237237777615669,0.7926841725328527,0.5507399114220821,0.5330463978079294,1.0172558275994057,1.0000000000000002,baseline,3
672,672,641,31,0.9538690476190477,82.28006175039903,80.78419435629752,145.99649214751707,62.42852979208736,635.1735798589455,0.5583331636188127,0.7494787990099913,1.0046679825597384,0.9999999999999997,0.8195590557057644,0.8406296344242826,0.5544079219284634,0.5847799132445298,1.0046679825597384,0.9999999999999997,baseline,4
654,654,637,17,0.9740061162079511,71.54935070264015,63.950714311084,141.65068807967896,51.18700880801006,624.7989590558387,0.5437141530510051,0.7474053658665799,0.9781664067743074,0.9999999999999992,0.8251159069094234,0.84641475471491,0.5464300876801954,0.5490899973909191,0.9781664067743074,0.9999999999999992,baseline,5
639,639,625,14,0.9780907668231612,82.82494924097445,89.8966650212945,135.64465344400134,62.37059950463422,620.4565570232137,0.5257966271507141,0.7166933801767045,0.9813296568327717,0.9999999999999997,0.8111152624610009,0.8307906987323559,0.5367090114549795,0.5553852648539693,0.9813296568327717,0.9999999999999997,baseline,6
602,602,602,0,1.0,66.5463917129153,70.35126228491475,117.40960267999657,46.61401496232043,587.1356185777132,0.5064968611608854,0.7127621460828518,0.9098179285327713,0.9990010744464904,0.7507745382615127,0.7847148679644491,0.5016517291932818,0.521385421274629,0.9098179285327713,0.9990010744464904,baseline,7
646,646,618,28,0.9566563467492261,86.60943911737422,84.8410023449135,159.2364393756759,65.86012538933514,642.5016573228954,0.5419894184756254,0.7513876272622214,0.9949626233873654,1.0000000000000007,0.8140080315068314,0.8220924466822804,0.5323155470779717,0.5406865606894984,0.9949626233873654,1.0000000000000007,baseline,8
669,669,616,53,0.9207772795216741,91.70897043743321,91.31133476456912,172.13586852751018,71.7551798242968,663.5328745024942,0.5576313183949293,0.778863929476496,1.0200866064344107,0.9999999999999996,0.8152411949647832,0.7902032022299185,0.556952950918891,0.5374142782367679,1.0200866064344107,0.9999999999999996,baseline,9
612,612,600,12,0.9803921568627451,74.07177361110737,74.85156959166522,129.5315723514954,53.65845859181422,613.1017321159911,0.5188428241595069,0.7008053130169133,0.9549565252951955,1.0000000000000002,0.7736853980966042,0.8037705865482591,0.505263081416333,0.5145638083768324,0.9549565252951955,1.0000000000000002,baseline,10
653,653,648,5,0.9923430321592649,72.77100576320252,76.58595258892024,125.36192234036776,52.39879373029666,628.7587011231149,0.5480677071649568,0.7468310862196675,0.9651643463693252,0.9999999999999999,0.8222041112906167,0.8857564003787276,0.5535202563071281,0.5889012846556224,0.9651643463693252,0.9999999999999999,baseline,11
637,637,610,27,0.957613814756672,88.62493134830433,96.59218567793468,157.17118724096383,67.289581139118,636.1091785939682,0.5274907375108262,0.763968508770764,0.9629859296749274,1.0000000000000002,0.7909491341005703,0.8054849114246266,0.5365353219785313,0.5428012267277198,0.9629859296749274,1.0000000000000002,baseline,12
619,619,619,0,1.0,63.58018224175443,59.37561986551364,111.88730385954642,43.4422940273837,585.7722276145986,0.5232584705643472,0.7367957525499527,0.9114278711572056,0.9999999999999988,0.7950753744755757,0.848761628009334,0.5106970155323127,0.557764603106965,0.9114278711572056,0.9999999999999988,baseline,13
645,645,622,23,0.9643410852713178,83.41981707241327,88.53996586035339,153.79447702850837,62.68462716194904,631.8132366696884,0.5341485654315993,0.7717827980199513,0.9908161359555167,1.0000000000000002,0.8076120604426876,0.8370442527417372,0.5304312509527774,0.5380142950077632,0.9908161359555167,1.0000000000000002,baseline,14
634,634,615,19,0.9700315457413249,75.4374535761769,75.50939226657195,135.8987474211566,55.208224480567445,627.2536210445903,0.5410102348008051,0.7509341087550118,0.9684782838988721,1.0000000000000002,0.7808037203189894,0.8297788920915132,0.5274004239747218,0.552143812372461,0.9684782838988721,1.0000000000000002,baseline,15
642,642,618,24,0.9626168224299065,80.6682943474668,76.8451124655268,146.45914141212688,60.99625786057922,619.5902821016062,0.517490527514995,0.7175784265184206,0.957644290451873,1.0,0.7878622311417404,0.8055924854023762,0.5383829367676332,0.5734739344091118,0.957644290451873,1.0,baseline,16
615,615,613,2,0.9967479674796748,66.13535207042761,62.66438315072537,124.10450816917336,46.243752151898114,612.1869225027989,0.5132802582980706,0.7283062938335555,0.9416408634130113,0.9986678930321785,0.745140771533274,0.7855864070680033,0.5129718683771136,0.5475984775880169,0.9416408634130113,0.9986678930321785,baseline,17
635,635,616,19,0.9700787401574803,75.03844481043144,68.56313212535417,135.1439251122721,55.14527439878403,620.0052263535434,0.5328065478147681,0.7312944704085806,0.9576548488092677,1.0,0.7819485495597844,0.8018084851099317,0.5341689998193412,0.5226839834568271,0.9576548488092677,1.0,baseline,18
617,617,614,3,0.9951377633711507,81.10497142921852,89.1638380945447,134.9351687091297,61.154479064882246,606.9117090943968,0.4971187387263648,0.6563151411212177,0.9490415113798715,1.0000000000000002,0.7771297500834328,0.8029593044735485,0.5079672981518436,0.5167126998906661,0.9490415113798715,1.0000000000000002,baseline,19
630,630,629,1,0.9984126984126984,69.26564475013743,63.53777378104752,132.25569707269977,49.49388517670869,605.9133082954676,0.5174647250309409,0.6934571025695999,0.9604953794079253,1.0,0.7660109867838962,0.7834853554669944,0.5292779259950778,0.5459659867689459,0.9604953794079253,1.0,baseline,20
657,657,628,29,0.9558599695585996,87.59315089831684,87.94488655841673,153.21057469282084,67.07010690848217,632.7482130047908,0.5629412827995531,0.7845454522380129,1.0027861565730258,0.9999999999999997,0.8231052045623387,0.8842932485157077,0.548508834201697,0.5657696140323214,1.0027861565730258,0.9999999999999997,baseline,21
675,675,645,30,0.9555555555555556,85.6129000445514,94.36502906143545,148.6245192727519,65.64756086184444,627.0973529315205,0.5556615627433692,0.7956479783854083,0.966562083538095,0.9999999999999994,0.8350102005953576,0.8635852436121099,0.5657169387339357,0.5772340239750384,0.966562083538095,0.9999999999999994,baseline,22
603,603,603,0,1.0,60.113035483036036,60.67697791119153,100.49752842916558,40.19110856649338,598.4270103794817,0.5028897061246673,0.709949013634394,0.8968849518111442,0.9999782742406702,0.7543055568986372,0.8308353481968024,0.5079723715764074,0.5823349928426795,0.8968849518111442,0.9999782742406702,baseline,23
659,659,652,7,0.9893778452200304,78.98820905299523,76.38078745976094,139.74903000201687,58.96339065400825,631.5390971535559,0.5399500862950635,0.7271385273205522,0.9666099760957296,0.9999999999999997,0.828861305027675,0.8376793826475403,0.5421858908587005,0.5573570557150671,0.9666099760957296,0.9999999999999997,baseline,24
659,659,655,4,0.9939301972685888,59.514756006912435,44.96507374614873,126.50390548236305,39.052383861729865,607.9928569006654,0.5556132021734149,0.7807250338547748,0.9673741071953642,1.0000000000000002,0.8360183553292212,0.9098170818137613,0.5492463603711489,0.5932682401150263,0.9673741071953642,1.0000000000000002,baseline,25
616,616,609,7,0.9886363636363636,70.65419322207671,73.64528800329981,128.2291313215382,50.46032697648924,616.8435263887902,0.5189107963881043,0.731892935858562,0.9371118033614806,0.9914533570651867,0.7766407657830812,0.8325796957704642,0.5217807046113083,0.5695508819745077,0.9371118033614806,0.9914533570651867,baseline,26
629,629,606,23,0.9634340222575517,80.78377139481493,87.52820210291475,143.85337175745252,60.53282011072555,630.7151072839541,0.527948806293657,0.7521064103997164,0.9855067847737415,1.0000000000000002,0.7809710595193812,0.8285169778089934,0.5145108176027174,0.5475997801763416,0.9855067847737415,1.0000000000000002,baseline,27
600,600,596,4,0.9933333333333333,70.16633176978024,70.09634579027846,128.6890060603783,49.920282211434795,608.0956385433319,0.49927497612410937,0.7136959950171624,0.9034089613957867,0.9942351980141417,0.7620989208537023,0.8294581619945777,0.49940896160456455,0.5499897388528523,0.9034089613957867,0.9942351980141417,baseline,28
623,623,588,35,0.9438202247191011,84.56170855934496,83.83140618545173,156.85688732737606,63.61067129593387,628.8970369816052,0.5230363562829785,0.7791687063248648,0.9702792441015256,1.0000000000000002,0.7644968856627959,0.771938734827819,0.5224834176119172,0.5155769657762787,0.9702792441015256,1.0000000000000002,baseline,29
635,635,632,3,0.9952755905511811,85.20685501953291,88.97208082272218,135.76238555255782,64.46633535212946,613.153573321645,0.536512219883063,0.7308550338194795,0.9494324020101471,1.0000000000000004,0.7867384575947339,0.8818910629477953,0.5277581093819279,0.5770094028840438,0.9494324020101471,1.0000000000000004,baseline,30
651,651,609,42,0.9354838709677419,86.24811817736608,90.92477624206722,170.31207807849637,66.1764807412423,650.0618335253344,0.5498793593626242,0.7798583486172045,0.993519314144789,0.9999752161752623,0.7987957778181358,0.7962498083440279,0.5500577096056656,0.5461567237297567,0.993519314144789,0.9999752161752623,baseline,31
638,638,620,18,0.9717868338557993,78.81374069827856,77.45747734626724,147.17420174504605,58.543495481401315,631.8748881276175,0.5259101077454549,0.7220351787030481,0.9974240337153403,1.0000000000000007,0.8003113281089836,0.808740277683411,0.5435217446307687,0.5515920090264149,0.9974240337153403,1.0000000000000007,baseline,32
638,638,606,32,0.9498432601880877,81.84922570396077,78.4834741134284,149.38820936078923,61.321540366507776,632.0258395382206,0.5340298517184878,0.7319920841551968,0.9965698868648931,1.0,0.7940813744296141,0.8084092324329234,0.5362909693681086,0.5461819205337538,0.9965698868648931,1.0,baseline,33
675,675,622,53,0.9214814814814815,89.77488972285391,88.0260323693388,165.25912147149296,68.83733939722917,654.9342333475244,0.5681825566204568,0.793415363630887,1.0153326544383163,1.0,0.8479650316540982,0.8443049900717061,0.566516697425087,0.5418967899761081,1.0153326544383163,1.0,baseline,34
615,615,615,0,1.0,65.04386259458677,64.44581260229955,118.31582300859083,45.27957485958322,591.8714226893982,0.503062025697126,0.6986617364606437,0.9319917446000461,1.0,0.7507721947436327,0.8220946620483663,0.512247581647826,0.5678384253866721,0.9319917446000461,1.0,baseline,35
598,598,589,9,0.9849498327759197,71.365783071454,75.62123887857553,126.69093803470008,51.08686242050648,619.2495664726251,0.5054627555527865,0.7230349852399667,0.9162353804936271,0.9999999999999999,0.7666735927372694,0.7945694814918768,0.5028695683040053,0.5294649996072363,0.9162353804936271,0.9999999999999999,baseline,36
626,626,622,4,0.9936102236421726,80.57401359406431,86.47931281362082,131.4132672613452,60.59114458766585,606.1136431231395,0.5218683636254074,0.7030232327838474,0.9534136187986374,0.9999999999999997,0.7804449020290296,0.8235802389126092,0.5231902519545777,0.5502966013425706,0.9534136187986374,0.9999999999999997,baseline,37
645,645,635,10,0.9844961240310077,77.53179986161771,74.52402094749698,134.24195518284898,57.309619205105385,611.4491130912555,0.5526313810871039,0.7430285862874161,0.9584841160442493,1.0,0.8173284234473414,0.8531350808720496,0.5420654529060371,0.5851959542734823,0.9584841160442493,1.0,baseline,38
610,610,606,4,0.9934426229508196,76.52562956096914,83.2986074792914,130.10807195313396,56.74239959344872,606.5966565256282,0.510849787390059,0.6830773092187977,0.9480533640144604,1.0000000000000007,0.7471678779142927,0.7592517134935465,0.5045236031856531,0.506616396879135,0.9480533640144604,1.0000000000000007,baseline,39
634,634,618,16,0.9747634069400631,83.22418845358204,84.50629356577048,146.94022387206746,63.29144284047447,622.5563654407748,0.5307541157812862,0.7588817306351602,0.9482088327972122,0.9999999999999994,0.805234074653507,0.8256184313103891,0.5186756519940499,0.5372824451136093,0.9482088327972122,0.9999999999999994,baseline,40
612,612,612,0,1.0,64.1834468138208,63.644990384851155,113.68355214634909,43.94799312725387,587.7375846695019,0.5189393910692474,0.7257007583363512,0.9010865787433952,1.000000000000001,0.7568109905972423,0.8288958677129143,0.5165813291464628,0.570289420671447,0.9010865787433952,1.000000000000001,baseline,41
624,624,624,0,1.0,77.45079614564814,80.82075392201682,123.12459314631514,57.4202883711725,599.8300577901576,0.5045010301106925,0.680933933590607,0.9341168527614626,1.0000000000000007,0.7900196741485598,0.8756538329840301,0.5382126307802975,0.6169286482950517,0.9341168527614626,1.0000000000000007,baseline,42
643,643,619,24,0.9626749611197511,81.65116359854349,86.74333316170905,146.17450257792842,61.086586410063894,640.0635605837231,0.5429130414320444,0.7895427289659567,0.9728727153399606,1.0000000000000004,0.8077593992367859,0.8477200965907574,0.5293113638471068,0.5720682113177159,0.9728727153399606,1.0000000000000004,baseline,43
618,618,608,10,0.9838187702265372,81.18422393367591,90.99743055806437,138.03024212636006,61.23919346324169,616.7978564009151,0.5142660074130967,0.7031574064788765,0.9326674063114824,0.9999999999999999,0.7754490319739641,0.8391249053193929,0.5185440567237627,0.5600525714402906,0.9326674063114824,0.9999999999999999,baseline,44
630,630,593,37,0.9412698412698413,80.20378865350052,82.28279743906671,153.0101644683756,60.28666207468044,660.9213940063162,0.519691204407858,0.7273697450233613,0.9831531324112316,1.0000000000000002,0.7809751530376319,0.8001527283565171,0.5286688796134174,0.5359133950955688,0.9831531324112316,1.0000000000000002,baseline,45
637,637,631,6,0.9905808477237049,67.3308862069122,58.02460468845479,128.2650611796168,47.29657510315253,611.6312907629168,0.5208008252475427,0.7211557371013632,0.9697082922793735,1.0000000000000002,0.79036756712949,0.8063711017182549,0.5346716749278462,0.5490330637741152,0.9697082922793735,1.0000000000000002,baseline,46
642,642,641,1,0.9984423676012462,65.69137472838621,76.29945045702658,113.9621037013747,45.31385207372512,603.9293182969138,0.5308168813020192,0.7023843006775563,0.9497782131315164,0.9898790726273166,0.8157522125389665,0.8611647567797956,0.5369491946631018,0.5717477313214144,0.9497782131315164,0.9898790726273166,baseline,47
618,618,612,6,0.9902912621359223,79.17960679268586,87.57353717668693,129.5516165798877,59.15101946721493,624.2731606224488,0.5053199029890451,0.7056158645896954,0.9480840600018285,1.0000000000000009,0.756307856216052,0.7984554552483264,0.5137640348216229,0.5494387899568355,0.9480840600018285,1.0000000000000009,baseline,48
698,698,593,105,0.8495702005730659,118.08883390281282,120.17150064707945,209.16556688725206,96.34162597820166,693.3065827715386,0.587859417342637,0.8308898530939524,1.0804034856984752,1.0000000000000004,0.8792337492316593,0.7371461214792523,0.5744938717669426,0.47914664050262323,1.0804034856984752,1.0000000000000004,baseline,49
608,608,602,6,0.9901315789473685,62.646709370363205,56.25476830975032,122.60039583661114,42.8683362337294,608.8489821746838,0.5151308014348562,0.7319085582432094,0.9244462565367825,0.9980430512996051,0.7637677388224492,0.8053156659094289,0.4979747788326341,0.5184611143585965,0.9244462565367825,0.9980430512996051,baseline,50
605,605,604,1,0.9983471074380166,77.73597778638242,81.63841709511078,127.30633914114418,57.72022609057532,613.6128238758557,0.5060685723771964,0.7029742330507547,0.9301672124842659,1.0000000000000002,0.7422790489928934,0.8538679482340243,0.5024398204558432,0.5648778698121516,0.9301672124842659,1.0000000000000002,baseline,51
609,609,609,0,1.0,67.1611963359616,65.00161622217067,124.52927134992342,47.7142818652211,593.1738191475642,0.4933869387365862,0.6965566671738853,0.9163581371494738,0.9999999999999997,0.7464935109593254,0.8111424788127061,0.5123172699752796,0.5494306911525436,0.9163581371494738,0.9999999999999997,baseline,52
631,631,625,6,0.9904912836767037,81.25898958279296,93.25734470122157,131.60250898198575,61.2132410274357,609.01080301705,0.5297894718323161,0.7167966558190988,0.9520142407353248,0.9999999999999997,0.7979644729300467,0.8184381402660089,0.5285594877185646,0.5569495827214491,0.9520142407353248,0.9999999999999997,baseline,53
642,642,635,7,0.9890965732087228,77.98148284615793,80.45084631688215,139.49801049768297,57.24290980550913,609.960793271997,0.5414755059104623,0.7578605579937624,0.9382464819054276,0.9999999999999996,0.7877476785470061,0.8203882002493237,0.5411807998336325,0.5654949418645021,0.9382464819054276,0.9999999999999996,baseline,54
627,627,602,25,0.960127591706539,82.56912922459146,80.2867086267139,144.98983754960636,62.492648367713755,638.1620602454901,0.5304977593975617,0.7435359824402076,0.9882298943758144,1.0000000000000004,0.7808528234597466,0.7852070137552599,0.5169967773482635,0.5064855759696882,0.9882298943758144,1.0000000000000004,baseline,55
621,621,621,0,1.0,58.289951602885495,59.612855701004804,95.88090897688141,38.268256669079406,587.0058583302642,0.5129876078310348,0.6618917105283869,0.9285911709906246,0.9999999999999994,0.7922386131172767,0.876105090051946,0.5103380497304353,0.569786243040527,0.9285911709906246,0.9999999999999994,baseline,56
643,643,639,4,0.9937791601866252,68.04583357742041,75.78772749805182,119.12482362927727,47.912039929059844,605.477975406317,0.5404378064960467,0.7293890697686912,0.9529555220763714,1.0000000000000002,0.8114531158531703,0.8831085491373225,0.5362961856970894,0.5734632984092056,0.9529555220763714,1.0000000000000002,baseline,57
583,583,583,0,1.0,63.890735964562694,77.5984115988822,98.11888585266695,43.970551802981504,570.1690735785269,0.48697678107869424,0.6974572718948653,0.8788931140900714,0.9999999999999999,0.7291816123447241,0.8403372413558354,0.49200238014107994,0.5664688328458831,0.8788931140900714,0.9999999999999999,baseline,58
647,647,636,11,0.9829984544049459,75.92573688797282,68.70820248507368,143.09401184603303,56.129910116856365,612.5670247147106,0.5560608679956979,0.7824647014274164,0.9512837315400982,1.0000000000000007,0.8191599313596098,0.8731256336748783,0.5321048094924299,0.568076143004575,0.9512837315400982,1.0000000000000007,baseline,59
660,660,605,55,0.9166666666666666,98.25514357919772,106.06877453754299,173.54373044169176,77.97031302167761,657.1220810233928,0.5453106101260905,0.7423307726055618,1.0409920446549776,0.9999999999999997,0.8226013097598406,0.8101778615863183,0.55665906168052,0.5496214184022403,1.0409920446549776,0.9999999999999997,baseline,60
610,610,604,6,0.9901639344262295,80.2168749279714,89.36885664879512,138.30200193070584,59.91389233069889,607.8765211575119,0.5155935580706237,0.7098642250419658,0.938175197216423,0.9999999999999997,0.7753665189808487,0.8437494642439202,0.5113255216165218,0.5592065294379066,0.938175197216423,0.9999999999999997,baseline,61
655,655,631,24,0.9633587786259542,80.74114597137545,83.71558248410008,149.76526645083277,60.86932021562618,628.2046632149204,0.5478812438907976,0.7548231344923342,0.9899702737011747,1.0000000000000007,0.8023310710310216,0.8208112193872249,0.5486110122792944,0.5583427240271394,0.9899702737011747,1.0000000000000007,baseline,62
626,626,616,10,0.9840255591054313,78.85136917433165,89.44834574571678,129.94732998321797,58.5292627946832,623.7785418086925,0.5251560343567405,0.7305047579073918,0.9414795535359135,1.0000000000000002,0.7873040959465459,0.850289064179363,0.5233487619997119,0.5437033026116501,0.9414795535359135,1.0000000000000002,baseline,63
622,622,594,28,0.954983922829582,81.59730911893625,94.27162093279932,142.3279466891807,61.1020785436086,638.2737216913846,0.5147910901791004,0.6965766967580572,0.9870785968990546,0.9999999999999999,0.7798859549765704,0.7649315054676479,0.5277038448063669,0.5165117519102875,0.9870785968990546,0.9999999999999999,baseline,64
622,622,607,15,0.9758842443729904,79.1339220673632,80.19894325355142,149.69211810603974,59.18966877859718,615.3198736261563,0.5205050695800805,0.7336426328477677,0.9557830486671524,0.9999999999999996,0.7658744307013389,0.7870643607619429,0.5106658279298314,0.5074081116630852,0.9557830486671524,0.9999999999999996,baseline,65
673,673,605,68,0.8989598811292719,105.99367569509617,108.96368952726465,194.86103554388802,85.50353250293269,671.8191450141068,0.5579784595370872,0.799846189596233,1.0490741825547734,0.9999999999999999,0.835778328489506,0.7900766503675686,0.5692787344518863,0.5277325513848248,1.0490741825547734,0.9999999999999999,baseline,66
642,642,632,10,0.9844236760124611,77.06709754274122,82.3274722690278,132.1299974275238,57.24783059300878,619.0032522810181,0.5293436143142409,0.7434075942918058,0.9681474352149225,0.9999999999999997,0.7774572223067712,0.7964174157063677,0.5481033231850844,0.5388867049026022,0.9681474352149225,0.9999999999999997,baseline,67
594,594,594,0,1.0,58.24866461694881,63.34129294033295,90.80311510126967,38.058370454432264,559.013679863603,0.4899632612900243,0.6376066573647975,0.8868334068566424,0.9999999999999996,0.7472243561653888,0.8943947046607107,0.5011959829762255,0.5909211663986285,0.8868334068566424,0.9999999999999996,baseline,68
626,626,626,0,1.0,73.09667999296848,76.04522569771407,124.83318765860605,52.87456267404436,598.6220124183858,0.5226059233479374,0.7180507209504127,0.9367837786969535,0.9999999999999994,0.8043269489130547,0.8562608887895327,0.5234662708644942,0.5567103684620134,0.9367837786969535,0.9999999999999994,baseline,69
632,632,632,0,1.0,60.689556153099794,53.94206097573587,113.15450225311406,41.097626003336245,590.9135113825865,0.514243369331127,0.7054492513196579,0.9164865318791523,1.0,0.7751557161545438,0.8302132388464707,0.5226793332286384,0.5523934218564056,0.9164865318791523,1.0,baseline,70
632,632,632,0,1.0,60.59639496558922,59.05526875414162,109.12488927170295,40.44090459418473,585.013641878971,0.5403546125056516,0.7245057551718226,0.9282098723991716,0.9999999999999997,0.8029916532438448,0.8916401526587853,0.529049656447773,0.579672355556568,0.9282098723991716,0.9999999999999997,baseline,71
646,646,619,27,0.958204334365325,76.66381025958334,80.47002580882798,138.540757285059,56.82725309679931,632.2658324410914,0.5327399617077848,0.7482021462908782,0.9558478858408,0.9986576459596735,0.7939481204408086,0.8306583546011719,0.5394172701338705,0.5574952014540887,0.9558478858408,0.9986576459596735,baseline,72
662,662,633,29,0.9561933534743202,77.37654241536445,81.03561982724219,145.06007855414737,57.08337205363034,638.1458443576698,0.5541949914274238,0.7800069063241339,0.9895977546067898,1.0000000000000004,0.807575204630013,0.8439845542167086,0.5420939505127905,0.5667454437641425,0.9895977546067898,1.0000000000000004,baseline,73
644,644,641,3,0.9953416149068323,79.65935622717055,82.30711010520554,135.75603304164792,59.55370153411107,616.1529247778994,0.5430580838037344,0.7477870802905209,0.953353472518246,1.0000000000000002,0.8040624910644347,0.8294477189475755,0.5306310827677316,0.5624121877659419,0.953353472518246,1.0000000000000002,baseline,74
598,598,598,0,1.0,72.12453740398655,76.54780990338111,119.61832870658924,51.90673964782251,588.2491606277576,0.5027826041143133,0.7083490204155243,0.9064300926289476,0.9999999999999997,0.7580483054438227,0.8176614723335226,0.5023332679756317,0.5507349477631569,0.9064300926289476,0.9999999999999997,baseline,75
630,630,591,39,0.9380952380952381,87.00868294222448,88.2785662066475,156.75083793789236,66.25242874736404,633.1979614894037,0.531870840155512,0.7625520648931239,0.9725670544773364,0.9999999999999997,0.7830496322017525,0.808705374417498,0.5222051306055931,0.5533249017874482,0.9725670544773364,0.9999999999999997,baseline,76
658,658,621,37,0.9437689969604863,83.72040653702587,87.72100512019935,155.37385806326415,63.96313034931277,637.8966055642175,0.5475131147496004,0.783596290590126,0.9857793893520224,0.9999515666234423,0.8064878488534541,0.8448297374922593,0.5501785278389971,0.5531033302537389,0.9857793893520224,0.9999515666234423,baseline,77
690,690,620,70,0.8985507246376812,105.3880986519136,109.3602479741092,180.91582878873317,85.16283578082636,671.8694093481181,0.5814027826831234,0.7778021898818988,1.0600085823722412,1.0000000000000007,0.8651676654683779,0.8284006253231175,0.5683787570649516,0.5350832528036531,1.0600085823722412,1.0000000000000007,baseline,78
597,597,597,0,1.0,60.14940090306548,58.992191770514296,107.50166464273087,40.13338614514553,588.2756007331952,0.4830868020878936,0.6744280778293288,0.9159078447189642,1.0,0.7523840907367886,0.8361429131884209,0.4892044901536768,0.5463009482145018,0.9159078447189642,1.0,baseline,79
629,629,595,34,0.9459459459459459,88.56827822193205,90.63932598622623,156.32881845904961,68.64929502161971,633.5377643215979,0.5120938258477393,0.7242432969253494,0.9953989629777024,0.9999999999999996,0.777221733400042,0.7349840068129584,0.5263758244665798,0.5153185593529518,0.9953989629777024,0.9999999999999996,baseline,80
655,655,654,1,0.9984732824427481,70.26978974918467,70.73785237368853,124.79428320807511,50.59655625775401,602.1641614213776,0.5384787693767873,0.7356214311498442,0.9283306901379534,0.9999999999999999,0.818056512752297,0.827643983493111,0.5499888229410359,0.5695617365153809,0.9283306901379534,0.9999999999999999,baseline,81
671,671,633,38,0.9433681073025335,90.13395883897438,93.3335714146204,163.86280318049552,69.4569644677629,630.4784475525463,0.5514337085007742,0.7740202911842489,1.0038635439678212,1.0000000000000002,0.8564319139558052,0.7838576147296273,0.5591456939804007,0.5291604753463008,1.0038635439678212,1.0000000000000002,baseline,82
665,665,635,30,0.9548872180451128,86.93960580943693,89.93048418873903,154.37417586502238,66.91200277890876,635.4378903377869,0.5497615948985448,0.7394754244285415,1.0042863236585327,0.9999999999999988,0.8077598862319597,0.7772750698627013,0.5685055894939259,0.565412272415357,1.0042863236585327,0.9999999999999988,baseline,83
618,618,618,0,1.0,61.061091656230204,57.155529278307625,102.09426597035718,40.838740256412166,576.8163798973868,0.5084737181255606,0.6839277280320466,0.9102779015013627,0.9999999999999996,0.7681994140645154,0.8637643955598734,0.5173482866226353,0.5715490577235637,0.9102779015013627,0.9999999999999996,baseline,84
651,651,609,42,0.9354838709677419,96.70833882651306,98.55705893573256,169.64081465783204,76.19701684090462,650.4788846909006,0.5465747627580273,0.7496000534899385,1.0222394055903457,0.9999999999999991,0.8075228447425288,0.7513833952671775,0.5474584182912403,0.5263554411206085,1.0222394055903457,0.9999999999999991,baseline,85
650,650,641,9,0.9861538461538462,80.54365067243462,78.19898652889972,155.64593721197372,60.54586619137924,626.0275390950835,0.5448226554668741,0.7692598354524808,0.9731533807347039,1.0000000000000002,0.7930514393388886,0.7784539403064111,0.5488624018559414,0.5498943760901919,0.9731533807347039,1.0000000000000002,baseline,86
594,594,594,0,1.0,71.28223271825213,81.15131524105115,121.24709904263278,51.2544106681418,597.4883584536947,0.48897595631789925,0.6913107845366272,0.9133097061571663,0.999944075804234,0.7308959194121805,0.771611872202558,0.5026295510151244,0.5241137434694925,0.9133097061571663,0.999944075804234,baseline,87
579,579,579,0,1.0,60.31377159934055,73.12469464376795,90.45567250561248,39.81678867179512,557.9642683407371,0.48566233219858324,0.6810596589677999,0.8688266770071206,1.0000000000000009,0.7400122700736673,0.9142602506371283,0.483147086030583,0.5888090218655052,0.8688266770071206,1.0000000000000009,baseline,88
631,631,612,19,0.9698890649762282,77.66370026756964,75.38988436971289,146.43691870830315,57.63020978925567,639.927011003294,0.5283215625662255,0.7264259794739956,0.9650971088979374,1.0,0.7889518456254915,0.7575118342522188,0.5226862512801452,0.5192848323293353,0.9650971088979374,1.0,baseline,89
634,634,634,0,1.0,67.66279017270388,60.70966993018243,124.91958428448709,47.76068898805349,597.3399062859042,0.5176996385601934,0.7190017342232125,0.9654228962680469,1.0,0.7897634222937517,0.8365674679020175,0.5363545043958081,0.5389191604299006,0.9654228962680469,1.0,baseline,90
657,657,609,48,0.9269406392694064,87.54521179341737,86.64975320725299,168.3713465840308,66.94608295610462,659.0290481190356,0.5439233577357575,0.7880989714666599,1.0220853451495384,0.9999999999999999,0.855750619796047,0.8647514246968098,0.5466236161831924,0.56027068453696,1.0220853451495384,0.9999999999999999,baseline,91
618,618,617,1,0.9983818770226537,76.76478341300609,77.99124136119062,127.46612552564773,55.9331604237167,610.2590422685499,0.5229673372418057,0.7019817166479089,0.935244215995683,1.0000000000000002,0.7846744570683485,0.8830659088003502,0.5043616740839149,0.5428097531235941,0.935244215995683,1.0000000000000002,baseline,92
642,642,642,0,1.0,70.30154074488198,78.10680017125264,115.78112866523264,50.325061154359226,588.0178645518786,0.526502791589364,0.7437030080849537,0.9199865913964467,1.0000000000000007,0.8119249230571954,0.9031306111053792,0.5403803481316928,0.6071132196855075,0.9199865913964467,1.0000000000000007,baseline,93
664,664,644,20,0.9698795180722891,77.4082561695654,74.42026759006797,141.23725729953134,57.15473010754558,621.0135634796222,0.5463061110422274,0.7694770554319559,0.9622267957324555,1.0000000000000007,0.8314737354630698,0.8634525835001322,0.5472918446466465,0.5730686232596689,0.9622267957324555,1.0000000000000007,baseline,94
661,661,661,0,1.0,73.22915578932526,84.78828023280425,119.2135595882429,53.58306229512724,597.228997600294,0.5399055742287948,0.7144662356496271,0.9481049700991168,0.9999999999999994,0.8224782951838141,0.8591680854176912,0.5503400526427565,0.573248735339859,0.9481049700991168,0.9999999999999994,baseline,95
640,640,638,2,0.996875,78.55282818963374,91.02480329957939,125.63830997254797,57.80269128775278,602.0689275301305,0.5197580395816177,0.6931475991212096,0.9327665484009826,1.0,0.8237370027335871,0.8900544351453636,0.5217481476745006,0.5618925455195416,0.9327665484009826,1.0,baseline,96
596,596,596,0,1.0,53.892652440967005,46.85354127312661,103.40600461748465,33.239747558480374,577.788776494341,0.4944943971318342,0.6879597644304599,0.900217009453748,0.9989743166961182,0.7474676926331244,0.8640387335461739,0.5028948739457976,0.5730669533861465,0.900217009453748,0.9989743166961182,baseline,97
653,653,608,45,0.9310872894333844,99.97961282368506,111.72291658295947,164.34187741056667,77.34222079161252,656.9547866587777,0.5461111573770234,0.7811967445156085,0.9998554051183882,0.9999999999999997,0.8118479536273803,0.7969877865433883,0.5333864098634199,0.5267643782622136,0.9998554051183882,0.9999999999999997,baseline,98
623,623,622,1,0.9983948635634029,78.6498483550054,93.78255020639011,133.4308887681113,58.93734159017131,600.8432472835117,0.5157984508572582,0.665000289756872,0.9355992805788604,1.0,0.7651913010436204,0.7963460977159278,0.5286404449276833,0.5562501574248314,0.9355992805788604,1.0,baseline,99
650,650,650,0,1.0,68.32497252817764,72.436146743005,122.99415622851882,47.97546357000081,590.1477829598215,0.5438958330368546,0.7560229531162962,0.922089891474509,0.9997159617247172,0.8085213206138029,0.8511569755775904,0.536066566189551,0.5614971855171659,0.922089891474509,0.9997159617247172,baseline,100
621,621,621,0,1.0,71.12379444343351,76.6987947679068,127.84094189871496,51.322561436307694,593.0215827528217,0.5087264535051361,0.7310189328094427,0.9206257372772467,1.0000000000000009,0.7629898208858074,0.8125998533551053,0.5174733114557437,0.5522730648712368,0.9206257372772467,1.0000000000000009,baseline,101
612,612,596,16,0.9738562091503268,93.56307627604528,99.14901918988446,147.7360806690681,73.35997502414563,617.1801576270849,0.5037004703075062,0.6627106212148568,0.9618447219215075,0.9999999999999997,0.7651579326601655,0.8122581256873952,0.5130845296237758,0.5728049579729857,0.9618447219215075,0.9999999999999997,baseline,102
566,566,566,0,1.0,41.073146710316365,43.47406230490168,68.63931851440447,21.633479186647673,541.2448917735643,0.4834509902403779,0.6838118750839078,0.8041152579851969,0.9887982416178944,0.7100629086481411,0.8743061487741568,0.46935840318508976,0.5802641818793078,0.8041152579851969,0.9887982416178944,baseline,103
656,656,585,71,0.8917682926829268,106.46400902238521,108.34762535685181,194.0728724587512,85.50197960593943,677.1442472949605,0.5464313579186316,0.7866076371379106,1.0432927194724717,1.0000000000000002,0.8178509091170584,0.762529382377439,0.539162948252626,0.5128720438669667,1.0432927194724717,1.0000000000000002,baseline,104
642,642,622,20,0.9688473520249221,84.68933528907384,93.43173103032905,146.39255724281952,64.55526985068931,616.4071838395813,0.5420596082113155,0.7381345906146205,0.9655595182993855,1.0000000000000002,0.7968907701274802,0.8474370739464399,0.5318735069739552,0.5480259797703035,0.9655595182993855,1.0000000000000002,baseline,105
618,618,603,15,0.9757281553398058,75.86482891383288,73.04429043396505,140.53058490059487,56.12318819854136,616.6343587556889,0.5117825141483147,0.724797242239167,0.9391102384165199,0.9999999999999994,0.7759579955071225,0.8253898615299671,0.5055092866414124,0.5357854590389081,0.9391102384165199,0.9999999999999994,baseline,106
641,641,602,39,0.9391575663026521,79.71997627309663,81.55465163582784,158.3769152435051,58.945704580603945,646.4258634259585,0.5464136932046407,0.7795036484735093,1.008622127687629,1.0000000000000002,0.7880186501506814,0.8073338086300057,0.5386786333071375,0.5548068621557793,1.008622127687629,1.0000000000000002,baseline,107
576,576,576,0,1.0,45.33154245061277,53.13869040823266,73.10393923696586,25.478551356488524,547.3838252268148,0.48308005201656234,0.6636432550319681,0.8398720036115871,0.9967867020611298,0.7230659879572793,0.86630439733717,0.4814389080102525,0.5624090869822488,0.8398720036115871,0.9967867020611298,baseline,108
630,630,621,9,0.9857142857142858,79.23754542306615,79.87452266741826,138.44982954092296,59.18696511117367,625.6080290881002,0.5271612623103212,0.7275603843823302,0.9709274375673614,0.9999999999999994,0.7744951786459194,0.7927821756047343,0.5174948083403902,0.518286923165519,0.9709274375673614,0.9999999999999994,baseline,109
621,621,621,0,1.0,58.775346480810974,64.17631701234961,99.55770952072396,38.72123741800853,573.9538194246136,0.5079785795529771,0.6576609196244603,0.9002999496696202,1.0000000000000007,0.7692324671076043,0.8688500710190782,0.5162770993971689,0.5858141277016846,0.9002999496696202,1.0000000000000007,baseline,110
614,614,614,0,1.0,64.48370962060592,64.81727918180857,109.54969262810272,44.329576990946315,582.1967428404872,0.524944844393913,0.7084821490938462,0.901746572251522,1.0000000000000002,0.7680146525941602,0.8216380450862755,0.5070269306595073,0.5546623124775959,0.901746572251522,1.0000000000000002,baseline,111
630,630,629,1,0.9984126984126984,76.77411341344842,82.22588471761782,129.22805735858378,56.68066558096788,600.1034595159707,0.5195609161828225,0.7397160060482386,0.9311017079574044,1.0000000000000007,0.7774504856798985,0.8371107485986264,0.5335321825585198,0.5610367161447471,0.9311017079574044,1.0000000000000007,baseline,112
600,600,600,0,1.0,57.9595618720032,60.68936144226157,95.17480687482413,37.92980247953704,570.8497721416888,0.4935911497404885,0.6530193362438506,0.9032364896075917,1.0000000000000007,0.7664469986875132,0.8623924452909523,0.5036691239601511,0.562185202640132,0.9032364896075917,1.0000000000000007,baseline,113
619,619,618,1,0.9983844911147012,75.76567525434571,74.13510337119152,128.29373745397464,55.65180222152615,611.798480676691,0.5125127114640914,0.714049995336727,0.9163688730109525,1.0000000000000007,0.7942474495610499,0.8553788943417623,0.5115881840764542,0.559761593402494,0.9163688730109525,1.0000000000000007,baseline,114
603,603,598,5,0.9917081260364843,77.33541426446048,79.71799469274268,136.30641379330496,57.356230162599914,604.4764174174547,0.49800828017909526,0.6766357267966743,0.9368833765430677,1.0,0.7365600174897088,0.736572432536965,0.49634358012889085,0.5113256779164533,0.9368833765430677,1.0,baseline,115
610,610,610,0,1.0,63.39471908735738,64.74816300788743,106.53521212171802,43.540802192326126,593.5307314488475,0.5064174651308938,0.6857661052640871,0.9179335716443245,1.0,0.7678042996526159,0.86563099508069,0.5051316965099728,0.5834975921842271,0.9179335716443245,1.0,baseline,116
600,600,600,0,1.0,63.7285308173781,65.06223854011074,108.6111527831543,43.72111852483644,591.0063163686212,0.5026008933852121,0.6816461782377535,0.9101560647695411,1.0000000000000004,0.7585266521248581,0.8303538203260679,0.5019952483960765,0.5478568709653747,0.9101560647695411,1.0000000000000004,baseline,117
622,622,622,0,1.0,67.06865689069234,65.83890128247333,120.24531972834916,47.28968117332957,596.2835992084603,0.5137425660580689,0.7180852715018802,0.9013249787757609,0.999476013388311,0.7912685403248298,0.855789048259663,0.5208197812053593,0.5698462875217718,0.9013249787757609,0.999476013388311,baseline,118
685,685,625,60,0.9124087591240876,98.49154598002184,102.090852244345,171.9284836643552,78.3604843544646,656.1456655442533,0.5706864076908914,0.7883701609148402,1.0464005818220996,1.0000000000000007,0.8616221324772783,0.8388646754613841,0.5664076174253618,0.5501062553535881,1.0464005818220996,1.0000000000000007,baseline,119
647,647,620,27,0.9582689335394127,90.06729243480693,97.08029489689207,144.6647689955975,70.3400105814616,628.5908725703972,0.5412089640035804,0.7220513826277162,0.9667320703037922,0.9999999999999991,0.7819386599522818,0.8181697204027877,0.5379436246340729,0.5508426204124792,0.9667320703037922,0.9999999999999991,baseline,120
639,639,607,32,0.9499217527386542,82.25309703766621,78.63677982074279,153.56573131370294,62.17329021098169,635.4169845655018,0.5210801962898355,0.7342250480523707,0.9897966365834643,0.9999999999999997,0.8076163054210005,0.8061300900967339,0.5411557111091183,0.5405118783059493,0.9897966365834643,0.9999999999999997,baseline,121
593,593,593,0,1.0,65.15887288350973,72.68856748902891,97.85124326241834,45.535984705733654,571.9077182135469,0.5010069352712663,0.6798218495133499,0.8660583604625341,1.0000000000000007,0.7406328789838231,0.8600134601227519,0.5020440127591865,0.6017959845001357,0.8660583604625341,1.0000000000000007,baseline,122
627,627,586,41,0.9346092503987241,82.12427457597443,79.59947289425298,154.98837727248025,61.89915867300442,634.0231705798091,0.5085153118510644,0.7124206102505585,0.9768241627700551,1.0000000000000002,0.7982292395604466,0.8197821544267478,0.5324857711875656,0.5411715864528436,0.9768241627700551,1.0000000000000002,baseline,123
605,605,605,0,1.0,66.71007416024175,71.9387677682268,111.2271288879532,46.53940560762092,588.2945850633303,0.5064432261561748,0.6882015110440844,0.9094318420963851,0.9999999999999992,0.7578283437512395,0.8296995279971656,0.5068823782504694,0.5587991666456069,0.9094318420963851,0.9999999999999992,baseline,124
647,647,636,11,0.9829984544049459,81.3539857802671,81.09383477408554,135.8472332584672,61.07547818370316,614.6110062950185,0.5404292205671919,0.7261101248442986,0.9531123466575512,0.9999999999999991,0.8092733916856171,0.8824867989692867,0.5525664418823608,0.595642244351666,0.9531123466575512,0.9999999999999991,baseline,125
640,640,607,33,0.9484375,85.19060705998818,85.86737365355594,155.32408214755714,65.36511918772507,632.3411840423009,0.5329606054205553,0.742882585537106,0.9828155026293323,0.9999999999999999,0.8078983533516342,0.7830492534667067,0.5280452986300719,0.5199366397623365,0.9828155026293323,0.9999999999999999,baseline,126
648,648,645,3,0.9953703703703703,76.77621145810765,79.7566023087567,135.37512830555085,56.935996585925174,601.9945942578019,0.5477617286082739,0.7557754044207725,0.9345173349785842,1.0,0.8053998326895931,0.8360890258237103,0.5442496816842818,0.5708461684937808,0.9345173349785842,1.0,baseline,127
617,617,614,3,0.9951377633711507,73.95284232664697,74.9289181543221,128.60701559210457,54.140158334513245,609.6170478948911,0.5116355863095119,0.7273140735644409,0.9303969435065569,1.0,0.7588563423855771,0.7992713049974105,0.509165176247927,0.5415874548797117,0.9303969435065569,1.0,baseline,128
630,630,629,1,0.9984126984126984,69.0951293800993,71.40683879704383,124.7870852263901,48.795966833778145,600.1887368412946,0.534165112365129,0.7671968892998027,0.9202998761935046,0.9981067882800313,0.7944204944704422,0.8789639739272218,0.5204364665448321,0.5728773973572254,0.9202998761935046,0.9981067882800313,baseline,129
602,602,601,1,0.9983388704318937,63.84045374257125,63.73778254550177,111.79044090638001,44.03763951896579,603.0607855138118,0.4962645048596097,0.7115119561760191,0.9217587030272031,0.9999999999999991,0.7412541700832591,0.8398071189555084,0.4997186330291009,0.5598853987880931,0.9217587030272031,0.9999999999999991,baseline,130
627,627,627,0,1.0,64.22799083882707,62.72089060917571,108.17776889461163,43.89339677961687,592.7794303204472,0.5258406343651313,0.7417724425639424,0.9071434823637755,1.0000000000000007,0.805966715890394,0.895934461139695,0.5282855370060976,0.5955177787590894,0.9071434823637755,1.0000000000000007,baseline,131
607,607,607,0,1.0,52.55193925638406,49.91904691171581,91.69188759153008,32.51166461488854,574.0451727430967,0.5102665688564263,0.6906131333349192,0.8881017630251544,0.9999999999999996,0.7678611491625219,0.8662020199043602,0.5086534332076585,0.5800701445397956,0.8881017630251544,0.9999999999999996,baseline,132
598,598,598,0,1.0,66.01127663190482,73.4157178459779,113.31063117771447,45.932718083957354,581.7258368116873,0.5025369471622407,0.70574274996421,0.9065700340618461,0.9999999999999997,0.7466682650991818,0.8505220927724125,0.4954836139424128,0.557651070623935,0.9065700340618461,0.9999999999999997,baseline,133
685,685,619,66,0.9036496350364963,98.90663612225285,99.84652744338379,181.35245653336347,78.70098813223541,659.5302184561775,0.5594228062005666,0.7866750009992998,1.038017812670004,1.0000000000000002,0.8698916779204907,0.8097832458227673,0.5535282083638434,0.5200210134360164,1.038017812670004,1.0000000000000002,baseline,134
623,623,620,3,0.9951845906902087,70.19678223138524,75.2504934123709,123.66546675721406,50.17572647107805,609.841775683756,0.5218768890234287,0.7311458522965815,0.9478321588080018,1.0000000000000007,0.7532119570297251,0.8306589594988393,0.5210291088391955,0.574605488220648,0.9478321588080018,1.0000000000000007,baseline,135
649,649,602,47,0.9275808936825886,100.30202117155694,106.21911747582973,171.9542924490621,79.59739156338632,670.4846646019048,0.5471533286749649,0.733716664121842,1.0281477819684215,1.0,0.8190845703844255,0.7484575818218028,0.5437482238420016,0.5104711158212466,1.0281477819684215,1.0,baseline,136
632,632,619,13,0.9794303797468354,80.39436822995076,88.28678460376258,136.3583316626678,60.031558937701796,627.3495955217406,0.519728838289016,0.7114973409153345,0.9713328518812112,0.9999999999999997,0.8070910356730528,0.7996900310213386,0.5269284518737989,0.5538120276982049,0.9713328518812112,0.9999999999999997,baseline,137
616,616,612,4,0.9935064935064936,86.75189562736416,93.6614226700487,140.5906676770208,66.61818173609132,613.0847382820018,0.5094617516838411,0.6780913280793569,0.9389831543700801,0.9999999999999991,0.7841756748265404,0.8313471262655588,0.5158403128866078,0.5422178948579883,0.9389831543700801,0.9999999999999991,baseline,138
646,646,630,16,0.9752321981424149,77.34984906742923,81.49493032199732,136.56016810568025,57.73504177811428,615.6959577004596,0.538757334929514,0.7246348050101844,0.968538598837512,1.0,0.8005681329416331,0.8008265079971537,0.5359742069127715,0.5340155758190612,0.968538598837512,1.0,baseline,139
645,645,633,12,0.9813953488372092,73.09383823868481,71.11299457034522,135.25479975141025,53.216835691739185,627.5028552063848,0.5414634164608387,0.7595292250166883,0.9534921397182278,0.9999999999999991,0.8124307330079524,0.8644227018945005,0.5449974996751459,0.5700664882522574,0.9534921397182278,0.9999999999999991,baseline,140
600,600,600,0,1.0,54.605922267682296,50.93826269308104,101.68109878472899,35.036402349056154,573.37180301716,0.49036645312195704,0.6773869814531837,0.8856412591704989,1.0000000000000004,0.7458155668555224,0.8551380230370222,0.506460772747002,0.5720662527952904,0.8856412591704989,1.0000000000000004,baseline,141
629,629,613,16,0.9745627980922098,89.76710743933451,105.25942538104971,148.07907300291828,69.85661225294464,620.0448311271643,0.5254435307454719,0.7244233465508839,0.965898789367066,0.9999999999999997,0.7773726896893127,0.788284314476303,0.5237317595747075,0.5286894652176723,0.965898789367066,0.9999999999999997,baseline,142
635,635,633,2,0.9968503937007874,73.14210041137483,74.84589277314012,126.47789393602625,52.8435275236321,602.1797157013548,0.5334019770493772,0.7612850625038401,0.9249779094811031,1.0000000000000004,0.8061463287324816,0.8747963459449211,0.534829379276593,0.5828268376117914,0.9249779094811031,1.0000000000000004,baseline,143
615,615,614,1,0.9983739837398374,71.43327691173324,71.74313566702068,130.08257097060408,51.72096555427076,604.1796500277766,0.5105754650228755,0.6917535518406575,0.9445586459165543,0.9999999999999997,0.7510728574147011,0.7696384423677262,0.512943645735505,0.5281936060226702,0.9445586459165543,0.9999999999999997,baseline,144
603,603,603,0,1.0,67.61913088285415,64.14729985433897,119.20274602653939,47.35352109098887,593.2573227062202,0.5020289277725358,0.7021537936882473,0.8995453549789363,0.9999999999999994,0.7589956744798291,0.8452169499570729,0.5005872712176148,0.5515169439043076,0.8995453549789363,0.9999999999999994,baseline,145
621,621,609,12,0.9806763285024155,77.3800861711094,79.66687927138383,129.96408508146624,57.4754293983211,607.9650508106035,0.5137001258403822,0.7030019006034359,0.9409558598500091,1.0000000000000004,0.7697351308061003,0.81738359789059,0.5258657042800318,0.5701193394216469,0.9409558598500091,1.0000000000000004,baseline,146
626,626,626,0,1.0,61.13602702736021,65.04162822950804,101.66123682507788,40.99645972215333,575.8716612609837,0.5259267512540382,0.7385390384036312,0.8851220313906739,1.0,0.7850909077399576,0.8980288212129144,0.5194619133748657,0.6062207940960394,0.8851220313906739,1.0,baseline,147
611,611,594,17,0.972176759410802,76.45875663582811,78.6367250335633,136.65860624525578,56.03228601194393,613.9286964794399,0.5120332540082353,0.734109214081687,0.9492411938143234,1.0000000000000002,0.7565352360707359,0.7969322300575084,0.5154322646737678,0.5408875921303246,0.9492411938143234,1.0000000000000002,baseline,148
634,634,632,2,0.9968454258675079,69.29523848925938,75.83255151365927,110.41741965076187,49.653689747457186,602.9295757256365,0.5222401123649241,0.6948311604037671,0.9201877144791796,1.0000000000000004,0.7926552950149612,0.8958034300615189,0.5231697214217218,0.5723146939544979,0.9201877144791796,1.0000000000000004,baseline,149
607,607,607,0,1.0,67.45110155391683,73.24312977162046,112.44193652119748,47.44436525893553,582.9687632852769,0.5179831779943491,0.758077398065258,0.8800552678350746,0.9980610449304117,0.7631069335742676,0.8447851722812308,0.49584963309607655,0.573404743811039,0.8800552678350746,0.9980610449304117,baseline,150
608,608,608,0,1.0,65.76991670280493,78.84162197711771,103.61783337657403,45.77927308848232,575.4382737057089,0.5084592914205881,0.686398961299714,0.8909236138724758,1.000000000000001,0.7733235345667822,0.8272469079718086,0.5054445143434255,0.5498315492925111,0.8909236138724758,1.000000000000001,baseline,151
603,603,602,1,0.9983416252072969,72.98886365630592,78.51928952362803,121.1717832120703,53.12893004923166,600.4456530643225,0.5033265400237542,0.6360643844107153,0.9319734433055867,1.0,0.752496723177484,0.7857549996190843,0.4979906527003531,0.5216162329923291,0.9319734433055867,1.0,baseline,152
653,653,631,22,0.9663093415007658,77.63518107932164,79.59463497385374,148.40490027035065,57.538083590633455,629.8967726379163,0.5531962019001262,0.767340631723514,0.966900018160244,0.9999999999999992,0.8028785495866068,0.8654937824481289,0.5579490662208445,0.5868854648499235,0.966900018160244,0.9999999999999992,baseline,153
631,631,631,0,1.0,70.39378291404311,69.6726067435267,130.69303651103525,50.635137111820576,598.5086242734667,0.5187501258816766,0.7310219173014998,0.9237562540041951,0.9999999999999999,0.7795510187075371,0.8464309038557094,0.5295077699118873,0.5712303999108378,0.9237562540041951,0.9999999999999999,baseline,154
616,616,616,0,1.0,67.58262802255935,70.68733151849676,105.15802823629133,47.64877235974439,571.1627952739758,0.5306344061681865,0.7145514289479501,0.9126040467127482,0.9999999999999989,0.7415272042098232,0.8557029759472307,0.5153741283902494,0.5867649352450494,0.9126040467127482,0.9999999999999989,baseline,155
609,609,609,0,1.0,57.71429382314291,44.70667677598013,108.89004098814962,37.693397550104756,587.6611404009748,0.5227942093495452,0.7383512690001302,0.9157152251736546,0.9998167784052515,0.768009291386815,0.8217179271373463,0.5144094095500775,0.5704295897961306,0.9157152251736546,0.9998167784052515,baseline,156
665,665,633,32,0.9518796992481203,79.54753026728655,73.1961050538867,148.58670950692164,59.25508620490002,658.9621864191083,0.5455036229469685,0.7567109456494703,0.9935056114141224,1.0,0.8278448606072135,0.8566087880262071,0.5553473280108163,0.5562407832542445,0.9935056114141224,1.0,baseline,157
639,639,620,19,0.9702660406885759,78.17539424847963,78.1943387619651,136.58858356688768,57.62967894028206,631.7517085881838,0.5400820401690563,0.771314032679229,0.9736852933487965,0.9999999999999992,0.8072821884286496,0.8830385282582363,0.5407545074366075,0.5884575273478935,0.9736852933487965,0.9999999999999992,baseline,158
629,629,629,0,1.0,54.397844314093255,44.35395317589939,101.94336216840327,34.220236519983594,569.829133244685,0.5221092171030308,0.7183037283402747,0.9034169957716486,1.000000000000001,0.7790014321293602,0.8682766334981135,0.529075128594547,0.601785687108223,0.9034169957716486,1.000000000000001,baseline,159
617,617,617,0,1.0,63.76733153239503,66.25015498346409,112.51638813022913,43.867405922921535,584.2440190885904,0.5185436440439932,0.7080040742303331,0.9263366358834894,0.9999999999999999,0.7640371611364042,0.8071644765261715,0.5096447973939059,0.5421685441335655,0.9263366358834894,0.9999999999999999,baseline,160
593,593,593,0,1.0,55.64557605392273,64.4006772331754,84.00796491435159,35.80002985019977,559.341328331153,0.5039812253597064,0.6683393575590402,0.8802469024028451,1.0000000000000002,0.7368256232764672,0.8544999415095789,0.4975474738453639,0.5971072812370384,0.8802469024028451,1.0000000000000002,baseline,161
640,640,640,0,1.0,64.66497191167264,67.06992758696947,109.96413179605088,44.92905006479824,588.9494658789318,0.525028384923961,0.68024763189401,0.9379431903771452,0.9999999999999997,0.8030095025432877,0.8431616336650833,0.5370675267665427,0.5747971946992728,0.9379431903771452,0.9999999999999997,baseline,162
601,601,601,0,1.0,67.13740158264224,67.10985249784915,115.63646826573677,47.29466149130341,597.2029777410766,0.5008306151624494,0.6926382864174743,0.9061872666196923,1.000000000000001,0.7566908452802078,0.850194442353851,0.4948684322557169,0.5605780396251363,0.9061872666196923,1.000000000000001,baseline,163
638,638,638,0,1.0,63.1746872716996,65.84897397861297,105.02425346514298,43.24385272243032,590.1782248156682,0.541371310975977,0.7247364512455828,0.919475454742983,0.9999999999999997,0.7997714205972364,0.8886818062089838,0.531473234436927,0.5701863944947118,0.919475454742983,0.9999999999999997,baseline,164
631,631,631,0,1.0,67.85723846164603,71.50438966432418,117.01100394110898,48.16553981257475,594.6941581918403,0.5319988365139383,0.7093810692356258,0.9304345427904435,1.0,0.7885412720569954,0.854059273796774,0.5291652293947268,0.5930230436324456,0.9304345427904435,1.0,baseline,165
652,652,628,24,0.9631901840490797,90.9382466429581,104.41851821210071,148.08005567508536,70.52257982238838,620.9747224628488,0.5388197560148956,0.6959240968766052,0.9995614304743806,1.0,0.8407631714604611,0.7954697456164507,0.5441190144559261,0.5312625117828917,0.9995614304743806,1.0,baseline,166
616,616,612,4,0.9935064935064936,66.57436023774513,60.03442405814195,128.0859329618017,46.87630772889422,612.0487044367969,0.5085355465442861,0.714638692307208,0.9448362737939933,0.9999999999999999,0.7603443998488063,0.8211694471667729,0.5137430063337556,0.566145781819469,0.9448362737939933,0.9999999999999999,baseline,167
618,618,601,17,0.9724919093851133,67.51965866434975,58.25484118002058,136.28456613637564,47.606469804230024,619.5001608485146,0.5062090541601298,0.7214520566771843,0.9361577110127038,1.0000000000000002,0.763531132433488,0.8139925329452994,0.520873292718534,0.5616269382749232,0.9361577110127038,1.0000000000000002,baseline,168
646,646,635,11,0.9829721362229102,79.00140055212586,79.34369471283122,132.5000743440964,59.26514321978433,615.7257276784298,0.5322997597800422,0.7369313424864007,0.9536798982187947,0.9999999999999994,0.8042038941642073,0.8560793009948516,0.5275788841978576,0.5590797804309664,0.9536798982187947,0.9999999999999994,baseline,169
661,661,641,20,0.9697428139183056,82.9769156353037,84.7503287528067,149.328499932189,62.34734301410633,620.0787720133573,0.545897363770551,0.8040061454811841,0.9564940895551403,1.0,0.8450614784771806,0.8789649752404081,0.5474688566535765,0.5530014851085238,0.9564940895551403,1.0,baseline,170
603,603,603,0,1.0,53.43172759202276,50.7054925200398,89.02023382082137,33.592648681693476,563.6753388524753,0.4929522702314222,0.6574131198145806,0.8901573524765961,0.9999999999999991,0.7459246058678719,0.8464197815179219,0.5086583815876713,0.5861623457950028,0.8901573524765961,0.9999999999999991,baseline,171
654,654,646,8,0.9877675840978594,70.34558846466858,64.47018200843334,138.15795313691137,49.90795348176766,613.200406457335,0.539268306654106,0.784575809234821,0.951108380298561,0.9990969528978285,0.826249555631078,0.8846181132101905,0.5443980097413204,0.5917108658213428,0.951108380298561,0.9990969528978285,baseline,172
623,623,622,1,0.9983948635634029,70.55165584405364,72.43830066008624,121.63688280646755,50.305397507660786,606.771851622406,0.5254053140985459,0.706316472913093,0.9582558807572922,1.0000000000000002,0.7974154075668922,0.844997557873271,0.5173123096569526,0.5482030245766961,0.9582558807572922,1.0000000000000002,baseline,173
594,594,591,3,0.9949494949494949,77.70025473266796,82.2322271505287,133.59647673615973,57.24364221890172,606.7323962145738,0.5030309783974803,0.7387472836022577,0.914437912623239,1.0000000000000004,0.7360343993480822,0.7908635659519125,0.49997658297529035,0.5335522169320311,0.914437912623239,1.0000000000000004,baseline,174
617,617,615,2,0.9967585089141004,66.08743022262713,69.88002657294655,116.14080188218082,46.05821148870412,607.1885470894264,0.5237125523014746,0.7057699377181063,0.9472982956218824,0.9999999999999991,0.7725761893253864,0.8234603979360489,0.5091984612906488,0.5681166602691713,0.9472982956218824,0.9999999999999991,baseline,175
699,699,650,49,0.9298998569384835,86.47232522285583,83.01771731510115,159.3747994035657,66.49243133237239,652.3693025211813,0.5787054191477605,0.7789766549419121,1.0395510048023773,0.9999999999999999,0.8528463609447526,0.8257217349116648,0.5774983984717693,0.5580967436722575,1.0395510048023773,0.9999999999999999,baseline,176
601,601,601,0,1.0,63.22927981580997,62.5896426991348,109.21338563089336,43.54042787993955,596.4583169298174,0.49756523269570785,0.6764574442928423,0.8966985073736049,0.9999999999999997,0.746813015239256,0.8397410576352081,0.49946817799775667,0.5658540273299579,0.8966985073736049,0.9999999999999997,baseline,177
616,616,616,0,1.0,62.14833691901684,62.26615011997714,112.46101950302096,41.67537477057369,597.5501886916958,0.5110545947025418,0.7182853595030085,0.9285846253537656,1.0000000000000007,0.775494449145959,0.8586555974218468,0.5135028718289991,0.5672523576913073,0.9285846253537656,1.0000000000000007,baseline,178
594,594,594,0,1.0,51.859769573611935,48.46901764706956,93.27667554775883,32.33523719727485,569.4715751576258,0.4917494206314116,0.6917040150319741,0.8663654664765672,0.9971769242303031,0.7283468204354607,0.8366688018916983,0.5010432641288851,0.5632545505455386,0.8663654664765672,0.9971769242303031,baseline,179
653,653,621,32,0.9509954058192955,90.4429666122673,100.02741512438573,163.91426293577257,69.63578171356325,646.3127486377846,0.5417755199644284,0.7546707295033225,1.0123821803125903,0.9999999999999999,0.8257665519074728,0.8350516600764162,0.5422689365623161,0.5634794465835202,1.0123821803125903,0.9999999999999999,baseline,180
626,626,618,8,0.987220447284345,75.36925951183646,73.26970212583714,131.08583475471136,55.28478000122932,612.0133780472088,0.5115933272788151,0.6917659581100376,0.9613031870586681,0.9999999999999999,0.7869743942041614,0.8394941941908642,0.5252509658834195,0.5503175571791392,0.9613031870586681,0.9999999999999999,baseline,181
639,639,602,37,0.9420970266040689,93.58522911366211,100.30909114563804,160.87355533224547,73.37262219755587,629.0023212913248,0.539974297035708,0.7375102721373881,0.9853902676906204,1.0000000000000002,0.7792190500475712,0.7408035781912027,0.5415518327807882,0.5117725028614036,0.9853902676906204,1.0000000000000002,baseline,182
620,620,607,13,0.9790322580645161,76.899356815946,74.806751832012,138.05138491923265,56.613999501602805,625.7822176728964,0.5124455892790296,0.6923547631466899,0.9633103374289946,1.0000000000000002,0.7886614190494351,0.8196630943198572,0.5132569482996953,0.5359101748990477,0.9633103374289946,1.0000000000000002,baseline,183
659,659,633,26,0.960546282245827,80.45816667631524,84.07578579217324,142.40125259857155,60.412954852089875,635.2563361602045,0.5553591601957141,0.7533251248704744,1.0008369292376267,0.9999999999999997,0.8041842961368985,0.8201922835132106,0.5504380429704199,0.5559610954916213,1.0008369292376267,0.9999999999999997,baseline,184
615,615,615,0,1.0,59.02460939422573,65.60033029893265,98.67610598747075,39.40750485043739,582.0191804389492,0.5153166677179043,0.6902407945205987,0.8885376511294022,0.9999999999999999,0.7742003504813789,0.8400047100904985,0.5088336215125834,0.5534826977541231,0.8885376511294022,0.9999999999999999,baseline,185
662,662,629,33,0.9501510574018127,82.80828354964338,86.98810792181564,148.71189318375878,62.76262701609173,640.2669169052222,0.549547075568986,0.7566637235679036,1.0055280073167034,0.9999999999999992,0.8340575787231962,0.8474066864698288,0.5538226309770027,0.5448598431630066,1.0055280073167034,0.9999999999999992,baseline,186
638,638,613,25,0.9608150470219435,84.76868127464769,88.94702375141634,147.70230151399124,64.73829232774392,626.0510728929481,0.5323808316841879,0.7335263253017507,0.9991119280029752,1.0,0.7826164428664093,0.7924940614551277,0.5360219782583227,0.5453256121083393,0.9991119280029752,1.0,baseline,187
662,662,619,43,0.9350453172205438,81.31014737284265,73.36686775241384,164.23488404543343,61.28959420762607,645.0125534540589,0.5462298373941307,0.7890352736804008,1.0100957416039333,1.0000000000000002,0.8241299450365009,0.8209950718827397,0.5557267980841677,0.5356778473857922,1.0100957416039333,1.0000000000000002,baseline,188
663,663,608,55,0.9170437405731523,96.15882490618587,106.27835758299943,165.6875727773558,76.12604725253331,647.7360243300177,0.5451506550329366,0.7442686303609568,1.005075557305253,1.0000000000000007,0.8328267904684469,0.8244754913781361,0.5471485332323487,0.5491772662119009,1.005075557305253,1.0000000000000007,baseline,189
631,631,629,2,0.9968304278922345,73.92401480138277,71.61903151393486,130.1043933059667,53.69503743612714,602.1659805229887,0.5316001364193262,0.7265226100730147,0.9456524878542465,0.9999999999999994,0.7956972570734306,0.8349237682205741,0.5222184636299171,0.5649496560345553,0.9456524878542465,0.9999999999999994,baseline,190
639,639,627,12,0.9812206572769953,79.35606079186543,79.65449151972379,137.64519369530558,59.010381811831294,614.0572346033647,0.5408998099053509,0.7298901532091823,0.9829580287259604,0.9999999999999994,0.8048104959328223,0.8261809790653569,0.5319527184977831,0.5457881820559989,0.9829580287259604,0.9999999999999994,baseline,191
603,603,602,1,0.9983416252072969,64.54994106781378,62.53581290415093,119.73949975739185,44.52148862088318,612.5062607417243,0.49623707579294296,0.6778523465418644,0.9253864031910689,1.0000000000000007,0.7546544790337412,0.8216959005510261,0.5070110732644573,0.5529653179303881,0.9253864031910689,1.0000000000000007,baseline,192
601,601,601,0,1.0,60.653961585576795,60.41389474850723,107.60999120602571,40.7173459411836,579.4685657066966,0.5100759935167649,0.7078100719432587,0.912713802767229,0.9999296224840675,0.7364015084456846,0.8067644796624586,0.4980254269340133,0.5474323439559319,0.912713802767229,0.9999296224840675,baseline,193
643,643,641,2,0.9968895800933126,74.2740801924613,77.68777491065853,130.6458417121272,54.17831872674505,600.9736855394909,0.5354880891701703,0.7346934015396512,0.9666464365036564,0.9999999999999996,0.811434375197792,0.8284998261966172,0.5359735799342181,0.5592668347508337,0.9666464365036564,0.9999999999999996,baseline,194
632,632,632,0,1.0,70.07478097090684,81.40069293032181,115.35294881754254,49.723367076737695,599.2507905443572,0.5387775743106222,0.7609245110199704,0.9160052503528211,0.9999999999999994,0.7920308046617254,0.8790619917352701,0.5298229744455463,0.5994350825681282,0.9160052503528211,0.9999999999999994,baseline,195
655,655,616,39,0.9404580152671755,86.99880333611817,87.003495581088,157.68351672544696,64.77041485857055,642.4637125031408,0.5497333888029179,0.7939217533891426,0.9939992898855893,0.9999999999999999,0.8332063178338437,0.836071051685741,0.5497128176221813,0.5626363458104204,0.9939992898855893,0.9999999999999999,baseline,196
672,672,666,6,0.9910714285714286,79.93810475096714,80.8810731429073,135.07744229184044,59.70333506450065,610.0243032348217,0.5610595470112693,0.7796107658819321,0.9414982003237268,0.9999999999999997,0.8406944479794942,0.8588368309559246,0.5616031654012771,0.5891208462795233,0.9414982003237268,0.9999999999999997,baseline,197
648,648,640,8,0.9876543209876543,84.92967607818625,93.35231467343434,129.54196120260093,64.74608391982278,611.0116998886177,0.544490232739483,0.690151554897044,0.9615715589382275,0.9999999999999989,0.810346150417222,0.8751723863093146,0.5423950174723469,0.5809858745194143,0.9615715589382275,0.9999999999999989,baseline,198
569,569,569,0,1.0,66.26384295003018,70.5830187124212,106.11677594165894,46.19158742731974,577.3201416882664,0.47241818393289475,0.6388649180326216,0.8713894582988094,1.0000000000000007,0.7151326034352693,0.801016888017414,0.4782718484675899,0.5394812568269693,0.8713894582988094,1.0000000000000007,baseline,199
628,628,623,5,0.9920382165605095,71.65319673597074,67.71117788628854,132.4415685401334,51.76002244851176,606.6620356024875,0.5264134023232511,0.7405482089695127,0.9519673397536732,0.9999999999999997,0.7681001454954272,0.8199209129823606,0.5179140400528843,0.5509452361726886,0.9519673397536732,0.9999999999999997,baseline,200
572,572,572,0,1.0,58.536627201599046,55.778311102021036,107.53072956900735,38.61919109841608,575.7466611470525,0.4864941314309327,0.6861085016698599,0.8696919012075673,0.9650772706013787,0.7135012970162624,0.760701437528997,0.48144002416989223,0.5201531634665079,0.8696919012075673,0.9650772706013787,baseline,201
675,675,627,48,0.9288888888888889,102.65048357022312,110.38251566504616,171.21658958060073,82.14841089876829,649.8601405280783,0.5538141254227378,0.7538562298363735,1.034106212978016,1.0000000000000009,0.8330383462510526,0.8411855098085381,0.560327261923546,0.5591791244594747,1.034106212978016,1.0000000000000009,baseline,202
621,621,601,20,0.9677938808373591,82.96942136580945,90.0031278695927,145.636808408893,62.69418068664337,618.8386117717181,0.5117626846709087,0.7052358624737598,0.9718145508368631,1.0000000000000002,0.7794372485971356,0.8057024636545795,0.521615728360144,0.5307720398853052,0.9718145508368631,1.0000000000000002,baseline,203
631,631,609,22,0.96513470681458,79.09938076246074,79.79418696947528,144.3358235363055,59.04005539009934,629.5528251079048,0.5282133162317765,0.7285836339563505,0.9881048647689222,0.9999999999999997,0.7756100738690499,0.7662164836068811,0.5249016448699595,0.5233533111782204,0.9881048647689222,0.9999999999999997,baseline,204
643,643,643,0,1.0,75.77241290000038,72.10220734161757,142.6967861905506,55.72387564791482,597.5423819499887,0.540102647540432,0.7975699136989783,0.9031069624049181,1.0000000000000002,0.7988600581927661,0.8855549262647179,0.528883559439969,0.5767430743708816,0.9031069624049181,1.0000000000000002,baseline,205
650,650,645,5,0.9923076923076923,63.471047986996936,57.83481953966216,125.90359003671688,42.72233279253708,608.1490761037409,0.5393142313931076,0.7624837887513066,0.9409227851690295,0.9976467055313697,0.8211294487482541,0.8893645063058184,0.5441503624578182,0.5776604929455437,0.9409227851690295,0.9976467055313697,baseline,206
645,645,617,28,0.9565891472868217,80.62018255431586,80.11272939461509,149.61694534859356,60.26914187055135,638.4676772481998,0.5238426379704918,0.7485289004988827,0.9745624451735408,0.9997686984804187,0.83963587137043,0.8496697885191286,0.5374568563194916,0.5369728169027883,0.9745624451735408,0.9997686984804187,baseline,207
657,657,621,36,0.9452054794520548,85.94927779069762,83.41351192165126,158.10576778985165,65.79555894360415,634.406450123887,0.5477964961865587,0.7837498313176156,0.9938058936156069,0.9999999999999999,0.8132906103473794,0.7740139410617513,0.5457728382282105,0.5271568783922782,0.9938058936156069,0.9999999999999999,baseline,208
610,610,607,3,0.9950819672131147,74.07130964310682,74.31456998196592,131.06943519509565,54.48791648941149,602.773429175437,0.5027061731162449,0.6889238888201745,0.928977373760468,0.9999999999999994,0.7479235192376993,0.8061465510375193,0.507217782526677,0.5344032011245359,0.928977373760468,0.9999999999999994,baseline,209
625,625,606,19,0.9696,81.18084264207924,81.52011189397712,143.2076934209432,61.06988374374085,622.157795471687,0.5291623377876616,0.7259771858639357,0.9702791236887376,1.0000000000000002,0.7858674138099276,0.7946802279542081,0.5158907519460791,0.5332497181470838,0.9702791236887376,1.0000000000000002,baseline,210
630,630,630,0,1.0,67.45549634426156,67.27582988015422,121.12799859816607,46.793589155221795,599.3145983624834,0.5091890145436805,0.7033265295481844,0.9144213438743608,1.0000000000000016,0.8068911255728783,0.8811505928337935,0.5387491917018449,0.5849319914542817,0.9144213438743608,1.0000000000000016,baseline,211
627,627,627,0,1.0,56.31863205304373,49.642622934579975,106.10374039805322,36.736895090682616,576.8870094238732,0.5161837251289051,0.7273832617440857,0.9035269747948618,0.9925547818588869,0.7811827514536581,0.8518525286785699,0.5162473729230458,0.5683065523589057,0.9035269747948618,0.9925547818588869,baseline,212
638,638,626,12,0.9811912225705329,81.77138296330969,87.93318435051401,135.37436511376904,61.598068887594685,622.6040036356732,0.5314391955395209,0.7216950395894252,0.9715534497505102,1.0,0.7969603630410297,0.8109896942283361,0.5331590853288707,0.5343821791067291,0.9715534497505102,1.0,baseline,213
630,630,628,2,0.9968253968253968,71.25788723638104,72.58078503027852,122.27559441632343,51.537161311370326,630.8006982381996,0.5277464418239179,0.7001412786652812,0.952491648557826,1.0000000000000004,0.7793329503070942,0.8130560394444266,0.5237994467267381,0.5587169955630383,0.952491648557826,1.0000000000000004,baseline,214
592,592,592,0,1.0,57.06005603786454,54.80487726395165,96.29836640299163,37.22263306218441,581.6065259529285,0.49630654646753664,0.6535505312224821,0.8954713080988205,1.0000000000000002,0.7434762779744255,0.8160425069504433,0.49152875642556904,0.5347021961956671,0.8954713080988205,1.0000000000000002,baseline,215
632,632,602,30,0.9525316455696202,85.73619246346979,89.60518406327162,156.1317400152205,65.72403714183999,631.7815932518766,0.5265405791893214,0.7270337685323173,0.9746664765276389,0.9999999999999999,0.7943734536849885,0.7699680944168483,0.523548167029236,0.5164126030418523,0.9746664765276389,0.9999999999999999,baseline,216
657,657,657,0,1.0,69.67730762920489,69.38984044620582,121.33436867198407,49.178279681682724,595.5162212076935,0.5625869966391033,0.7853686624893466,0.9441402367739834,0.9999999999999994,0.8232044584518858,0.9000573072935754,0.5456641016818088,0.5753397531876663,0.9441402367739834,0.9999999999999994,baseline,217
608,608,608,0,1.0,68.5672193343218,67.77970192909078,129.43869801737299,48.419956611889305,594.980438100065,0.5073584680773198,0.7244250942107681,0.9240567527760112,0.991928559410744,0.7542356383377272,0.7719786409278605,0.49775939264124647,0.5220083378934505,0.9240567527760112,0.991928559410744,baseline,218
643,643,603,40,0.937791601866252,93.78755759157147,100.39486652322239,163.39723144164634,73.57406541723763,640.4764966709513,0.5420060684891623,0.7660351833519267,0.9936626100059905,0.9999999999999999,0.8150450859570731,0.7645332832937886,0.530793563285705,0.49546013835793307,0.9936626100059905,0.9999999999999999,baseline,219
637,637,637,0,1.0,66.05538503362116,64.26894523270823,119.06465848112941,46.55767030939177,598.3095766034202,0.5277973072731295,0.731256623068917,0.9136610722345485,1.0,0.7817510135279223,0.8291657100740809,0.5262197313172523,0.5653521012838797,0.9136610722345485,1.0,baseline,220
646,646,626,20,0.9690402476780186,76.89333695286197,76.12061357120851,137.14856273870646,56.49481766434866,627.6078541087554,0.546468798884994,0.7248417253753431,0.9935639340935756,0.9999999999999997,0.8137839242767664,0.8474258875400925,0.5326028281165565,0.5618778559051358,0.9935639340935756,0.9999999999999997,baseline,221
661,661,599,62,0.9062027231467473,98.6007843691814,95.63762617763902,187.79311322801857,78.01477700196858,663.5697791537924,0.5468563302412632,0.7621760713477649,1.0504391018822976,1.0000000000000007,0.8184350043448456,0.7817701586688761,0.5556419198697141,0.5380427551201132,1.0504391018822976,1.0000000000000007,baseline,222
646,646,631,15,0.9767801857585139,90.06135237779232,98.03827026388436,146.31082483335848,69.9889074427138,629.7669827222496,0.5413201674112301,0.768367742566741,0.9501656745664007,1.0000000000000002,0.8080228226690103,0.8588777813401561,0.532667100846349,0.5579495307697167,0.9501656745664007,1.0000000000000002,baseline,223
653,653,617,36,0.9448698315467075,84.71187729825884,87.07316198507402,152.65921153547322,64.49015637845014,630.9818658798481,0.5510664186037715,0.7688209028114706,0.9888381416785585,0.9999999999999992,0.8153469479307213,0.8473052616952269,0.5503219860911556,0.562502006491431,0.9888381416785585,0.9999999999999992,baseline,224
612,612,609,3,0.9950980392156863,70.11780002927195,73.15288930546058,123.17033160762224,50.03148750338371,606.8350877901207,0.5090539027446573,0.6939146320586411,0.9515862929613232,0.999459989125741,0.7665088535504115,0.7917293639686308,0.501670938599902,0.5155902575478817,0.9515862929613232,0.999459989125741,baseline,225
617,617,609,8,0.9870340356564019,78.77256235298776,80.90047939666402,132.4484176287787,58.49504205610138,618.6157116892143,0.5051799972607058,0.718017584083634,0.933392364847324,1.0000000000000002,0.7701418933285271,0.8501465889705524,0.5097710368193564,0.5437892126895155,0.933392364847324,1.0000000000000002,baseline,226
641,641,640,1,0.9984399375975039,76.30054209145375,82.04052385053666,122.47852777439005,56.23545490633874,607.144593437489,0.5378110840547625,0.7386326722264647,0.9449607606095017,0.9999999999999997,0.7720791971593495,0.8227841340228077,0.5326360039002854,0.5549711569437725,0.9449607606095017,0.9999999999999997,baseline,227
584,584,584,0,1.0,49.026925505634566,52.59904149158655,79.88921718294682,29.580653317772686,564.9171688225115,0.48568294423640823,0.6564358922062717,0.8492475536506294,1.0000000000000002,0.7268944599591483,0.8519949642974355,0.49002687764881453,0.5862305832650984,0.8492475536506294,1.0000000000000002,baseline,228
625,625,622,3,0.9952,69.92877478727078,65.98263973160158,125.41071621031557,49.83061052095522,610.8188670403783,0.5185169196815971,0.7038188583514009,0.9594047601445267,1.0000000000000002,0.7893775285845257,0.8412214373856871,0.5206573939554023,0.5524978647121255,0.9594047601445267,1.0000000000000002,baseline,229
636,636,626,10,0.9842767295597484,77.78848941481999,78.99446265979475,137.6281927843449,57.9091359136866,617.8104154019906,0.5272130875230262,0.7262389680581424,0.9384433198343052,1.0000000000000002,0.8018814063584409,0.8645877127770768,0.5267737310273676,0.5754091624885115,0.9384433198343052,1.0000000000000002,baseline,230
594,594,594,0,1.0,64.00086774700951,65.53760167492092,111.09465118743731,44.07247413322482,582.2064100778225,0.49956558062566747,0.7105648699527647,0.893373294970371,1.0,0.7349399618844935,0.8086081937442918,0.4947972826740899,0.5496494174541054,0.893373294970371,1.0,baseline,231
624,624,623,1,0.9983974358974359,71.7029072604569,69.39555162321116,129.5963547452323,51.24584728436076,601.3908853049475,0.51596218699452,0.7310480994108557,0.9274173430079534,0.9999999999999991,0.7831320479083658,0.8041126759281731,0.5286202497491745,0.5464603246726841,0.9274173430079534,0.9999999999999991,baseline,232
636,636,635,1,0.9984276729559748,71.23735226696768,72.06881409552534,125.74834478952494,51.18720189793304,602.1110105996631,0.5278887515854569,0.7437501503875585,0.9340385077757956,0.9999999999999988,0.7937413418888948,0.8263843888768957,0.5278799608147678,0.5659114017726021,0.9340385077757956,0.9999999999999988,baseline,233
641,641,617,24,0.9625585023400937,76.13883686676378,75.12754267120997,144.5396768778043,56.643853479704624,634.0545040772397,0.5385426897736734,0.7488183538523804,0.9621574969306882,1.0000000000000002,0.7791254391290785,0.8040411873768741,0.5352081242564121,0.5499218656703713,0.9621574969306882,1.0000000000000002,baseline,234
632,632,632,0,1.0,65.75851854832615,65.92593967648932,114.58547719199993,45.77314261990305,589.0978639014712,0.5288111473302822,0.7252456895410079,0.9019346428989428,0.9999999999999999,0.8012777716707709,0.8630300797086049,0.5312267510981741,0.5703179273457398,0.9019346428989428,0.9999999999999999,baseline,235
607,607,606,1,0.9983525535420099,68.7560178280738,67.80772071783764,119.34711891837372,48.60952274274813,601.2426775361574,0.4981050615053693,0.6822544296495898,0.9427831696163891,1.0,0.7471927110668728,0.8349076740356178,0.5071079811573687,0.5821795375676548,0.9427831696163891,1.0,baseline,236
598,598,598,0,1.0,64.24151223701656,59.99579349307004,114.42853955060656,44.60038019090465,595.3610025767093,0.49978630820455483,0.6984364278367224,0.904231793139323,1.0000000000000002,0.7393443708209082,0.8241099063052656,0.4936305340053499,0.5558824935094255,0.904231793139323,1.0000000000000002,baseline,237
648,648,611,37,0.9429012345679012,96.07098027904215,104.79609015621168,164.81019466574446,75.56294805373723,637.2473670108288,0.5373944370506052,0.7188443416570324,1.0076542385995184,0.9999999999999992,0.8201290410152731,0.7812393101913581,0.5449224361176092,0.5192216739760808,1.0076542385995184,0.9999999999999992,baseline,238
603,603,603,0,1.0,65.24724335715406,67.87518359262424,108.76922954991807,45.01100108114438,592.1629211440367,0.5060029180444664,0.7104772635977014,0.887229376051999,1.0000000000000002,0.7593727953818371,0.8302085765151469,0.5092245947793022,0.5703343476779482,0.887229376051999,1.0000000000000002,baseline,239
627,627,601,26,0.9585326953748007,83.42700308177746,78.02722434672538,151.95783582940084,62.98482133225426,635.2347221955755,0.5229241135905734,0.7120596341292647,1.0007955013899332,0.9999999999999989,0.7821388700088144,0.7813942009150799,0.5205884347125551,0.5282744726133528,1.0007955013899332,0.9999999999999989,baseline,240
634,634,633,1,0.998422712933754,74.81955291556324,80.65835977308274,123.57426138877622,55.10325679419143,600.3409750353678,0.5121111514264294,0.6966447565822208,0.957223694685759,1.0000000000000002,0.7838517925227668,0.8198689405593077,0.5187550881302913,0.5372495205534333,0.957223694685759,1.0000000000000002,baseline,241
629,629,619,10,0.9841017488076311,71.30971716756193,66.55782790640404,130.76332892667529,51.429112626088155,615.6820588474559,0.5220063451105782,0.7454503037885732,0.9377887945419454,1.0000000000000002,0.7894141789856027,0.858867098367825,0.516642145464552,0.5531164455721492,0.9377887945419454,1.0000000000000002,baseline,242
667,667,630,37,0.9445277361319341,88.73799061225657,92.1840958019493,160.15457372277524,68.46241702186322,641.3065777450967,0.5623080286387641,0.7617453051122175,1.016019515844396,0.9999999999999997,0.835460377050674,0.8305714124951511,0.547371470865832,0.5560340305161375,1.016019515844396,0.9999999999999997,baseline,243
618,618,609,9,0.9854368932038835,83.5137285862549,84.70054937671733,148.4638375870785,63.293996426374605,611.7607515830049,0.5191381073871824,0.7162865559725988,0.9222049835694771,0.9999999999999996,0.7791326768801231,0.8490993787144362,0.5290993332399726,0.5897295122913427,0.9222049835694771,0.9999999999999996,baseline,244
636,636,634,2,0.9968553459119497,76.23818407001595,87.46662560108695,130.93122437924507,56.37216636930772,606.9500809920182,0.5249663674409416,0.7010079388008366,0.9426853142407735,0.9999999999999999,0.7976225417971406,0.8409212576022801,0.5341919649877244,0.5760796436989584,0.9426853142407735,0.9999999999999999,baseline,245
629,629,621,8,0.9872813990461049,89.15936493890219,99.02599716639298,146.68464094000853,67.40573431652943,613.1359527014307,0.5388213950223693,0.7429325438371198,0.9571178607472042,1.0000000000000004,0.7983992228361412,0.8676590043707028,0.5175141400686805,0.5540120679358759,0.9571178607472042,1.0000000000000004,baseline,246
632,632,631,1,0.9984177215189873,64.96478143768711,59.26787373124941,116.35765949104655,44.952574437654974,603.5360258882986,0.5361122247312989,0.7019989442055917,0.9319038300272985,1.0000000000000002,0.7854561938563934,0.8281695231678011,0.5216861656774043,0.565678185683202,0.9319038300272985,1.0000000000000002,baseline,247
634,634,623,11,0.9826498422712934,70.5667262350979,61.41186356991858,128.36896760285993,50.09959078592771,612.0088418099474,0.5409939131044378,0.7584358851168241,0.9790103229093556,0.9998705547736835,0.8077244209764162,0.8323265637559841,0.5227826474529113,0.5286635907596645,0.9790103229093556,0.9998705547736835,baseline,248
631,631,630,1,0.9984152139461173,67.65885779307999,67.99961113954257,119.29748678361005,47.473022141712256,617.4880933107578,0.5332646028392657,0.7332200051231519,0.9242161581382178,1.0,0.7967141015428788,0.8957160318857172,0.5302212602732157,0.5924569498673783,0.9242161581382178,1.0,baseline,249
633,633,601,32,0.9494470774091627,85.11233552557137,91.11226102006168,156.27603230862428,64.8428543688163,645.2147329886935,0.5218812316205301,0.7114372837802666,0.9911177872243406,0.9999999999999996,0.7969786730019021,0.7981607313154914,0.5392015650615982,0.537469948958778,0.9911177872243406,0.9999999999999996,baseline,250
622,622,605,17,0.9726688102893891,84.448960915956,88.29176364183274,148.13465721022402,63.87814275653635,631.2370983435959,0.5161427996034393,0.7291098437812848,0.959333386426831,0.999959895661585,0.7796058408799138,0.7725644477733208,0.5258846981135944,0.5271095170515971,0.959333386426831,0.999959895661585,baseline,251
660,660,620,40,0.9393939393939394,93.6217181459002,98.6894319309886,160.20385935040542,73.73726373554183,640.251973714952,0.5383165725731155,0.7205615330382347,1.027102989826543,0.9999999999999994,0.8191780251644681,0.7884507627896844,0.5526323768576648,0.5307726912341288,1.027102989826543,0.9999999999999994,baseline,252
638,638,613,25,0.9608150470219435,79.94784223849163,86.5662836366215,144.12597185730647,60.32425009466394,625.6567423171158,0.5257198466450341,0.7345076926716968,0.972740448255234,1.0000000000000007,0.7806567749427986,0.8012767654956776,0.5253027294746548,0.5431688464994845,0.972740448255234,1.0000000000000007,baseline,253
662,662,637,25,0.9622356495468278,71.78096393551083,68.15976147793765,140.9236473361958,52.081340089951105,627.8552171892196,0.5543632025369768,0.777350697264522,0.9856907277082404,0.9999999999999997,0.8208383072855975,0.8419924798830146,0.5517265159469046,0.5856283937351403,0.9856907277082404,0.9999999999999997,baseline,254
597,597,597,0,1.0,55.65448359276879,58.72074890991507,94.89710597441734,36.01348039749167,573.7024173751408,0.49578773916485874,0.6941507115869127,0.893344806183216,0.9999999999999996,0.7297333125154716,0.8477071448884127,0.49459691773983727,0.5728079957673294,0.893344806183216,0.9999999999999996,baseline,255
628,628,611,17,0.9729299363057324,77.01473517411806,72.9570105156136,146.91186290081305,56.79489263153363,619.9284418598238,0.5362799864574723,0.7360517923837497,0.9743436253221098,1.0000000000000002,0.7843647792283577,0.7919576556701577,0.5265891079689391,0.5315209562311947,0.9743436253221098,1.0000000000000002,baseline,256
620,620,620,0,1.0,62.69710592154198,57.88524282890174,115.19311845721523,42.45510258864796,580.1419667835963,0.5020780491397273,0.677528638883306,0.894689649194587,0.9999999999999991,0.7871162985072596,0.8445134141858186,0.5064750968951327,0.553415425214261,0.894689649194587,0.9999999999999991,baseline,257
585,585,585,0,1.0,63.6014527420618,73.97984442382494,107.35884056648388,43.63959638830874,571.3906772820277,0.48915171995160406,0.6961841622574186,0.879474282461543,0.9967743877600795,0.7429990277584234,0.8101700738636737,0.4944508260225754,0.5320754261339341,0.879474282461543,0.9967743877600795,baseline,258
654,654,638,16,0.9755351681957186,73.92538441246012,75.53837474661455,135.97265373448818,53.17914440500317,615.0507154486065,0.5498434721904112,0.7486874069986577,0.9754194924202156,1.0000000000000009,0.8567859976178899,0.8573757994495123,0.5679349307151035,0.5762642696227857,0.9754194924202156,1.0000000000000009,baseline,259
620,620,605,15,0.9758064516129032,86.37170168709463,96.33815205411165,142.21156179318103,66.1814328874779,618.7633401145397,0.5170521427097867,0.6799590522311574,0.9818557738311441,0.9999999999999997,0.7828348009450639,0.7886363873564326,0.5118002436903217,0.5327234052264159,0.9818557738311441,0.9999999999999997,baseline,260
664,664,623,41,0.9382530120481928,92.5251190323281,89.26001882692779,165.04918516082853,72.30179880662779,641.6947686327328,0.5458421432968693,0.7704931909054731,1.024590723996087,0.9999999999999996,0.8268388908351347,0.8139107618220351,0.5476948962058629,0.5225962807856146,1.024590723996087,0.9999999999999996,baseline,261
653,653,609,44,0.9326186830015314,97.57960054624871,95.37060300020096,166.58072552999704,77.1996982895079,654.7920502883152,0.5445609290824289,0.7641883829386877,1.0153847907508882,1.0,0.8155932596161128,0.773455427075353,0.537259346187224,0.516090458892314,1.0153847907508882,1.0,baseline,262
656,656,632,24,0.9634146341463414,76.47871913363207,82.10509980633526,142.54537551409305,56.14691819835205,636.5387037829222,0.5469433577990293,0.7756451793680498,1.0092685711579212,0.9999999999999997,0.7974584534055628,0.8222761884142107,0.5454743916313528,0.5673292955777849,1.0092685711579212,0.9999999999999997,baseline,263
642,642,634,8,0.9875389408099688,75.35737017659847,88.9451528821632,123.61193175114869,55.186359783531806,615.3535061987516,0.5296409635257191,0.7131678118888951,0.9768729771005737,0.9999999999999996,0.8010130507064497,0.8413129835270086,0.536924375154346,0.5779268074185983,0.9768729771005737,0.9999999999999996,baseline,264
678,678,625,53,0.9218289085545722,83.30432261832712,77.73675909369783,164.10829909861894,61.99818823332885,667.812343938027,0.5832493538594802,0.7993460834137343,1.0284856169900904,0.9999999999999988,0.8476539150385766,0.8602449782741834,0.5595996162775093,0.5737030113257183,1.0284856169900904,0.9999999999999988,baseline,265
612,612,612,0,1.0,64.69129958866662,60.24483739708859,118.7606689682417,44.52716828113791,596.5876023351395,0.5023101499219786,0.6865209583434494,0.9234726994800818,0.9999999999999994,0.7966605538130649,0.8597567234317729,0.5094446777476822,0.5640349127553651,0.9234726994800818,0.9999999999999994,baseline,266
649,649,612,37,0.9429892141756548,92.09644116461921,93.78032106539919,165.962054911797,72.06245324446422,638.0326011302078,0.5233114130660812,0.7556946094265772,0.9931824285311162,0.9999999999999994,0.825780367617012,0.8270545265970708,0.5352109430566654,0.5329903825543648,0.9931824285311162,0.9999999999999994,baseline,267
630,630,630,0,1.0,54.20154459082342,54.04628434643419,101.36311434694267,33.46432791928908,578.2060421159829,0.5237108460530583,0.729698367469334,0.8889328567369559,1.0000000000000007,0.7929048201494187,0.9097133590668642,0.5252999133236466,0.6096735407228244,0.8889328567369559,1.0000000000000007,baseline,268
601,601,601,0,1.0,52.94633298280716,52.22003973018448,93.64781184251399,32.6453155847475,577.3274081190121,0.495991692371038,0.6716133449341466,0.8825422758060522,1.0000000000000002,0.755814004501331,0.8348728796711047,0.5071798727091119,0.5678812719969735,0.8825422758060522,1.0000000000000002,baseline,269
651,651,644,7,0.989247311827957,76.82719203737845,77.8010585067911,130.84779589196717,56.868476390657,609.6020358693943,0.5450511395182742,0.7260363968105735,0.9603535712019904,0.9999999999999999,0.8148954771154553,0.8468750989774683,0.54178722428382,0.5773571176500966,0.9603535712019904,0.9999999999999999,baseline,270
630,630,628,2,0.9968253968253968,63.69154417279468,59.10232548049788,123.18680374767024,43.84424414183988,605.0489653173639,0.5198713539468757,0.7200365923965646,0.94593252886347,1.0000000000000004,0.7656169285283846,0.8174709915662645,0.5241546846923106,0.571262130156321,0.94593252886347,1.0000000000000004,baseline,271
640,640,613,27,0.9578125,83.27742842456549,82.6242644242102,144.2585488597319,63.17267119399954,630.1207654159722,0.5209083550611041,0.7045029424099002,0.9879864279275603,1.0000000000000002,0.8058390010649531,0.8387996905053837,0.5309882079965063,0.5434576980578063,0.9879864279275603,1.0000000000000002,baseline,272
593,593,593,0,1.0,60.457542417118646,66.14583035682466,107.76398534212808,40.20645136699593,587.8323780997049,0.4924359219851656,0.6951175914063334,0.9003989944328201,1.000000000000001,0.7546901064857942,0.8207235787710638,0.49839995054689024,0.5297352855491609,0.9003989944328201,1.000000000000001,baseline,273
639,639,637,2,0.9968701095461658,76.58294790344948,84.12742160861387,135.03965761567002,56.293387100420475,605.8554870756252,0.5216319389933849,0.7592579193595778,0.9266981686154916,1.0000000000000007,0.8011379522223581,0.8745935434332743,0.526942551461453,0.5662195383043889,0.9266981686154916,1.0000000000000007,baseline,274
660,660,615,45,0.9318181818181818,97.56969437082502,95.80643073873594,170.5223372101845,77.31525278758895,646.220391439364,0.5401055880536364,0.7506725202885203,1.0124312328733567,1.0000000000000004,0.8304961779983442,0.8447111171549728,0.5465480486664355,0.5533479099946482,1.0124312328733567,1.0000000000000004,baseline,275
632,632,594,38,0.939873417721519,90.71894662210603,92.49168727545174,162.74407709049467,69.8643326942353,645.6321402051555,0.5338895392013133,0.7558014956194086,1.0159312767951334,0.9999999999999994,0.8007631855089432,0.8085639074695689,0.5186217158699158,0.5054122638643712,1.0159312767951334,0.9999999999999994,baseline,276
693,693,648,45,0.935064935064935,97.2941168996569,107.74741226787197,165.28376758462656,77.31859872867716,657.5299678711579,0.5602810247447712,0.7496519836062211,1.0511789551129826,0.9999999999999994,0.8703244826271497,0.794816521132211,0.5781014498206006,0.530799922634588,1.0511789551129826,0.9999999999999994,baseline,277
635,635,634,1,0.9984251968503937,72.60455423243918,81.71885928522764,123.29233650519546,52.70482131531091,607.3015144227548,0.5337606811148058,0.7262292066332937,0.933591826169864,0.9999999999999999,0.7976608670330562,0.8437946455681479,0.5197672318677734,0.547874367988934,0.933591826169864,0.9999999999999999,baseline,278
581,581,581,0,1.0,65.48824550541474,71.15839233774324,113.37840794861364,45.99866554978399,563.3573467078484,0.4828300955249143,0.6848175219035096,0.8607168867961665,1.000000000000001,0.7002940517542288,0.7563587378532396,0.4780717760205689,0.5215059532181224,0.8607168867961665,1.000000000000001,baseline,279
601,601,601,0,1.0,62.754122636989834,64.48587976032789,105.83516940060093,42.8515942271979,575.703597133795,0.5033833818011676,0.6613133559645717,0.896823094780089,0.9999999999999997,0.7509351406036793,0.8116571731972646,0.49738911598266305,0.5389620891366377,0.896823094780089,0.9999999999999997,baseline,280
620,620,620,0,1.0,76.19579967817026,88.72501470487325,121.41850845808443,56.650288894257976,599.0980603214557,0.512172813251693,0.6812794848957923,0.9232808820873095,1.0,0.7770223238046622,0.8403917186891879,0.504557791901595,0.5488969358070761,0.9232808820873095,1.0,baseline,281
636,636,585,51,0.9198113207547169,87.1228061673587,86.41473066539828,166.56492342246412,66.72522285790599,648.2070266339749,0.5236356747726187,0.7343055217167486,1.0322784923311412,0.9999999999999999,0.7836210307265293,0.7579453209189956,0.5327127041076695,0.5276173606074205,1.0322784923311412,0.9999999999999999,baseline,282
646,646,646,0,1.0,62.1391557502724,66.25101358526814,109.70812749679897,42.040626153164354,595.3135665457515,0.5281930533821507,0.6986593777040202,0.9499923045161582,1.0000000000000002,0.7993497115635895,0.8575516687563548,0.5455880732104416,0.5726336632762522,0.9499923045161582,1.0000000000000002,baseline,283
611,611,596,15,0.9754500818330606,79.84286859954057,79.62364200612876,137.05109846887973,59.7748746742128,613.227160578966,0.5118339635235646,0.7216543078912631,0.9345096459704493,1.0000000000000002,0.7602857890713733,0.7902573740542903,0.5059184754743075,0.5329353347267839,0.9345096459704493,1.0000000000000002,baseline,284
622,622,622,0,1.0,70.10287845532932,72.2910692116582,112.26595203023231,50.26899391400862,584.9623503012747,0.5186540344680306,0.6785958887699111,0.9224169456142205,1.0,0.7767461662361688,0.8378325852693689,0.5219158978969584,0.5596789426348417,0.9224169456142205,1.0,baseline,285
637,637,637,0,1.0,65.64639431437503,68.3167754779115,111.15034910608517,44.93166253446903,590.89346089024,0.532097861510034,0.7190700699115187,0.9427279612079413,1.0000000000000009,0.8195114191895958,0.8703172230246659,0.5266280378041385,0.5530553501491429,0.9427279612079413,1.0000000000000009,baseline,286
634,634,633,1,0.998422712933754,63.493012480912675,68.92346480976073,109.47744487521567,43.52484176125437,600.8499901038301,0.5345646829080488,0.6938888722192638,0.9425907404829004,1.0000000000000002,0.7911778702787876,0.8400205248716239,0.5272446322320204,0.5604758998762321,0.9425907404829004,1.0000000000000002,baseline,287
646,646,634,12,0.9814241486068112,84.12127699929275,91.81355846907292,140.18130973107662,63.93956909126331,626.8397511022494,0.5396543326221548,0.7582594578323352,0.948182461305662,0.9999999999999996,0.8078357974970519,0.8064908944401946,0.528626016205157,0.5214949375006588,0.948182461305662,0.9999999999999996,baseline,288
637,637,619,18,0.9717425431711146,69.6927957648575,62.102531229318316,135.18183222428763,49.44866396329547,620.3467672999931,0.534895405011655,0.7307802068911762,0.9849678206707663,0.9999999999999999,0.7860079909638151,0.8032826086288087,0.5350060657278995,0.5409143239668529,0.9849678206707663,0.9999999999999999,baseline,289
649,649,625,24,0.963020030816641,92.23212514748056,101.57223790339808,156.11451250592512,72.45274546124634,631.8015730619325,0.5475177558922609,0.7457236694125059,0.9807458325846201,0.9999999999999999,0.8004314829681514,0.7929711808769715,0.5374378810976366,0.5432471737182112,0.9807458325846201,0.9999999999999999,baseline,290
664,664,631,33,0.9503012048192772,82.19738666299932,86.43542140655356,149.04837840004967,61.90298210457303,631.9890189560076,0.5560997850407218,0.7925044753727793,0.9826087179426167,1.0000000000000002,0.8294027381265311,0.8492907153321108,0.5502427552181673,0.5690181507371839,0.9826087179426167,1.0000000000000002,baseline,291
648,648,620,28,0.9567901234567902,74.75014437089918,75.0704571270011,142.9097146773185,54.38933818861878,629.9056026742425,0.5457162145520911,0.7487944364096208,0.9933836676224125,1.0000000000000007,0.8200470021946799,0.8183613708749823,0.5449949761123393,0.5684562247389566,0.9933836676224125,1.0000000000000007,baseline,292
692,692,647,45,0.934971098265896,89.01225483963351,88.50718129700357,164.31017217793675,67.93187368931844,647.4445630260939,0.5861753716314337,0.8161351400952812,1.0319354586254206,1.0,0.8763038848204772,0.8934968199898704,0.5717070095957949,0.5867353004864776,1.0319354586254206,1.0,baseline,293
615,615,615,0,1.0,52.451607131662534,50.10748054001655,102.52551928043272,32.434954779707034,593.3997661586764,0.5202686110097071,0.6767989253756188,0.9342195031057596,0.9999999999999997,0.7757170865761542,0.8745886995753632,0.5037291464439495,0.56386133503213,0.9342195031057596,0.9999999999999997,baseline,294
642,642,592,50,0.9221183800623053,89.18802543606064,89.75710728571113,167.74068029374416,68.9765395560399,659.0940421405268,0.5326935409322268,0.7537056325235105,1.0098901201877022,0.9999999999999999,0.8030912014399312,0.8049055616989821,0.5355766196230771,0.5423687459424325,1.0098901201877022,0.9999999999999999,baseline,295
663,663,657,6,0.9909502262443439,68.56226454648977,71.13425336725004,120.2867235466278,47.91108365434175,607.8241484259714,0.5541390248833062,0.7462041023901651,0.9561678018340077,1.0000000000000007,0.8186806225866522,0.8146225428387719,0.5545549623079497,0.5631243321906325,0.9561678018340077,1.0000000000000007,baseline,296
634,634,634,0,1.0,65.05497696986879,59.418176906576406,113.0073392864623,45.024868814852276,594.7583412593524,0.536625721662337,0.7203505500323915,0.9459655500897592,1.0000000000000007,0.7838973347595477,0.8395166931137196,0.5312265153045383,0.571489825879887,0.9459655500897592,1.0000000000000007,baseline,297
585,585,585,0,1.0,63.263409300239346,62.86772489761697,103.99360470953485,43.774356624421024,563.8487124273462,0.49128404154217115,0.6577418539650906,0.8704606474270349,1.0000000000000002,0.7078803967679558,0.7827536941432122,0.48339553071178926,0.5471105914923375,0.8704606474270349,1.0000000000000002,baseline,298
653,653,601,52,0.9203675344563553,96.47246492433807,90.55150415916205,168.88278585346035,76.45762827896301,639.8300475561199,0.5379533387858033,0.7462601178597743,0.9999730108947994,1.0000000000000013,0.8189480208591081,0.7819543380847653,0.5376391853189312,0.5221988961415306,0.9999730108947994,1.0000000000000013,baseline,299
646,646,605,41,0.9365325077399381,87.70365370080798,80.68705192838934,167.28086926446747,66.93605179656069,657.1359243996623,0.521864372183417,0.7544862353844835,1.0042888609724467,0.9999999999999997,0.8132596836487346,0.8248988068967692,0.5333159238581255,0.5498730236213535,1.0042888609724467,0.9999999999999997,baseline,300
624,624,623,1,0.9983974358974359,85.23644895594424,89.65347160666647,142.04401167615384,65.37071128028808,601.7986902748976,0.5053814712442074,0.7146202654778897,0.9287072747985369,0.9999999999999992,0.7685525516407218,0.8189892451860339,0.5175438835820485,0.5532396376272826,0.9287072747985369,0.9999999999999992,baseline,301
591,591,591,0,1.0,60.77550587281646,60.64261734485598,108.57769826323391,41.086998764789755,575.8223198971754,0.48282217204057654,0.7120747834877069,0.8601438052642427,0.9999999999999991,0.7366387737874296,0.8834760911674387,0.5033169143373206,0.5998393041221296,0.8601438052642427,0.9999999999999991,baseline,302
655,655,617,38,0.9419847328244275,82.54866667612684,84.20663144249951,151.97879668460445,61.41693162824683,630.1428553263659,0.544877034926578,0.7754818324201058,0.9838157321394682,0.9999999999999994,0.8076979268549626,0.809104272098684,0.5428599131972778,0.5375415494699102,0.9838157321394682,0.9999999999999994,baseline,303
637,637,636,1,0.9984301412872841,65.99922446748764,66.1230160451974,117.29393411236777,46.14151243734303,607.1098478847987,0.5225655802908514,0.6911854443522438,0.9395316950623898,1.0000000000000002,0.7971441262118294,0.8669110897709017,0.5300611003087738,0.5734405894569111,0.9395316950623898,1.0000000000000002,baseline,304
587,587,587,0,1.0,62.485726314420226,62.98980106890923,106.1364602062286,42.32354273231836,578.8672091915108,0.49251160775590846,0.6578187101247344,0.902209582468055,0.9999999999999997,0.7523246300846729,0.8303683726591576,0.49625385538417033,0.5583119591799637,0.902209582468055,0.9999999999999997,baseline,305
648,648,638,10,0.9845679012345679,83.32744488030652,83.57146452713044,142.6790925056369,62.836243452561426,608.9488816291248,0.542915948155457,0.7461723723952297,0.9662684154758396,1.0000000000000002,0.8125871394279571,0.8259490738366336,0.5484933738947894,0.5618043682619741,0.9662684154758396,1.0000000000000002,baseline,306
623,623,621,2,0.9967897271268058,71.42123485923784,73.59303398215263,123.35893783295916,51.47087390496027,604.6424243216503,0.514507199960984,0.6889640942017322,0.9357847883669307,1.0000000000000002,0.7737894271634375,0.8413401633111312,0.5201829681641338,0.5552346037141631,0.9357847883669307,1.0000000000000002,baseline,307
650,650,608,42,0.9353846153846154,87.14186383821765,93.1753584950132,157.13547056787655,66.66659078626351,646.669916035269,0.5430498083956816,0.7253142088653673,1.0334860384557762,0.9999999999999994,0.8256573051933752,0.8201442603462582,0.53759388030864,0.5213643887297523,1.0334860384557762,0.9999999999999994,baseline,308
634,634,612,22,0.9652996845425867,82.75085461893855,86.63404216280702,146.44927297223092,62.1067020935574,624.5748354088374,0.532067927128208,0.73239407708099,0.9730773266503299,0.9999999999999991,0.7933630062352558,0.8402859311416511,0.542294351106202,0.5727462158307531,0.9730773266503299,0.9999999999999991,baseline,309
583,583,583,0,1.0,67.09577582469012,72.90225083044584,124.3935357219155,47.050389513428485,594.0263352006364,0.48475526216357895,0.6947827137959975,0.8976467015010091,0.9999999999999997,0.7310456665552513,0.8298422892867384,0.47706249925996885,0.5465521474404118,0.8976467015010091,0.9999999999999997,baseline,310
616,616,616,0,1.0,76.41839962206947,89.17416965239497,124.91845827629385,56.49584533357783,588.7758767053714,0.5075676021032606,0.6889890305497922,0.9000915160422213,1.0000000000000007,0.7629729690608962,0.8269201899783317,0.5098166499588555,0.5639493091257796,0.9000915160422213,1.0000000000000007,baseline,311
614,614,614,0,1.0,77.31853104624247,87.0061655990041,126.79933485391979,57.24245013995582,581.5788144105389,0.5150463535431749,0.6901799835743837,0.9098523684902746,1.0000000000000007,0.7698371257471898,0.8293512801720715,0.5205337885675763,0.5631595597737358,0.9098523684902746,1.0000000000000007,baseline,312
662,662,609,53,0.9199395770392749,91.48641510079992,89.15935702653897,167.8480195594641,71.32143670429937,650.030187317539,0.5446836186641935,0.7442240447653403,1.034384480476566,1.0000000000000002,0.8365502803762079,0.7717399624203856,0.5538462152703599,0.5204029039166296,1.034384480476566,1.0000000000000002,baseline,313
626,626,593,33,0.9472843450479234,81.19844366323687,79.22965594287888,150.3489510654286,60.93434303792871,635.2745094800013,0.5163717010761827,0.7049631226334478,0.9942927001096558,0.9999999999999997,0.7919307508602825,0.7932485787137677,0.5232767398617022,0.5209958161557506,0.9942927001096558,0.9999999999999997,baseline,314
639,639,639,0,1.0,65.02297994713658,65.52119439170235,117.90208748038572,45.27794984368824,592.5544384974686,0.5299184265542989,0.6927491397042068,0.9331232125155657,1.0,0.8011231025875623,0.8766775661748534,0.5354973052156371,0.5929480270232815,0.9331232125155657,1.0,baseline,315
617,617,617,0,1.0,58.105449731700844,58.00159418232258,97.58110743269236,38.15171763195488,567.2353991789636,0.5134228029980917,0.6927791631202568,0.8944397332910309,0.9999999999999997,0.7800091062932222,0.8849957940182799,0.5224260523507565,0.5802409645088248,0.8944397332910309,0.9999999999999997,baseline,316
698,698,673,25,0.9641833810888252,86.0288521136374,93.45783654430193,145.58516987149926,66.19077306737358,622.6097200408522,0.5678037875145172,0.7870254060384281,0.9981083898250814,1.0000000000000007,0.871012811855637,0.8648201788488664,0.5825659252208081,0.5716558726901383,0.9981083898250814,1.0000000000000007,baseline,317
629,629,615,14,0.9777424483306836,88.6891445036842,103.12571415959954,144.55408299733637,68.51488333081491,614.868535003786,0.5338277927149013,0.7076704534570024,0.961401618653115,1.0000000000000007,0.7715467612636092,0.7975972247563126,0.5226131002625727,0.5342231500572749,0.961401618653115,1.0000000000000007,baseline,318
621,621,621,0,1.0,65.46444366291658,57.77940762267241,120.7620925029999,45.443314715055834,595.6393103301133,0.5155761895408486,0.6940625279427589,0.9398914216694458,1.0,0.7770144390389959,0.8499675657513056,0.5186378864124553,0.558233053038559,0.9398914216694458,1.0,baseline,319
612,612,612,0,1.0,63.15708540162779,68.98985151914755,103.80916275152742,43.10739266490889,580.4929431432752,0.5127786254854181,0.6907540680308109,0.8958698954798606,1.0000000000000002,0.7833456131689095,0.8710056835379121,0.5194559125111039,0.578119891504849,0.8958698954798606,1.0000000000000002,baseline,320
607,607,607,0,1.0,65.1564242557904,67.6527082000176,110.56489251835188,45.21515910791528,598.0758833539883,0.5008163085537093,0.6692065132568621,0.9087157815464331,1.0000000000000007,0.7535863170951661,0.8176623532662466,0.5064145713408352,0.5507735882817575,0.9087157815464331,1.0000000000000007,baseline,321
648,648,629,19,0.970679012345679,83.97396214354748,81.51516969680452,155.3086652251772,63.386867149313495,618.2010677804316,0.5448614565446366,0.7712965964064626,0.983280758892145,0.9999999999999996,0.796612936792267,0.8049614988718942,0.5376846419752569,0.5456669836871308,0.983280758892145,0.9999999999999996,baseline,322
607,607,605,2,0.9967051070840197,78.95025902801513,84.0202138906983,128.187139721005,58.30548227674104,606.1330317022995,0.5139122104443543,0.7270459723054236,0.9269944375957919,0.9999999999999994,0.7564255279338586,0.8138164652970896,0.5221723695317122,0.5625000317475212,0.9269944375957919,0.9999999999999994,baseline,323
606,606,605,1,0.9983498349834984,81.41468911139593,94.32862386299959,130.9208476500192,61.243435089983926,606.8592914402678,0.5012546172277279,0.6948806896666314,0.9228240436431581,1.0000000000000004,0.7715750660766904,0.8249759380942095,0.5081472807935001,0.5662956824213018,0.9228240436431581,1.0000000000000004,baseline,324
641,641,622,19,0.9703588143525741,83.56952826362965,88.21812366321504,143.3343125371204,63.65589623631593,618.4143617854954,0.5320697547011156,0.7484482167512294,0.9663660329646779,0.9999999999999996,0.7885112094373096,0.8556274557260104,0.5314288455647249,0.5642465854444404,0.9663660329646779,0.9999999999999996,baseline,325
639,639,629,10,0.9843505477308294,74.22007213385312,81.15770547245407,130.45174937561114,53.51974466720461,623.4248562933004,0.5268763923771668,0.7451518368171113,0.9635650649965963,1.0,0.7968344157068488,0.835371575496116,0.5471079542815726,0.5741252408589532,0.9635650649965963,1.0,baseline,326
607,607,607,0,1.0,69.45148835416758,71.59344403079939,118.61628328963093,49.567581132911364,588.468174219349,0.506941690204558,0.7290087273182417,0.9088419881478665,0.9999999999999997,0.7399731812695325,0.796232500754215,0.49660100363443993,0.5411752816199907,0.9088419881478665,0.9999999999999997,baseline,327
642,642,640,2,0.9968847352024922,67.95757638258007,64.68173763361463,124.28329723342904,48.525949244579095,619.0541770572013,0.5283557578637871,0.7275061994869679,0.9280062802827804,0.9999999999999994,0.7805863204533783,0.8163462444191792,0.5316782529909744,0.5540130914052275,0.9280062802827804,0.9999999999999994,baseline,328
642,642,636,6,0.9906542056074766,69.82012199951198,63.54085380696921,125.98995347290446,49.64785760758786,607.1794577169302,0.5410115474613232,0.7698886058561856,0.9455439709904725,0.9999999999999999,0.7945609860662327,0.880790461493782,0.5474999701787637,0.5957863463336691,0.9455439709904725,0.9999999999999999,baseline,329
653,653,618,35,0.9464012251148545,93.03044006617894,89.4776155673915,163.11972911996116,72.36054838001589,648.3282548690574,0.5437404102553894,0.749311396275056,1.0119882328333885,0.9999999999999997,0.8192838414600874,0.8215978604311186,0.5487278670252307,0.557722641534947,1.0119882328333885,0.9999999999999997,baseline,330
627,627,627,0,1.0,68.7893063719793,79.40167509902051,115.5447953146097,48.76556360204521,599.2071471582532,0.5260588570263786,0.7375863146579624,0.934123512060032,0.9999999999999988,0.7728573053346696,0.8494320598863998,0.5176443254098135,0.5593649826867455,0.934123512060032,0.9999999999999988,baseline,331
660,660,626,34,0.9484848484848485,85.33433574484671,90.59149257090542,157.18091307044642,65.07545614228235,633.6354132891659,0.5516518656033487,0.7522840125688497,1.0058330892189786,1.0000000000000007,0.8390375329034181,0.8072403895225413,0.5482509534982108,0.5279472256766683,1.0058330892189786,1.0000000000000007,baseline,332
592,592,592,0,1.0,53.29692276601277,57.316393142143,84.39042619158107,33.786699347357086,542.6768583109254,0.49116308432011235,0.6717912849499156,0.8450992755691313,1.0000000000000004,0.7327631416168345,0.8637333084381914,0.49636705304636713,0.5896400902388067,0.8450992755691313,1.0000000000000004,baseline,333
644,644,617,27,0.9580745341614907,80.77409701177658,86.24100176455295,139.8991412635587,60.34990872652871,634.8920882965305,0.5398032266197914,0.7605575016626929,0.9565138843318755,0.9999999999999999,0.8221518492763814,0.8647700834783871,0.5385079457592639,0.5818751769629433,0.9565138843318755,0.9999999999999999,baseline,334
630,630,602,28,0.9555555555555556,84.20319119269757,85.02879950850897,145.9063956863385,64.34143704148184,627.2089167216355,0.5206944714134092,0.7038191932944169,0.9704678497775854,0.9999999999999996,0.7825673824581075,0.7725714002100017,0.5240906154195618,0.5088901219094886,0.9704678497775854,0.9999999999999996,baseline,335
646,646,638,8,0.9876160990712074,70.97554364101087,74.58522191067951,123.16507250836418,50.96156383919891,632.0284193655953,0.5376766642428934,0.7333127877068003,0.9531973664364405,1.0000000000000007,0.8160544717587106,0.8501306722941049,0.5387370676838744,0.5616258171950367,0.9531973664364405,1.0000000000000007,baseline,336
599,599,599,0,1.0,51.42399452512235,51.8509666387603,90.79817251530199,31.531629792473353,586.8171978223274,0.49400490146633325,0.6661059415789301,0.8819336317019012,1.0000000000000002,0.7558123151759684,0.8581189434314109,0.5055433767197058,0.5789841978858156,0.8819336317019012,1.0000000000000002,baseline,337
588,588,588,0,1.0,55.04362052181391,54.62246870191893,93.82043297566571,35.272657689882706,567.0575115296291,0.49985194769995894,0.6671279232565798,0.8830374507870196,1.0,0.7378355674289306,0.8223098392580575,0.48781396619408757,0.5357700257165917,0.8830374507870196,1.0,baseline,338
627,627,627,0,1.0,73.16322999095802,79.07732958466869,125.37535245253116,53.297996087124766,599.4302237244447,0.5121382341888341,0.7159394837076941,0.9560339352411896,0.9999999999999996,0.7759174401689196,0.8313921199728526,0.5190112576199802,0.5482883095860257,0.9560339352411896,0.9999999999999996,baseline,339
605,605,589,16,0.9735537190082645,76.51636125638653,76.83857720027302,133.37129318309474,55.978230051936116,625.2430040410694,0.496574427192197,0.668039002182696,0.9704198686942003,0.9999999999999997,0.7545313621031652,0.7948174029693409,0.500467754557079,0.5151480336748059,0.9704198686942003,0.9999999999999997,baseline,340
651,651,647,4,0.9938556067588326,73.70148244845839,67.68132629382873,134.20941349830224,52.70686281889785,627.3660814860921,0.5434040132264721,0.7841546062772561,0.934508868401033,0.9999999999999991,0.8380698520161414,0.8791290963769937,0.5470417328701098,0.588026444497226,0.934508868401033,0.9999999999999991,baseline,341
615,615,594,21,0.9658536585365853,81.27013993456298,80.12879222096095,142.09562473137748,61.112607949229236,618.1120152678859,0.5156092775314264,0.7101963505110019,0.9509583176409172,0.9999999999999992,0.7719046689206744,0.7956208412343011,0.5074541541309517,0.5143560626819098,0.9509583176409172,0.9999999999999992,baseline,342
651,651,636,15,0.9769585253456221,78.135882821737,68.65868542667741,140.7827102343888,58.4045624677425,613.8275229251166,0.5358374874696358,0.7528494256083357,0.975790563992974,0.9999999999999997,0.8110414726501552,0.8053535309769393,0.5325234935278297,0.5325177631885522,0.975790563992974,0.9999999999999997,baseline,343
614,614,599,15,0.9755700325732899,78.92507819324283,79.00575335102144,141.44607904235414,58.500290204963925,628.1981735437201,0.5045370201292044,0.702022890522748,0.9447260012808825,0.9999999999999999,0.7797781459228281,0.8569140927842581,0.5043346683188263,0.5578868093449231,0.9447260012808825,0.9999999999999999,baseline,344
602,602,602,0,1.0,52.51535727536737,55.58456913432224,93.96197002474122,32.830690359195735,560.7388803904976,0.5170092507735473,0.7149903904911791,0.8767903634936249,1.0000000000000007,0.7507835913172923,0.8651848225828829,0.483417900496472,0.5401693942995627,0.8767903634936249,1.0000000000000007,baseline,345
608,608,607,1,0.9983552631578947,62.55360550539182,60.920431403053215,113.86484025968139,42.639625563764326,604.4443558140815,0.5137128279733278,0.7248440812368813,0.9280026202091073,1.0000000000000002,0.7503031914106768,0.8132827483929997,0.5087775568977888,0.5540634247505412,0.9280026202091073,1.0000000000000002,baseline,346
603,603,580,23,0.9618573797678275,91.3995695316777,102.27280597165131,152.47434630730305,71.01750947626061,630.6228442327862,0.4972106564451497,0.6998112113961512,0.9631368153825627,0.9999999999999996,0.7478316965311145,0.7603061962551899,0.49995222765609604,0.5028026315663219,0.9631368153825627,0.9999999999999996,baseline,347
606,606,606,0,1.0,73.24618296960927,70.30960814626326,131.08105718214546,52.84451637622056,596.3725585460458,0.5033946912462403,0.6946419674006816,0.9440606454341312,1.0000000000000002,0.7639948867212898,0.8192287882207788,0.5086466385468452,0.5363888151155559,0.9440606454341312,1.0000000000000002,baseline,348
562,562,562,0,1.0,56.643054468028275,59.46119726800981,98.08485836814828,36.624573941929945,569.4466167269,0.46162671953552337,0.657161640823446,0.8517639326513833,0.9999999999999994,0.6981266451509701,0.8098765329796247,0.46825308602819304,0.5402996070342759,0.8517639326513833,0.9999999999999994,baseline,349
625,625,602,23,0.9632,87.99812534978521,92.08069414575453,154.1687362802998,67.41040578248334,636.5114339225809,0.5225534331185089,0.7305864615968531,0.978253193322587,1.0,0.7922651879798928,0.7506003970095582,0.528703450152664,0.5177166089892864,0.978253193322587,1.0,baseline,350
614,614,612,2,0.996742671009772,72.84012680765083,71.33198514141364,131.72156211993212,53.00676780063469,609.4370309194175,0.5073751227090003,0.6803473107827495,0.9391009892100624,0.9999999999999983,0.7651537492173508,0.7683204293070279,0.5032614533207264,0.5221921022902335,0.9391009892100624,0.9999999999999983,baseline,351
615,615,615,0,1.0,65.01665626729392,68.3803202355767,113.62523058937813,45.00038485027554,577.6898170506473,0.5090678004545958,0.697910527771052,0.8970784024926167,1.0000000000000002,0.7708920897316182,0.862840796480589,0.5148835977722327,0.5798527948333043,0.8970784024926167,1.0000000000000002,baseline,352
630,630,630,0,1.0,66.04193539674999,68.77764888853596,113.30385028547897,46.24137366327532,579.8292180144932,0.5234990651600503,0.7144462540561864,0.9076298519419866,0.9999962715097155,0.7958345277446321,0.8368319227285078,0.5238418602843617,0.5659737619323674,0.9076298519419866,0.9999962715097155,baseline,353
611,611,596,15,0.9754500818330606,87.02748144061536,90.96367181724605,148.11391410704704,66.63791879084275,625.136883803902,0.5134761506508668,0.7020286122382913,0.9765207376877625,1.0,0.7505170911788082,0.7792455193899209,0.5034097088538672,0.5250824816831279,0.9765207376877625,1.0,baseline,354
614,614,613,1,0.998371335504886,68.050058504577,69.58208192984995,114.61089345053483,47.86655187779803,600.7227844774442,0.5323507457517509,0.7323171045997556,0.9102568507504075,0.9999999999999989,0.7691170852860931,0.8573437348809754,0.5015024710719066,0.5520351875914186,0.9102568507504075,0.9999999999999989,baseline,355
642,642,594,48,0.9252336448598131,100.78065941438206,105.40920948405301,171.66005003943587,79.96706204271486,649.308557864063,0.5399101807495782,0.7526767011595193,1.0379978485525252,0.9999999999999997,0.7993048871580103,0.7882848571593394,0.5328983924173172,0.5082383721282495,1.0379978485525252,0.9999999999999997,baseline,356
644,644,612,32,0.9503105590062112,86.59602350929495,88.76051917522588,158.17369936726794,66.13861568624326,636.8019406311203,0.5453740638191621,0.7394297551896335,1.0064526108843248,1.0000000000000002,0.7980919301114657,0.8019460215106127,0.523715108962285,0.519176063202262,1.0064526108843248,1.0000000000000002,baseline,357
661,661,628,33,0.9500756429652042,97.62306243832369,110.01619440617281,156.96451183289963,76.9114502312401,639.9886200716293,0.5490249582743006,0.7575647100047437,1.0112734394648493,0.9999999999999991,0.8225812859199382,0.8255704744662813,0.5490974418977002,0.5435225603122142,1.0112734394648493,0.9999999999999991,baseline,358
687,687,655,32,0.9534206695778749,91.30632696975954,94.48402266061345,164.83751457122145,69.45964408537908,630.61822877883,0.5794890378961021,0.7717791802560523,0.9993566312710188,0.9999999999999994,0.8476601892736011,0.7989908580877578,0.579255130137226,0.5337662749749698,0.9993566312710188,0.9999999999999994,baseline,359
662,662,630,32,0.9516616314199395,89.86007499253148,98.10942797220738,162.90488656904824,69.65463642436717,643.1868758996794,0.5473669342160097,0.744628675719666,0.9971681389486857,0.9999999999999999,0.8230306733312,0.7788625078825601,0.5460162542644882,0.529269424658845,0.9971681389486857,0.9999999999999999,baseline,360
615,615,614,1,0.9983739837398374,64.05772320221868,65.89557962126656,109.35254788278996,43.97627813242679,602.9602190028218,0.512605547217912,0.7122184544887717,0.9189442750653812,0.9961942742535695,0.7682123690067564,0.822158945010471,0.508408804292608,0.5373814222187147,0.9189442750653812,0.9961942742535695,baseline,361
675,675,620,55,0.9185185185185185,103.46319709021657,110.60830133445586,180.2715364079005,82.02210859052369,671.8385608049056,0.5673714159742688,0.7683032498251842,1.0386079008523896,0.9999999999999994,0.8608534944695321,0.8050629028301213,0.5626058488434341,0.5464326808735456,1.0386079008523896,0.9999999999999994,baseline,362
641,641,622,19,0.9703588143525741,83.76432365972633,85.22781377013854,146.12941204844827,63.601695621579985,642.583542662566,0.5220440069936496,0.7312805265739762,0.973597380586162,0.9999999999999997,0.8051048155778211,0.8050130410492096,0.5290553330552616,0.5257770627816385,0.973597380586162,0.9999999999999997,baseline,363
633,633,607,26,0.9589257503949447,89.126073227913,95.22016070548787,155.06530283673834,69.05048197903032,629.7418123160421,0.5192058234381814,0.693139720382299,0.9944585717534418,0.9999999999999992,0.800279877562568,0.7957570078579861,0.5233092744348551,0.5164324099385058,0.9944585717534418,0.9999999999999992,baseline,364
671,671,627,44,0.9344262295081968,97.6265985996679,99.4741123597554,179.3905790115491,76.87272167122309,651.9516275459029,0.5722730361570565,0.8642319688139298,0.9962089760688541,0.9999999999999997,0.8406466858266933,0.7902448726350082,0.5442385024832244,0.5085853318832874,0.9962089760688541,0.9999999999999997,baseline,365
624,624,624,0,1.0,74.88990204708543,78.26893499277398,120.94948749949191,55.29402956626156,595.9176501070857,0.517454538747295,0.6975339140064304,0.930975239957058,0.9999999999999994,0.7583087880340876,0.8294324833094063,0.5205321478658855,0.5595866936879778,0.930975239957058,0.9999999999999994,baseline,366
646,646,624,22,0.9659442724458205,86.92153384772352,96.88394467102796,149.48345709471965,66.35330513713296,627.2025915006524,0.5371652107261876,0.7204120896719735,0.9893635111663182,0.9999999999999999,0.8134017242985828,0.8356760090707339,0.5378625167391292,0.544240602766611,0.9893635111663182,0.9999999999999999,baseline,367
623,623,600,23,0.9630818619582665,78.02160859822808,69.41663699830184,140.79327968983927,57.48795639337286,636.3926872220862,0.5085119877172274,0.7098502103816148,0.9878503249173967,1.0000000000000002,0.7712675338810411,0.801634539126917,0.5174337658411804,0.5529187935331961,0.9878503249173967,1.0000000000000002,baseline,368
664,664,641,23,0.9653614457831325,81.82709822150159,75.23157024041666,152.39258528270244,61.50776763904341,629.0496005703261,0.5485847967395755,0.7412474915842487,0.9968009239373511,0.9999999999999997,0.8107369769506368,0.7789705720657742,0.5650810171893834,0.5547592284940983,0.9968009239373511,0.9999999999999997,baseline,369
615,615,609,6,0.9902439024390244,73.75129944899835,80.43980035194193,125.80178638665188,53.8637605972741,606.2619829445609,0.49532189504976853,0.664840597885773,0.9510534480090992,0.9999999999999996,0.7699428446278198,0.7925945911619521,0.525857533857125,0.5350388962700401,0.9510534480090992,0.9999999999999996,baseline,370
604,604,604,0,1.0,54.15445157232312,56.16584175413661,94.56697102650213,34.46144304186967,556.6181780351532,0.509435921295795,0.6884580378946892,0.8614761748094439,1.0000000000000002,0.7581125803045358,0.8341643643578095,0.49714436211510643,0.5667671736380218,0.8614761748094439,1.0000000000000002,baseline,371
673,673,621,52,0.9227340267459139,99.52915741529638,107.73742521407465,170.07553301376868,79.3773073731123,648.7358189156043,0.5625014594617981,0.7637799715949736,1.0436164369428542,1.0000000000000002,0.828139729637573,0.8037143030846686,0.5684845999057441,0.5609195315175785,1.0436164369428542,1.0000000000000002,baseline,372
614,614,602,12,0.9804560260586319,73.46526013677251,78.60335966883673,133.55949011919535,53.36225463130954,611.8956116825406,0.5153464911232017,0.7172905795362962,0.959794715248344,0.99372928901735,0.7472938922182374,0.7417993718585757,0.5079716953954964,0.5066218703440774,0.959794715248344,0.99372928901735,baseline,373
641,641,618,23,0.9641185647425897,83.4889329333688,80.9589625294004,149.02654714862643,63.624018551427326,624.2936198924605,0.5326513816416423,0.7403655458644609,0.9706961683121798,0.9999999999999997,0.8024546520268737,0.7965531664196889,0.5271486416845705,0.5246350035819605,0.9706961683121798,0.9999999999999997,baseline,374
635,635,609,26,0.9590551181102362,94.91644755222185,95.79172816989518,158.17489732928215,74.4788593470184,629.9039210272847,0.53344924370825,0.700896421615288,0.9981886569713232,0.9999999999999996,0.8075477706874595,0.7955461231435131,0.5368939822829661,0.5405333876647304,0.9981886569713232,0.9999999999999996,baseline,375
637,637,622,15,0.9764521193092621,79.02009288970932,76.16724481887556,144.8179886303301,59.064100991389935,620.5329700650062,0.5247378743173841,0.73030621987435,0.9549060081248592,0.9999999999999999,0.810979165441845,0.8676537078539672,0.5410895150944116,0.5790042365103655,0.9549060081248592,0.9999999999999999,baseline,376
623,623,623,0,1.0,61.429807020580476,64.09931254819759,106.42136918250526,41.66434184308954,575.1079700263424,0.5235984340693515,0.7146587769932449,0.8726443006310548,1.0000000000000007,0.783766084217853,0.8461076316083035,0.5192544519478883,0.5691016334218366,0.8726443006310548,1.0000000000000007,baseline,377
607,607,605,2,0.9967051070840197,66.81578456324901,64.62960117971596,121.89705421272714,46.2534964978056,607.5343599856908,0.5093109971750535,0.6947466551478917,0.9425139925444319,1.0,0.7635252890751233,0.827296238101371,0.49922250781285854,0.5403569215773529,0.9425139925444319,1.0,baseline,378
610,610,605,5,0.9918032786885246,76.9756501992079,76.30090104618512,130.88838058010077,56.95734358128586,616.2160363895447,0.504141608334286,0.7009249291592863,0.9537418671240302,0.9999999999999999,0.7562070306015797,0.8126602362252853,0.5047763603948987,0.5443190535021054,0.9537418671240302,0.9999999999999999,baseline,379
646,646,624,22,0.9659442724458205,80.21347481699006,75.94860432590656,145.8874720604125,60.00138990830874,630.8314558788594,0.5318372198421423,0.7275918069073234,1.0004349787357478,1.0,0.8121430018746751,0.8214662121616327,0.5290164626163671,0.5173599703446454,1.0004349787357478,1.0,baseline,380
645,645,644,1,0.9984496124031008,69.24618424481815,76.37450039776323,116.36992909823022,48.670773201399456,601.2916913020168,0.54344693255079,0.7495456792766134,0.9293620902644961,0.9979089948160299,0.8172503651070193,0.8591137069770411,0.5407872683393918,0.5793503599038029,0.9293620902644961,0.9979089948160299,baseline,381
634,634,634,0,1.0,63.33939603316873,62.895830548226854,106.89312955630584,43.457186218635165,585.1070229693503,0.5267899342884386,0.730799199278399,0.9022492517625484,0.9999999999999999,0.7956982144669178,0.9301595968058152,0.5168609444490012,0.5878441980588821,0.9022492517625484,0.9999999999999999,baseline,382
588,588,588,0,1.0,69.08162906170021,72.30660183186228,111.85147267293496,49.46135562766983,584.3887727316525,0.4843973680503511,0.6967699531722895,0.8771388478704556,1.0000000000000002,0.7204727720176021,0.836263275770283,0.4828886256673012,0.5468645315430665,0.8771388478704556,1.0000000000000002,baseline,383
596,596,596,0,1.0,68.59024814686867,63.08278393635868,123.52107432432348,48.73907668116509,590.9443247475162,0.5064212027551763,0.7053505279952446,0.8906035995611028,0.9999999999999997,0.7503853024233961,0.8279156187673214,0.4968125825932334,0.5332856624146893,0.8906035995611028,0.9999999999999997,baseline,384
645,645,631,14,0.9782945736434109,78.82696898004923,77.19439084128527,139.72056977246916,58.35319580550987,610.7943061509594,0.5348073806553512,0.7414305788734455,0.9590856106003265,1.0000000000000002,0.8071935366140913,0.8426277914684371,0.5346137493727169,0.5572786268802499,0.9590856106003265,1.0000000000000002,baseline,385
615,615,615,0,1.0,73.61492497049836,76.71336412312087,123.30933385077509,53.44508729774091,595.998738824734,0.5181545277807826,0.6865080001476496,0.9318104305601167,0.9999999999999997,0.7622416920729823,0.7931266860273877,0.5200998533624482,0.558075139156132,0.9318104305601167,0.9999999999999997,baseline,386
633,633,632,1,0.9984202211690363,73.94504776992645,77.52058376127118,120.42187642225099,54.114145710261326,600.998848280272,0.5348731250297987,0.7213699989229228,0.9201767836594003,0.9999999999999994,0.772975156543304,0.8581949016140102,0.5331990511501064,0.5875770703089173,0.9201767836594003,0.9999999999999994,baseline,387
653,653,647,6,0.9908116385911179,80.2222141953394,91.21962836330235,136.25812009210222,60.43314310541341,605.0380620730159,0.5386916164729305,0.7535432397930322,0.9454564570680863,1.0,0.8152255981071217,0.8319421103592617,0.5399069637417019,0.5538595484005101,0.9454564570680863,1.0,baseline,388
655,655,630,25,0.9618320610687023,79.46766881559381,80.7673068541464,143.85975923807325,58.37605960819613,626.3056773746682,0.5411776701919475,0.7565456377709568,0.9925805680006479,0.9999999999999994,0.8322693686626306,0.8677718226930107,0.5499290113049228,0.5618314512965559,0.9925805680006479,0.9999999999999994,baseline,389
591,591,591,0,1.0,55.810892539061726,53.66972658500407,102.26590481681063,36.18224589199869,588.9679680355383,0.48394998741910045,0.6769927945817531,0.8873575615671961,0.9845912761949185,0.7464599416902489,0.836554839664295,0.4878408166629659,0.5359512734250599,0.8873575615671961,0.9845912761949185,baseline,390
644,644,603,41,0.9363354037267081,100.48084203346323,110.80521686785346,165.4349131489605,80.02310490698605,648.6427818766622,0.5294875985015973,0.7308904639295836,0.9902441379812541,0.9999999999999991,0.8150424453450562,0.7809070709922865,0.5314943983408837,0.5186193094973102,0.9902441379812541,0.9999999999999991,baseline,391
673,673,597,76,0.8870728083209509,100.85912428469425,94.21275730548385,191.8442048678532,79.8771267413981,682.4029351580547,0.5597814733094806,0.8105058776152809,1.0506368454490194,0.9999999999999994,0.8315623181720562,0.7761181681087044,0.5708344292829661,0.5595764141608525,1.0506368454490194,0.9999999999999994,baseline,392
595,595,595,0,1.0,61.899677014093434,63.76245281444653,104.2118248720746,40.91242105561343,581.6559808830367,0.5021974471227165,0.7135055914733672,0.8812977699774545,0.9993903483155412,0.7401930709955149,0.8524494768408549,0.4963809454100885,0.5623341270824346,0.8812977699774545,0.9993903483155412,baseline,393
645,645,624,21,0.9674418604651163,77.00031450064459,73.46588752280005,141.5952686128449,56.57434065980935,628.0115284947931,0.5323977064733026,0.7504011887165923,0.9838635369302275,0.9999999999999992,0.8047296939633356,0.8021287342936427,0.530076208860807,0.533317317724969,0.9838635369302275,0.9999999999999992,baseline,394
645,645,628,17,0.9736434108527132,73.65389777412261,71.76438179639334,145.35962586278254,53.570215577769744,615.4856785465,0.5352761234370857,0.7490633908343667,0.9536298912106986,0.9995013262411497,0.8041134288194323,0.833534698672724,0.5438559341685391,0.562239173548245,0.9536298912106986,0.9995013262411497,baseline,395
671,671,611,60,0.910581222056632,97.31791361434048,96.17631932108634,178.0252124587173,76.5519289363666,656.6712573117909,0.5546179814905572,0.7728200374173465,1.0459131324705413,0.9999999999999991,0.8416540044259581,0.797336104381952,0.5538135399220434,0.512684524630847,1.0459131324705413,0.9999999999999991,baseline,396
613,613,596,17,0.9722675367047309,76.91023043610237,79.01639135657766,135.41454145773343,56.627437045014474,611.4225134307284,0.5102622502781095,0.6906531230096459,0.95025028031231,1.0000000000000007,0.7877809248650205,0.8243940974000427,0.5163934979703744,0.5181944795588546,0.95025028031231,1.0000000000000007,baseline,397
649,649,610,39,0.9399075500770416,91.70053516384773,93.49741665911327,159.38190200521996,71.67309716817697,647.4956166522144,0.530051114136184,0.7224990676919947,1.0168305685668575,1.0000000000000002,0.8053071988249679,0.7814979999958316,0.5435504739049862,0.5281912021598081,1.0168305685668575,1.0000000000000002,baseline,398
615,615,615,0,1.0,62.45345349118709,59.459644362317675,115.5263024458933,42.564229784042425,585.6760122641723,0.5200925338565475,0.7253974648753131,0.8910668688803876,0.9995346583971347,0.7709446910823395,0.8673889292686371,0.5026426678510728,0.5524040435105041,0.8910668688803876,0.9995346583971347,baseline,399
629,629,617,12,0.9809220985691574,79.24550262917279,86.14227619499562,134.48489083497765,59.10605004147479,618.8350446737154,0.5124264908133496,0.6824968851505544,0.970437382166892,0.9999999999999997,0.7880977960457886,0.827698853649531,0.5145673505876623,0.5427283544035055,0.970437382166892,0.9999999999999997,baseline,400
653,653,630,23,0.9647779479326187,86.18815267968245,84.76221655190892,155.64055910145657,66.06738657675201,628.0794658461541,0.5446612132149924,0.78468883916829,0.9727690114554078,0.9999999999999999,0.7929278608502437,0.8038384019598658,0.5376700077773452,0.5442160512387615,0.9727690114554078,0.9999999999999999,baseline,401
671,671,627,44,0.9344262295081968,86.86050873298274,92.84063541224509,162.32798454850416,66.10701156212218,639.5918786346658,0.5526345426204492,0.7810922287060816,0.9872182718197391,1.0000000000000007,0.8603147045897702,0.8448743181391668,0.5613655949433439,0.5420310440204864,0.9872182718197391,1.0000000000000007,baseline,402
612,612,609,3,0.9950980392156863,81.33913109146653,84.86576767620227,137.3634074546112,61.43867341239207,605.0926408585983,0.5084023318919267,0.6985750182402802,0.9374876101789452,0.9999999999999997,0.7597245246356769,0.8022989412192126,0.5001837436557971,0.5316175376558695,0.9374876101789452,0.9999999999999997,baseline,403
647,647,626,21,0.9675425038639877,86.18090544317698,95.22399723746574,151.03113212502927,65.92766485634205,622.0233484584537,0.5343622506589709,0.7421064242002333,0.989122056354204,1.0000000000000004,0.8054470676610117,0.8190992196321187,0.532759897567092,0.5381785305276027,0.989122056354204,1.0000000000000004,baseline,404
622,622,622,0,1.0,66.49567035090483,70.36420559622502,106.86729281765685,46.799176735614274,582.8522485892631,0.5229110270854358,0.6942927939019492,0.9069382119847497,1.0,0.7736832618716627,0.8780797882306125,0.523346508041397,0.592501000328394,0.9069382119847497,1.0,baseline,405
584,584,584,0,1.0,69.25997126195581,72.6591386580875,116.5953108803539,49.355107506385266,588.6633459400732,0.4780654626641581,0.6754390404715764,0.9023883244654302,1.0000000000000007,0.7263171070699234,0.7868830849952281,0.4856842749786569,0.5109805113249537,0.9023883244654302,1.0000000000000007,baseline,406
666,666,621,45,0.9324324324324325,98.62060327914038,109.36095692352407,161.15613707369448,78.53789254078994,638.4068889924172,0.5606509076504604,0.7711583920439965,0.9930012246862369,1.0,0.8368344202739769,0.8116104014478563,0.5496849340961888,0.5249675342454022,0.9930012246862369,1.0,baseline,407
640,640,588,52,0.91875,95.55620537642761,104.47565700876524,173.009826611827,74.55876896465685,664.9246605083526,0.5247268838148746,0.7408256381074607,1.036819874211739,0.9999999999999997,0.7852097325834237,0.7666905181295564,0.5400717041257361,0.5169289749425816,1.036819874211739,0.9999999999999997,baseline,408
628,628,615,13,0.9792993630573248,72.84992229898268,69.0864560317388,139.06348188416524,52.87704463895154,621.5053358570185,0.5166977626734115,0.7029632978846911,0.9891231783694161,1.0000000000000002,0.770594794555502,0.8088666493791178,0.5279825514255657,0.5398183684315,0.9891231783694161,1.0000000000000002,baseline,409
661,661,629,32,0.9515885022692889,79.02542216126035,73.69730236231277,146.8523549071906,58.80684249554287,632.5526346773725,0.5522546429002119,0.7296592254248946,0.9956300617539208,1.0000000000000013,0.8346940618728189,0.8174623807993144,0.5413362407860186,0.541837164853707,0.9956300617539208,1.0000000000000013,baseline,410
629,629,600,29,0.9538950715421304,92.99045782730248,97.28533070635436,153.45505128705423,71.74174148913326,627.1519602287357,0.5288273047814306,0.7450149596264168,1.001148977869035,0.9999999999999989,0.7935224151135755,0.7819700389753598,0.5258405804883117,0.5201422806200465,1.001148977869035,0.9999999999999989,baseline,411
653,653,650,3,0.9954058192955589,72.7592505605307,77.2848598376041,126.6746606685254,52.09207643507851,605.2369674967829,0.5451781556406665,0.7551783646857595,0.9495065989269347,1.0000000000000007,0.8151659593038578,0.8723809026669139,0.5491151183454985,0.5817775288541173,0.9495065989269347,1.0000000000000007,baseline,412
623,623,602,21,0.9662921348314607,82.70854543252567,75.61951061514088,146.86814565224267,62.37659594210564,625.8712209871005,0.5160802648050462,0.7328361137834113,0.9501174681028528,1.0,0.7873990889667808,0.7834610877350634,0.5091331242004564,0.5068090378297996,0.9501174681028528,1.0,baseline,413
643,643,640,3,0.995334370139969,73.97185659830889,76.47373745871559,135.12816480383242,53.93812390656608,614.9934763221112,0.5375134521288768,0.7559864372898382,0.9655539311773301,0.9998187088309687,0.8046464570209184,0.8248171170615923,0.5314277243427156,0.5501039824571454,0.9655539311773301,0.9998187088309687,baseline,414
630,630,629,1,0.9984126984126984,71.55128189656914,68.25891394551698,124.9219732604468,51.68627366622911,604.1057171973235,0.5197417208408154,0.7281323372396371,0.9095950833053658,1.0000000000000002,0.7918314661005232,0.8749690288914417,0.5322396751769398,0.5884263605357111,0.9095950833053658,1.0000000000000002,baseline,415
631,631,630,1,0.9984152139461173,64.90487425751196,61.12748694447623,118.1135786669077,45.296059013472664,601.2228367878591,0.5265894323309119,0.7378783257858867,0.9311364972475664,0.9999999999999997,0.7690381508419138,0.823309766719712,0.5310251614315841,0.5642716912419738,0.9311364972475664,0.9999999999999997,baseline,416
634,634,603,31,0.9511041009463722,83.25976676018655,85.98975461578573,151.56855075542535,62.82987787333595,635.0549227167716,0.5264479783203287,0.7369875693119068,0.9736291188694279,1.0000000000000002,0.8095055413541237,0.8196800688934067,0.529288577549196,0.5366352456379524,0.9736291188694279,1.0000000000000002,baseline,417
639,639,602,37,0.9420970266040689,99.37764859666282,112.18088625000735,161.97355714132448,78.92675826364645,646.8451617398904,0.5311363480123329,0.7224377856852388,1.0176618311803567,1.0000000000000002,0.7981169048336286,0.7888170792604122,0.533305115495373,0.5359227205634638,1.0176618311803567,1.0000000000000002,baseline,418
633,633,618,15,0.976303317535545,81.30178779919902,82.68791554943053,141.2084282034886,61.3279506647105,620.5732805721838,0.5247753708182151,0.7221243871033243,0.9605772235066624,0.9999999999999996,0.7764824416619103,0.7964894890389208,0.5291968472797474,0.5599307785827093,0.9605772235066624,0.9999999999999996,baseline,419
650,650,635,15,0.9769230769230769,75.2481394208611,75.03790644759428,134.46068382675162,55.131153485517764,625.1525189131137,0.5446888897753356,0.7530123671325426,0.9825792209114477,1.0000000000000007,0.8147127003159063,0.8683687148526037,0.5419754037805253,0.5661114320943695,0.9825792209114477,1.0000000000000007,baseline,420
630,630,630,0,1.0,68.13881295743886,78.16836238270531,111.03712658974194,47.42056228624452,579.1290455231913,0.5276434645772926,0.7368718735412056,0.8993334277104148,0.9999999999999997,0.7944642249913927,0.9141466097162687,0.5302285109830759,0.6191674518887779,0.8993334277104148,0.9999999999999997,baseline,421
637,637,637,0,1.0,63.61035279418409,66.37400514592503,115.10919256317811,43.79251491527978,598.8152138197356,0.5194198467535387,0.7259457672011882,0.9294273261368952,0.9902216120826527,0.8052242066234981,0.8317136840756323,0.5313545356184128,0.5558394163931714,0.9294273261368952,0.9902216120826527,baseline,422
654,654,628,26,0.9602446483180428,82.5995957116398,84.83716975705659,141.86414961534672,62.8623788746206,634.9382402118902,0.5355914293634157,0.7044496758816104,0.9852284648425113,1.0000000000000009,0.8132404147231802,0.8224213758688322,0.5431852916119816,0.5343865755469012,0.9852284648425113,1.0000000000000009,baseline,423
585,585,584,1,0.9982905982905983,63.718773121049196,65.01980048849984,106.23124827802809,43.73910106203968,608.5769161737335,0.4943766485295589,0.6882929537087275,0.9013633491388823,0.9999999999999996,0.7333770405055785,0.8083040415304865,0.4846839116983874,0.5244515715920289,0.9013633491388823,0.9999999999999996,baseline,424
664,664,624,40,0.9397590361445783,91.86204929105362,89.28986307691417,162.43142649303388,71.92253747460867,646.9770891127037,0.5513991477778651,0.74620516615401,1.0135032076970976,0.9999999999999997,0.8277699216155401,0.8427773516410164,0.5556842170818417,0.5522607754098603,1.0135032076970976,0.9999999999999997,baseline,425
641,641,631,10,0.984399375975039,87.47077198851983,95.59311666634565,157.78346253107077,67.11948902543979,614.2755856372561,0.5455849988815433,0.7390242952641989,0.9596615868933409,1.0,0.7929468723641907,0.7860341770051992,0.5406768208262501,0.543379531307316,0.9596615868933409,1.0,baseline,426
622,622,619,3,0.9951768488745981,78.97291162114519,88.88475236381035,129.76032950960592,58.85867713142076,601.7900567121607,0.5155844693384667,0.7152483768558678,0.9407070807903855,1.0000000000000007,0.7747831524307087,0.8177672670795904,0.519285798917402,0.558570583828431,0.9407070807903855,1.0000000000000007,baseline,427
604,604,604,0,1.0,62.98007735040869,62.562850647840094,112.62944081396859,43.13772758901164,588.0690862689412,0.51424474762274,0.740481865093519,0.8756859050729997,1.000000000000001,0.7607410573537267,0.8697640548202086,0.5002360587903757,0.5827825645544121,0.8756859050729997,1.000000000000001,baseline,428
710,710,650,60,0.9154929577464789,99.44446583382768,104.65969417346122,181.4586643233235,78.57956801383429,659.2113349988535,0.6011775318760204,0.8215741296396292,1.0458534365509873,1.0000000000000007,0.9029738449168304,0.8893030096211999,0.5991300088506538,0.5922370301375216,1.0458534365509873,1.0000000000000007,baseline,429
635,635,601,34,0.9464566929133859,92.38022113761271,95.33829542218334,167.01260538508603,71.65785734789887,633.2338905842836,0.5339033303861173,0.7524203639291535,0.9639848404077296,1.0000000000000007,0.8058689078684891,0.8043247079773715,0.5390746854132972,0.5477841092578256,0.9639848404077296,1.0000000000000007,baseline,430
667,667,645,22,0.967016491754123,87.0760356580692,94.83503612121365,149.1637520183507,66.5878366798226,636.5728204091262,0.5607777281733364,0.7695588779823345,0.9814668981254783,0.9999999999999996,0.828446273540034,0.8367591416842742,0.5547516149089183,0.5601622991468982,0.9814668981254783,0.9999999999999996,baseline,431
620,620,618,2,0.9967741935483871,74.54774522515717,74.83053329575051,128.9238527632998,54.6093371783455,614.0690384556505,0.5172793562626072,0.6836606128202233,0.9435774779600011,1.0,0.7763059737384841,0.8209607753549044,0.5185124169791742,0.5471624476326092,0.9435774779600011,1.0,baseline,432
634,634,632,2,0.9968454258675079,71.12238464066749,76.1645403709588,122.36727267027044,51.15064785954216,612.0176108686236,0.5367297915252164,0.7479751744882138,0.9240876960924437,0.9999999999999999,0.7883388958198116,0.8280029806578448,0.5167268094739782,0.5387035978829086,0.9240876960924437,0.9999999999999999,baseline,433
629,629,617,12,0.9809220985691574,73.97648894589638,81.42017325411231,128.5759679271507,53.53194696824711,614.2347232025869,0.5323484437047828,0.7315025509562918,0.9767181848807063,1.0000000000000004,0.8013716133560541,0.8636138531734937,0.52083114060515,0.5405183047359161,0.9767181848807063,1.0000000000000004,baseline,434
615,615,613,2,0.9967479674796748,72.58702010335855,67.64877102024559,136.40632537043444,52.661224225600726,611.5056278793995,0.5127424828602648,0.7390164208632632,0.9099939641181414,0.9999999999999992,0.7613622076928845,0.7903694325557833,0.5195974520776423,0.5483381795437412,0.9099939641181414,0.9999999999999992,baseline,435
638,638,638,0,1.0,60.884750932112226,58.98218284318693,107.29279576997828,41.07787579220314,594.6336967326679,0.5380694409348367,0.744182775324745,0.917355241518732,1.0000000000000002,0.7868181640859113,0.8628082756290766,0.5288576880913811,0.5855040297459306,0.917355241518732,1.0000000000000002,baseline,436
635,635,627,8,0.9874015748031496,72.84393254417562,79.70568088390073,124.60651763216129,52.84994672008304,628.8480952751071,0.5222632870664174,0.7140388145091194,0.9595065879202527,0.9999999999999996,0.7893439263713621,0.8670145217715215,0.5247763835642044,0.5836056593742307,0.9595065879202527,0.9999999999999996,baseline,437
602,602,602,0,1.0,67.64563729641165,71.37489021255598,109.54661467988558,47.47678974894093,582.892640116095,0.5067598669048087,0.7076279634316167,0.8833110172196518,0.9999999999999991,0.7633746326053739,0.879013852127141,0.49759337827970057,0.5596738330906524,0.8833110172196518,0.9999999999999991,baseline,438
637,637,630,7,0.989010989010989,81.02703840070016,87.99550034898766,133.90746400917521,60.790066278948146,617.6264464039629,0.5339284966677661,0.7298184432932524,0.9687347696750732,1.0000000000000002,0.7924110827196248,0.8113546019153582,0.5165367452140657,0.5077295686653654,0.9687347696750732,1.0000000000000002,baseline,439
649,649,623,26,0.9599383667180277,88.38361102873785,91.56096394523041,153.77894431332686,68.58493825108397,633.8513674097732,0.5335889001211428,0.7420559924667274,0.982532803382912,0.9999999999999999,0.8060979976654784,0.8378792543372364,0.5420838693813604,0.5613967524636975,0.982532803382912,0.9999999999999999,baseline,440
604,604,604,0,1.0,63.28395060361777,66.067194450394,109.81005005954142,43.55513104389662,571.2142463087043,0.5039511183310244,0.6814974946187706,0.8740390385897934,1.0,0.739590103928701,0.795137764493794,0.5011761131514076,0.5559298354982898,0.8740390385897934,1.0,baseline,441
623,623,623,0,1.0,62.49691993358445,66.22826066477751,115.40666116457692,42.31575025420258,591.4778228724615,0.5220121465519173,0.7522876082048537,0.9246944401185884,1.0,0.7964487797130992,0.8884285621091058,0.508098882692552,0.5708206795652325,0.9246944401185884,1.0,baseline,442
631,631,597,34,0.9461172741679873,85.41994103057908,81.73983635673639,156.41047814223566,65.25166116753677,637.2217731533401,0.5176577050067351,0.712754159705867,0.9950478513016068,1.0000000000000007,0.7962568432588114,0.7841896308964447,0.5445090130344872,0.5372956096883896,0.9950478513016068,1.0000000000000007,baseline,443
633,633,629,4,0.9936808846761453,76.80319372197638,76.52222734253536,131.20224472029247,56.820560796692114,613.3691973983401,0.5154950901870518,0.7230153747610684,0.9403750386056666,1.0000000000000002,0.8027871012535885,0.8203827393019282,0.5212089269147244,0.5477951009041117,0.9403750386056666,1.0000000000000002,baseline,444
602,602,602,0,1.0,68.7872472586459,72.71204228819386,117.00136587221283,49.24602909907304,589.503653947119,0.49610593450556906,0.7091058214144632,0.9070065836289471,1.0000000000000002,0.743559755156487,0.8193078548099565,0.492778142514633,0.5478809459368863,0.9070065836289471,1.0000000000000002,baseline,445
591,591,591,0,1.0,72.19140421692065,76.75127762247874,127.64950967215543,52.362822863540416,594.3765749800688,0.5001336617363841,0.6825643411964424,0.9105874005787661,1.0000000000000002,0.7313214538361261,0.7867661439706384,0.4940474138190846,0.5355663733700796,0.9105874005787661,1.0000000000000002,baseline,446
622,622,620,2,0.9967845659163987,77.23179575675891,79.63409857944953,124.14143572734298,57.07410844983045,611.0249787570032,0.5209022915385417,0.6849390435755522,0.9477578382978504,1.000000000000001,0.7727228457992206,0.851052663396676,0.515292251759974,0.5592750255927937,0.9477578382978504,1.000000000000001,baseline,447
613,613,613,0,1.0,71.44666735352659,75.56923486578302,123.21034164672585,51.66732464262472,596.4204013758831,0.4951398455305244,0.6874634860643717,0.9226719393184558,0.9999999999999997,0.7497636815368247,0.7819024843182906,0.5191858617077048,0.546821541601949,0.9226719393184558,0.9999999999999997,baseline,448
654,654,635,19,0.9709480122324159,75.41005208298681,76.56412651050223,134.21552552956211,55.71141583942,636.5495440978495,0.5430176205321384,0.7541859285141366,0.9706041228902192,1.0,0.8159781990469398,0.8596082651174017,0.5409211187697142,0.5798264440208647,0.9706041228902192,1.0,baseline,449
623,623,620,3,0.9951845906902087,76.94076823783179,77.3280914976271,135.24887761150887,56.41937778971488,608.3914823244438,0.5090919386061324,0.690863523877179,0.9473365571427367,1.0000000000000002,0.7826665101103838,0.8310860173799847,0.522492722943693,0.5402206827515433,0.9473365571427367,1.0000000000000002,baseline,450
636,636,609,27,0.9575471698113207,87.94692794601468,87.03317406490217,158.77758262644937,67.56140481661934,633.8366420548676,0.5317685716676487,0.7539804537785596,0.993523660366324,0.9999999999999994,0.7911808614214701,0.7998225870568513,0.5225614479640852,0.5196809988338338,0.993523660366324,0.9999999999999994,baseline,451
634,634,627,7,0.9889589905362776,78.59798195403367,83.58794466599943,137.83387020587747,58.53984393661165,611.0065427026132,0.530988789542914,0.7170909401726059,0.9713043158986104,1.0000000000000002,0.7809319488135195,0.7851408521825907,0.5337705990881725,0.5612814908462639,0.9713043158986104,1.0000000000000002,baseline,452
628,628,628,0,1.0,66.83772047753054,68.71907190025973,112.81737594099042,47.133521459699516,589.1781521988007,0.5331360857169144,0.7339079624903118,0.9232082114952271,0.9999999999999992,0.7881318585479318,0.8443889832730829,0.5127833658358175,0.5483954723654121,0.9232082114952271,0.9999999999999992,baseline,453
631,631,631,0,1.0,59.8388830097156,60.857418328199174,101.98873560606506,39.801621188275526,580.5224166185222,0.5383382314214427,0.7398460081451862,0.9086969493402979,1.0000000000000009,0.7796710215715914,0.8392003017495655,0.5249347132879395,0.5857704068324981,0.9086969493402979,1.0000000000000009,baseline,454
648,648,626,22,0.9660493827160493,82.08877173857084,79.87453845952851,141.14581967727105,62.14289978556762,630.7716026163281,0.5374116752944587,0.7311098633618427,0.9771982328613508,1.0000000000000002,0.7979045024813209,0.8447761007143959,0.5457018676828206,0.5740659538256199,0.9771982328613508,1.0000000000000002,baseline,455
593,593,593,0,1.0,52.436362354331415,55.25086684758227,91.4624740576865,32.584444955644535,570.7475133287663,0.48939180822766815,0.6945342549532973,0.85448624244023,0.9999999999999997,0.7474513998843423,0.9068144849316896,0.49813988916618657,0.5966819570130405,0.85448624244023,0.9999999999999997,baseline,456
618,618,618,0,1.0,61.93983808506776,62.23225679371237,101.30160291869612,42.038976112383146,586.4158903395777,0.5095694063823972,0.6819673868220348,0.9207623614100071,0.9999999999999991,0.7762994124012336,0.8797687698275525,0.5174645437283093,0.5831187475806966,0.9207623614100071,0.9999999999999991,baseline,457
610,610,610,0,1.0,72.64708650345128,74.56993732791477,131.71770040531754,52.73534609490897,598.1825175463399,0.49005577882537193,0.7116505942214048,0.9008891372131429,1.0000000000000009,0.7521901787741228,0.8260854610483723,0.5175203694673113,0.5693322368128817,0.9008891372131429,1.0000000000000009,baseline,458
657,657,622,35,0.9467275494672754,86.5155880000177,85.21560759170961,158.09855024840158,66.43065869886495,642.4123373411943,0.5394746149380216,0.7656463766042808,0.9838883461411946,1.0000000000000007,0.8136512507585131,0.8201345623292764,0.539070140501205,0.5326969937463284,0.9838883461411946,1.0000000000000007,baseline,459
607,607,605,2,0.9967051070840197,73.1859687163185,76.58207168821772,126.98821949352418,52.66568157525082,612.2606954156562,0.4901205728545275,0.7043130194603874,0.9587298787757973,0.9999999999999999,0.7665919531278093,0.8493524558360358,0.4968575943703354,0.5590709405228003,0.9587298787757973,0.9999999999999999,baseline,460
626,626,626,0,1.0,59.893819434186206,61.697005319392474,100.14209631623885,39.820892596541384,580.1164279203706,0.5120010542640268,0.688583618264849,0.911826719942222,0.9999999999999992,0.7952243500891618,0.9005724500457413,0.5219877737106411,0.5983730966166968,0.911826719942222,0.9999999999999992,baseline,461
621,621,621,0,1.0,71.50680959559118,74.50650016280343,123.38381007771216,51.88136607490352,596.6986366194203,0.4994157516784446,0.6920251315004801,0.9082878498974856,0.9999999999999991,0.7821060522646347,0.8361629114151301,0.5139647916085297,0.5429719403168825,0.9082878498974856,0.9999999999999991,baseline,462
633,633,624,9,0.985781990521327,79.83906114970247,84.42069397813495,143.00904362475626,59.51472904816549,609.3985648506399,0.5189134355377062,0.7256070100036323,0.9494379140778765,0.9999999999999996,0.7984665952975001,0.8032594545733861,0.5344745858578005,0.5421560729186901,0.9494379140778765,0.9999999999999996,baseline,463
638,638,637,1,0.9984326018808778,72.26242991507887,78.23920720162533,127.08066899595013,51.71534457463758,613.9746517240989,0.5292081606576381,0.7254855252065692,0.9367498643438891,0.9999999999999994,0.8175159800957889,0.9112653460169649,0.5208038902819974,0.5716841427113707,0.9367498643438891,0.9999999999999994,baseline,464
667,667,628,39,0.9415292353823088,88.75722003884357,87.67892439799283,158.58494926967404,68.4978850574277,635.5280278084067,0.5472093619744847,0.7658278136988397,1.000415255810513,0.9999999999999996,0.8507233970500591,0.8204604674663478,0.5468287256566163,0.5376788522043473,1.000415255810513,0.9999999999999996,baseline,465
618,618,614,4,0.9935275080906149,69.42093912878968,63.48012055420111,129.53159336622423,49.43381813832865,606.0108497022296,0.5159889095668038,0.7591187246255204,0.9221615245719892,0.9905448778983665,0.7795109395871764,0.8363947586211634,0.5107559348629802,0.5364020436254265,0.9221615245719892,0.9905448778983665,baseline,466
637,637,622,15,0.9764521193092621,75.29001006417897,77.35786534035324,137.99074018578943,55.16849755501942,620.0248977990141,0.5406739485927886,0.7560747264349749,0.9700834821344753,0.9999999999999997,0.8064444898837954,0.8339503908923598,0.5268920365321057,0.5469476469219747,0.9700834821344753,0.9999999999999997,baseline,467
641,641,610,31,0.9516380655226209,80.638200999805,76.18630822130626,140.9364664992329,60.68161926915346,650.2655737055519,0.5300194002700703,0.6991972287894407,0.9901157322911384,1.0000000000000002,0.7995554728952732,0.7952084876390715,0.5265107880822372,0.5333253507457386,0.9901157322911384,1.0000000000000002,baseline,468
619,619,619,0,1.0,75.60157925899433,83.51993275465702,118.92012754161186,55.564342100305296,593.9235331364561,0.5264976897305553,0.7027764642834369,0.9113772330305392,0.9999999999999991,0.7820256965545668,0.8375898218264767,0.5159361781996935,0.5709162812927298,0.9113772330305392,0.9999999999999991,baseline,469
633,633,633,0,1.0,68.12848100582991,70.2323458559944,112.5034021467331,47.99406572487743,592.4299241988696,0.535713352621599,0.7165226111172824,0.9081486362837391,0.9999999999999989,0.7956898514950504,0.9152562839437367,0.5186362609679559,0.597469470782474,0.9081486362837391,0.9999999999999989,baseline,470
653,653,652,1,0.998468606431853,63.79866548312643,64.24614949739865,111.80684326429014,44.00697427077966,601.62551011992,0.5307583551887982,0.6941141522670339,0.9322340837905869,0.9999999999999999,0.8330922017001383,0.8880945034055238,0.5441657531793281,0.5664280252639426,0.9322340837905869,0.9999999999999999,baseline,471
638,638,635,3,0.9952978056426333,78.26912045288378,87.86288915414823,124.24659597878241,57.79319234581813,607.5463969920877,0.53197073601838,0.7117453355711751,0.9399403565602565,0.9999999999999999,0.8303680044501486,0.8600727907522956,0.5232972424356233,0.5597362159160959,0.9399403565602565,0.9999999999999999,baseline,472
611,611,611,0,1.0,63.960593979392634,70.19533794205881,107.39389594965189,44.26998888437023,590.1505564149847,0.5152861754719577,0.7145828998781253,0.9030676818827084,0.9999999999999996,0.7495608986727313,0.8385039785828551,0.5228018949178442,0.5650696986253932,0.9030676818827084,0.9999999999999996,baseline,473
650,650,627,23,0.9646153846153847,81.99769335784322,88.78997833503666,145.15303382077127,61.55867492895543,628.7086213707047,0.54001967741401,0.7620978499185694,0.9451959275676622,1.0000000000000002,0.8149058551689016,0.8302042115925599,0.5492326016282261,0.5576893002067539,0.9451959275676622,1.0000000000000002,baseline,474
641,641,633,8,0.9875195007800313,74.7710089215763,77.5491755739898,130.56524007004276,54.132017412355374,613.4702351355835,0.5312894099987899,0.7685134644064834,0.9459179565704167,0.9999999999999999,0.7942501114377736,0.87760148354007,0.5377486084778951,0.5960678482561496,0.9459179565704167,0.9999999999999999,baseline,475
672,672,631,41,0.9389880952380952,86.77244223928297,88.07278098330806,160.78558874038953,66.06518422856509,634.6042781021439,0.5587362088784004,0.7706933437122135,0.9983514728960808,1.0000000000000002,0.8778928625689716,0.894897950757924,0.555759165796176,0.5523208345437401,0.9983514728960808,1.0000000000000002,baseline,476
615,615,610,5,0.991869918699187,78.28143547335003,79.79548122988317,133.45786238198764,58.47646226558408,612.0046795147725,0.49837306272456433,0.7087432921983368,0.951541333957951,1.0,0.7668412145773594,0.8096973575023106,0.5095737329177067,0.534876499249341,0.951541333957951,1.0,baseline,477
566,566,566,0,1.0,58.72861407807241,61.010079727363575,97.827311286608,38.756229333798125,567.2163524422676,0.4818331762137296,0.6509140961989758,0.8634798986447665,1.0000000000000007,0.7107189660858139,0.8471331809804752,0.46949702629562967,0.5469762540529091,0.8634798986447665,1.0000000000000007,baseline,478
622,622,622,0,1.0,64.76931861950021,64.24646908545617,116.68260389091824,44.93437294120721,596.4866767475249,0.5127224699942884,0.74673315944564,0.9229174483130235,1.0000000000000002,0.7772711696457779,0.8420448153938038,0.5112777857252379,0.5653743504459893,0.9229174483130235,1.0000000000000002,baseline,479
645,645,645,0,1.0,69.2301640558087,67.66420277030119,125.37305940806783,49.227059038704766,590.7031847611769,0.5421073304913635,0.742395625946592,0.9315512304110466,1.0000000000000002,0.7926760143865679,0.8691760785020716,0.5351699252021934,0.5928235372114337,0.9315512304110466,1.0000000000000002,baseline,480
647,647,639,8,0.9876352395672334,73.98575703470816,74.99573823319969,129.71177566633486,54.14865412636843,606.3030505131064,0.5509203417512285,0.754018830270296,0.9503425194133504,0.9999999999999994,0.8123908699209353,0.8567853644217124,0.5379840336943098,0.5538111665804393,0.9503425194133504,0.9999999999999994,baseline,481
663,663,649,14,0.9788838612368024,83.9123965358707,83.2310684728026,140.96090396392663,64.03164564241375,612.4103495655577,0.548116179964565,0.7357621564798665,0.9858113433375884,1.0000000000000002,0.8168134874499379,0.8427849434386467,0.559792180552239,0.5700051603573505,0.9858113433375884,1.0000000000000002,baseline,482
616,616,615,1,0.9983766233766234,68.1486338643404,73.32154106259713,116.89992089116447,47.751033847477245,611.5900326999018,0.5190755297215487,0.7162179819490012,0.9528071018535657,0.9999999999999991,0.7682916893491774,0.8105218401526163,0.5110916096422361,0.5555771755712204,0.9528071018535657,0.9999999999999991,baseline,483
642,642,601,41,0.9361370716510904,100.40228974045174,107.0454866544944,171.21279148998667,79.97960529870394,646.5621071258142,0.5333388028381674,0.754687554546279,0.9816368291113098,0.9999999999999994,0.7960268629514684,0.777061067740806,0.5286126254685289,0.4899422580885295,0.9816368291113098,0.9999999999999994,baseline,484
651,651,601,50,0.9231950844854071,97.7760721537887,98.20416748113692,173.72482881109136,76.08090031854235,651.3299586964272,0.5468535869797018,0.7646820668955403,1.006668022156171,0.9999999999999996,0.8069816432149224,0.7804800691319739,0.5451688284112318,0.5314371815814289,1.006668022156171,0.9999999999999996,baseline,485
655,655,606,49,0.9251908396946565,100.4885973032303,104.26190849655472,174.07176846164236,80.1260132240212,668.8463816106874,0.5560568000654343,0.767352642857871,0.9886954193471509,1.0,0.8243745227303664,0.8076231528626419,0.5504585606937249,0.5209864776112569,0.9886954193471509,1.0,baseline,486
630,630,629,1,0.9984126984126984,64.93626710480231,65.72632392994984,118.73661853686946,44.818591648842755,601.9308958200685,0.5199864205749465,0.7154569946703311,0.9579996060373079,0.997227609847117,0.7875252363818646,0.8653365637032869,0.5161487148973584,0.5538010850332048,0.9579996060373079,0.997227609847117,baseline,487
651,651,642,9,0.9861751152073732,79.6622066847577,79.7728965226996,141.04387582518808,59.96874560059445,610.3874533180413,0.5514951762145835,0.7367198636920208,0.9543902644059581,1.0000000000000002,0.8026495288014187,0.7953608125096127,0.534727535359346,0.5312306792706917,0.9543902644059581,1.0000000000000002,baseline,488
642,642,601,41,0.9361370716510904,80.43202504686529,83.66786008637104,152.65834887401587,60.32953676643596,662.9749096544659,0.531986986772644,0.7042883532472279,1.018688476299247,1.0000000000000009,0.8024079062307949,0.7997649689967226,0.5314247496627751,0.5197078695518441,1.018688476299247,1.0000000000000009,baseline,489
615,615,611,4,0.9934959349593496,78.22318139624088,82.04639881025165,130.10312800519858,58.40822305150115,601.3976004184165,0.5054044231260633,0.6922220088650345,0.9376763114818842,0.9999999999999991,0.7563917865046874,0.7997380309018898,0.5113444944527022,0.5383336984145535,0.9376763114818842,0.9999999999999991,baseline,490
665,665,629,36,0.9458646616541353,86.23301728756675,90.7866420795821,157.30139558094726,65.50499460595628,643.6198383296486,0.557481404860032,0.7642166088123471,1.0255940377566513,1.0000000000000002,0.8254490701574696,0.8570166675456162,0.5493613547519774,0.5515071704698665,1.0255940377566513,1.0000000000000002,baseline,491
669,669,631,38,0.9431988041853513,87.7367564361489,82.77597999582622,161.53216718076828,67.4167759716967,632.7890833515974,0.5583695838245324,0.751129582155538,0.9913032426470394,1.0000000000000002,0.8130803196923542,0.7831163387057053,0.5573021198856937,0.5391376244302335,0.9913032426470394,1.0000000000000002,baseline,492
592,592,592,0,1.0,53.53146219450643,54.229938181779005,93.49930677546996,33.969883048486615,590.2611853033864,0.48855456746871084,0.6532225711494716,0.8913479687622416,1.0,0.72884129366003,0.8113075787958692,0.48095484244027403,0.5497524130927561,0.8913479687622416,1.0,baseline,493
637,637,636,1,0.9984301412872841,72.29928309210032,79.72648576666174,123.29515659159028,52.73786554142514,601.8594964041754,0.5216381140854753,0.722203012179677,0.9259968404980602,1.0000000000000002,0.7910121118148429,0.8845973952148942,0.539674898097042,0.6067982778267311,0.9259968404980602,1.0000000000000002,baseline,494
644,644,603,41,0.9363354037267081,93.43660191943314,106.68167088187312,157.6038962887584,72.56842156819938,644.3980588948842,0.5283105346920876,0.7336485315569969,1.0082368101624983,1.0000000000000002,0.8226147345826119,0.8515496715900441,0.5375979006752762,0.5301712244506559,1.0082368101624983,1.0000000000000002,baseline,495
657,657,629,28,0.9573820395738204,91.58104076869358,100.8078760458325,148.17205614341697,71.51603771811293,633.170398688378,0.5578172151924292,0.7558442380390026,0.9911393377765707,1.0,0.7899491485927781,0.8112057197038628,0.546424084624187,0.5416182568253644,0.9911393377765707,1.0,baseline,496
634,634,599,35,0.944794952681388,80.60170090085985,75.48000849969347,153.0712520735538,59.38860799167775,636.6635206636796,0.5373846437010057,0.7626063890213062,0.9552980829201315,0.9999999999999991,0.8309709068087945,0.8982516826338169,0.5308701588598614,0.5729040578998307,0.9552980829201315,0.9999999999999991,baseline,497
648,648,628,20,0.9691358024691358,81.52567392464039,84.91996888103489,147.15525177830017,60.776856613364444,666.1123310430229,0.5445530959203697,0.7751591011677649,0.9932157557482139,0.9999999999999999,0.8047071993082423,0.8260540611886996,0.5512968859941256,0.5761169677001,0.9932157557482139,0.9999999999999999,baseline,498
602,602,602,0,1.0,60.423288775066574,56.25198113152919,105.95246261786616,40.2404371296766,575.6369679143418,0.5094376790151136,0.6929796997146807,0.9149310961217952,1.0000000000000002,0.7443552880699172,0.8070363387778481,0.4985323008647468,0.5399362238471089,0.9149310961217952,1.0000000000000002,baseline,499
599,599,599,0,1.0,38.76329528300511,42.63022960323218,62.46523637571528,20.93688393135173,520.0943094017107,0.5055103853538279,0.6757596113732177,0.7795599397490761,0.9858636732695643,0.7426192613328366,0.9038916768602583,0.4901438823220255,0.5765500657683659,0.7795599397490761,0.9858636732695643,amr_automation,0
603,603,603,0,1.0,43.529647740964535,45.931446502564796,71.83989129900607,25.87049554952716,528.5688619859488,0.5091363802510308,0.7453671954938137,0.7978864262521745,0.9992519658676879,0.7484616761855246,0.9466992741455871,0.5118392930729097,0.6615958350273828,0.7978864262521745,0.9992519658676879,amr_automation,1
571,571,571,0,1.0,38.204114920085686,39.20746599946213,63.53752857142695,21.17900710791766,522.2040704557559,0.48412418067313917,0.6804011581620588,0.7687587673759478,0.9999999999999991,0.7040150064393556,0.9027831263484568,0.4697433314218378,0.6153652941403145,0.7687587673759478,0.9999999999999991,amr_automation,2
659,659,659,0,1.0,56.661154089323354,52.47279243695752,100.17530956026326,38.420563723677844,559.9678829805017,0.5572217298795646,0.79310638178616,0.8724034246002437,0.999893430150145,0.8237237777615675,0.921847575584041,0.5507399114220818,0.6178843111726992,0.8724034246002437,0.999893430150145,amr_automation,3
672,672,672,0,1.0,46.29269634437427,50.127671273913705,75.18882019129279,28.970422494366954,552.8426304845716,0.5583331636188127,0.7494787990099913,0.8603862148636272,1.0000000000000007,0.8195590557057646,0.9712513690850849,0.5544079219284634,0.6649961938695403,0.8603862148636272,1.0000000000000007,amr_automation,4
654,654,654,0,1.0,44.42229894131882,44.26717807267019,80.7712022150838,25.405966516062502,548.7177687771133,0.5437141530510051,0.7474053658665799,0.8404166410766688,0.9849482511482172,0.8251159069094229,0.9563425259360622,0.5464300876801956,0.6300889547920511,0.8404166410766688,0.9849482511482172,amr_automation,5
639,639,639,0,1.0,44.90673919886995,50.38756844284404,74.59571790164875,26.68641494732732,534.8834683720212,0.5257966271507141,0.7166933801767045,0.8417252143069164,0.9999999999999993,0.8111152624610006,0.9648161410865956,0.5367090114549804,0.6551829805076118,0.8417252143069164,0.9999999999999993,amr_automation,6
602,602,602,0,1.0,41.469985202628266,45.763608450030404,68.32149642065093,23.80617976545332,523.266037838124,0.5064968611608854,0.7127621460828518,0.7800176669677229,0.9953974954201484,0.7507745382615127,0.9274689558722442,0.5016517291932822,0.6181609999557008,0.7800176669677229,0.9953974954201484,amr_automation,7
646,646,646,0,1.0,54.75194796197853,56.92923572063563,97.21202131573165,36.70489030843233,559.4156699852009,0.5419894184756254,0.7513876272622214,0.8525524739606413,0.9999999999999996,0.8140080315068314,0.9460316266287396,0.532315547077971,0.6199156945577523,0.8525524739606413,0.9999999999999996,amr_automation,8
669,669,669,0,1.0,58.78400498220038,58.53427076924402,101.55633863767969,42.0668478999712,579.6833301216892,0.5576313183949293,0.778863929476496,0.8730115233650325,1.0,0.8152411949647832,0.9266738369114159,0.5569529509188915,0.6356001771525401,0.8730115233650325,1.0,amr_automation,9
612,612,612,0,1.0,44.94547525668508,48.48913065327028,74.16298313499067,27.570848624647677,545.2605641099526,0.5188428241595069,0.7008053130169133,0.8162729919229836,0.9999999999999993,0.7736853980966046,0.9290206488340585,0.5052630814163326,0.6052991125627818,0.8162729919229836,0.9999999999999993,amr_automation,10
653,653,653,0,1.0,46.78110588891189,50.02631612491706,77.82525770030537,24.95812434071804,544.0255462013441,0.5480677071649568,0.7468310862196675,0.827279460058332,1.0000000000000002,0.8222041112906165,0.9986324558441494,0.5535202563071275,0.6639822907384813,0.827279460058332,1.0000000000000002,amr_automation,11
637,637,637,0,1.0,53.00073624477067,61.67982076294865,89.99459319636009,34.049010791867644,553.9190831109823,0.5274907375108262,0.763968508770764,0.824971623776131,0.9972465641782312,0.7909491341005697,0.931587291050319,0.5365353219785312,0.6268713324658564,0.824971623776131,0.9972465641782312,amr_automation,12
619,619,619,0,1.0,39.43116125449199,42.86141896354394,59.79393367075642,18.10739956064919,522.7361113320836,0.5232584705643472,0.7367957525499527,0.7821639352742173,1.0000000000000002,0.7950753744755767,0.9932091156707531,0.5106970155323132,0.6565789454808458,0.7950753744755767,1.0000000000000002,amr_automation,13
645,645,645,0,1.0,54.44084024589469,61.71238552765783,93.37919167615559,36.345875497036296,556.3628290319156,0.5341485654315993,0.7717827980199513,0.8474791331633371,0.9932040947710439,0.8076120604426876,0.9522320757644621,0.5304312509527771,0.6157309438349836,0.8474791331633371,0.9932040947710439,amr_automation,14
634,634,634,0,1.0,45.078832117062106,49.054914465110244,74.26969690101515,26.78032929241896,547.2646786428702,0.5410102348008051,0.7509341087550118,0.8295345189404172,1.0000000000000004,0.7808037203189898,0.9751091225926133,0.5274004239747218,0.6465025956376775,0.8295345189404172,1.0000000000000004,amr_automation,15
642,642,642,0,1.0,50.00883385568155,47.584839705560256,84.25752053272356,32.584782270573335,554.4143360793904,0.517490527514995,0.7175784265184206,0.8214605941660069,1.0,0.7878622311417411,0.9255476067317178,0.5383829367676343,0.6359712121780752,0.8214605941660069,1.0,amr_automation,16
615,615,615,0,1.0,39.754705496416335,39.013277097500634,68.35903707061522,22.939891814054214,536.5394146048706,0.5132802582980706,0.7283062938335555,0.8062573264660926,0.9915460525907591,0.7451407715332735,0.896998228323764,0.5129718683771132,0.6207242181425854,0.8062573264660926,0.9915460525907591,amr_automation,17
635,635,635,0,1.0,42.43134496344748,39.89376781615613,71.00894344409733,25.388538883801985,543.208721942676,0.5328065478147681,0.7312944704085806,0.82200042084825,0.9999999999999993,0.7819485495597848,0.9415056579480853,0.5341689998193411,0.6288803729822624,0.82200042084825,0.9999999999999993,amr_automation,18
617,617,617,0,1.0,49.846044849580665,52.15985878510719,84.16426342426956,32.43546835314796,536.2861985363132,0.4971187387263648,0.6563151411212177,0.8149838558365526,1.0000000000000002,0.7771297500834337,0.9357959683614759,0.5079672981518446,0.6032794323743467,0.8149838558365526,1.0000000000000002,amr_automation,19
630,630,630,0,1.0,42.39219521559834,38.961540980949906,74.64047750104368,25.489216950632606,535.7837240807773,0.5174647250309409,0.6934571025695999,0.8236598085819602,0.9997259386181009,0.7660109867838967,0.8960432797662499,0.5292779259950783,0.6249076010134612,0.8236598085819602,0.9997259386181009,amr_automation,20
657,657,657,0,1.0,49.25483986026722,54.809202503710196,80.36609463987787,29.343122719587168,545.7154948918397,0.5629412827995531,0.7845454522380129,0.8591191144126061,1.0,0.8231052045623385,0.9968284226210372,0.5485088342016978,0.6518972823697325,0.8591191144126061,1.0,amr_automation,21
675,675,675,0,1.0,55.936412684275766,67.80162537108251,87.78155393715599,36.65530021116852,555.8651214865756,0.5556615627433692,0.7956479783854083,0.8319069242916196,0.9984096963596862,0.8350102005953576,0.9992170656410669,0.5657169387339355,0.6777626066728755,0.8350102005953576,0.9992170656410669,amr_automation,22
603,603,603,0,1.0,38.72196215853681,39.822830720195924,61.87186361182518,19.368409374733435,525.6322703609178,0.5028897061246673,0.709949013634394,0.76747267646368,0.9786283037680223,0.7543055568986367,0.9304869860613677,0.5079723715764074,0.6450755315568795,0.76747267646368,0.9786283037680223,amr_automation,23
659,659,659,0,1.0,49.86201799713621,50.38316343736372,85.33248072237325,30.725741168342676,547.937681828799,0.5399500862950635,0.7271385273205522,0.8289049946245436,1.0000000000000002,0.8288613050276761,0.9802476964214895,0.5421858908587,0.6465000219969185,0.8289049946245436,1.0000000000000002,amr_automation,24
659,659,659,0,1.0,40.20797822469001,32.294480624483924,75.9411422965378,18.518223296060025,540.561035781099,0.5556132021734149,0.7807250338547748,0.8311240737843079,0.9835273390687265,0.8360183553292208,0.9979816002963469,0.5492463603711488,0.6552281333646651,0.8360183553292208,0.9979816002963469,amr_automation,25
616,616,616,0,1.0,45.84929507844361,54.76952122893499,74.470279447015,28.149264867204387,548.1269030766696,0.5189107963881043,0.731892935858562,0.8033328558752676,0.9723897485140609,0.7766407657830818,0.9447883079984145,0.5217807046113079,0.6430657595269289,0.8033328558752676,0.9723897485140609,amr_automation,26
629,629,629,0,1.0,49.706455636889885,57.23751817176628,80.3365819864722,31.841995226357437,551.8003967551095,0.527948806293657,0.7521064103997164,0.8431492100474988,1.0000000000000002,0.780971059519381,0.9409062348056156,0.5145108176027171,0.6231355228331892,0.8431492100474988,1.0000000000000002,amr_automation,27
600,600,600,0,1.0,46.21032569780805,49.29930248479536,79.15491050565413,28.422273402713646,540.4026857079712,0.49927497612410937,0.7136959950171624,0.7757409074467722,0.982688358851417,0.7620989208537026,0.9432325861632194,0.4994089616045641,0.6069480622592843,0.7757409074467722,0.982688358851417,amr_automation,28
623,623,623,0,1.0,53.44134948384052,55.294930354526514,93.33223909400908,35.507454276527504,557.9537207942973,0.5230363562829785,0.7791687063248648,0.8311677053276498,0.9997869880582844,0.7644968856627952,0.9088333642755326,0.5224834176119169,0.6050538155998029,0.8311677053276498,0.9997869880582844,amr_automation,29
635,635,635,0,1.0,49.00643097901382,49.92103636148019,78.5221993990287,29.165843433374867,524.1572917885089,0.536512219883063,0.7308550338194795,0.8131717924580717,1.0000000000000002,0.7867384575947349,0.9945146168831416,0.5277581093819284,0.6562818486494133,0.8131717924580717,1.0000000000000002,amr_automation,30
651,651,651,0,1.0,57.21979660110106,64.73883628784816,106.68865956233668,39.645985964861616,570.0507140935065,0.5498793593626242,0.7798583486172045,0.8494980745449375,0.9992392722677189,0.798795777818135,0.9246086940634994,0.5500577096056664,0.6327767192636026,0.8494980745449375,0.9992392722677189,amr_automation,31
638,638,638,0,1.0,47.13614665823454,49.554741545732355,81.98659756265641,29.82997159205135,549.6354042557641,0.5259101077454549,0.7220351787030481,0.8523973436035779,1.0000000000000007,0.8003113281089839,0.9218082794059314,0.5435217446307683,0.6341791324241842,0.8523973436035779,1.0000000000000007,amr_automation,32
638,638,638,0,1.0,48.795676302025974,50.200712145463115,81.37730631987961,30.80055547187078,556.8483609883467,0.5340298517184878,0.7319920841551968,0.8526806469516537,1.0,0.7940813744296136,0.9399703163908548,0.5362909693681082,0.6352986102289696,0.8526806469516537,1.0,amr_automation,33
675,675,675,0,1.0,57.69702274437665,58.6186938161421,100.12336001982197,38.048487024521954,571.0701644231434,0.5681825566204568,0.793415363630887,0.8701870576165986,0.9999999999999996,0.8479650316540972,0.9819091771758903,0.5665166974250873,0.6372201171820822,0.8701870576165986,0.9999999999999996,amr_automation,34
615,615,615,0,1.0,38.65276364789428,39.78761251769396,65.61051010926388,21.464848862796686,524.0033865071958,0.503062025697126,0.6986617364606437,0.7978735368698762,0.9999999999999996,0.7507721947436322,0.9438583324024962,0.5122475816478265,0.6522588107920888,0.7978735368698762,0.9999999999999996,amr_automation,35
598,598,598,0,1.0,43.654393942139485,47.50863399499798,76.95420409900464,25.86347074322203,544.3132807917196,0.5054627555527865,0.7230349852399667,0.7837609936866046,0.9992915526971705,0.7666735927372706,0.9358426353139122,0.5028695683040061,0.6268943305632733,0.7837609936866046,0.9992915526971705,amr_automation,36
626,626,626,0,1.0,46.148260042454396,51.08783899049379,71.0682362920362,27.526847361517316,525.082277445185,0.5218683636254074,0.7030232327838474,0.8181844841367766,0.9999999999999998,0.7804449020290294,0.9638181467607178,0.5231902519545777,0.646051977651769,0.8181844841367766,0.9999999999999998,amr_automation,37
645,645,645,0,1.0,43.30411016918508,44.50269076262637,68.58965016219372,23.733384665810526,541.018082525744,0.5526313810871039,0.7430285862874161,0.8220002048533636,1.0000000000000009,0.8173284234473416,0.985018252770803,0.5420654529060368,0.6740494858747567,0.8220002048533636,1.0000000000000009,amr_automation,38
610,610,610,0,1.0,45.486694577577865,52.21801203207167,70.62435580752589,28.50545941358421,532.7500510766334,0.510849787390059,0.6830773092187977,0.8104095335533456,1.0000000000000002,0.747167877914293,0.886606011404873,0.5045236031856535,0.5838465709392948,0.8104095335533456,1.0000000000000002,amr_automation,39
634,634,634,0,1.0,52.40749891205509,54.6340792942087,89.54832301786797,34.167925813482846,549.3186030144669,0.5307541157812862,0.7588817306351602,0.8125022296568318,0.9999999999999998,0.805234074653506,0.9707776785463705,0.5186756519940504,0.6202912087178948,0.8125022296568318,0.9999999999999998,amr_automation,40
612,612,612,0,1.0,38.336959658781986,36.29456245341652,65.34198600069288,19.800185674285448,518.138003069532,0.5189393910692474,0.7257007583363512,0.7726914195277488,0.9951638190951468,0.7568109905972423,0.9618201247918767,0.5165813291464628,0.6674171524746407,0.7726914195277488,0.9951638190951468,amr_automation,41
624,624,624,0,1.0,45.2455741360502,47.43308542921551,68.23634485805263,24.27810468791495,521.8476888513313,0.5045010301106925,0.680933933590607,0.8006421063167669,1.0000000000000009,0.7900196741485592,0.9999999999999998,0.5382126307802978,0.6972780621625824,0.8006421063167669,1.0000000000000009,amr_automation,42
643,643,643,0,1.0,51.90561615848428,58.594284865194055,85.31474151217748,33.908228947280776,560.9732640092042,0.5429130414320444,0.7895427289659567,0.8347593492674715,0.9990767603387901,0.8077593992367865,0.967653880000455,0.5293113638471066,0.6427891922484176,0.8347593492674715,0.9990767603387901,amr_automation,43
618,618,618,0,1.0,52.060418772266466,62.956321280822806,77.99040927249393,32.62330387090724,542.1249424266466,0.5142660074130967,0.7031574064788765,0.799998361334924,1.0000000000000002,0.7754490319739643,0.9593783761076716,0.5185440567237629,0.6321017569399356,0.799998361334924,1.0000000000000002,amr_automation,44
630,630,630,0,1.0,45.8148968523327,48.423965878320644,80.40522632751339,29.05169234357133,570.818329396953,0.519691204407858,0.7273697450233613,0.8420968990477847,0.9929344614614907,0.7809751530376307,0.9131233594196781,0.5286688796134184,0.6150283177452865,0.8420968990477847,0.9929344614614907,amr_automation,45
637,637,637,0,1.0,40.627434545068375,37.38461768680409,72.36473724556936,23.278301854279903,539.4708103900279,0.5208008252475427,0.7211557371013632,0.8293433240258451,0.9987716177594153,0.7903675671294906,0.9423506326300527,0.5346716749278465,0.6370613130437501,0.8293433240258451,0.9987716177594153,amr_automation,46
642,642,642,0,1.0,42.30186731182221,48.40455725429132,68.34132688228544,23.458118987726262,537.0334694823194,0.5308168813020192,0.7023843006775563,0.8143313306941531,0.9747706204023807,0.8157522125389657,0.954116440737394,0.5369491946631014,0.6363137366148288,0.8157522125389657,0.9747706204023807,amr_automation,47
618,618,618,0,1.0,42.684111774325565,48.39313226488164,66.6044842037773,25.34953183345628,537.9397189769128,0.5053199029890451,0.7056158645896954,0.8106021493729525,0.9999999999999991,0.7563078562160523,0.9336588349114125,0.5137640348216225,0.6337482312435561,0.8106021493729525,0.9999999999999991,amr_automation,48
698,698,689,9,0.9871060171919771,77.7934305280781,78.6905073633269,135.0800573484371,57.94383274368392,606.0467934944747,0.587859417342637,0.8308898530939524,0.923096653089452,1.0000000000000002,0.8792337492316598,0.8935157931176643,0.5744938717669421,0.5786487507078428,0.923096653089452,1.0000000000000002,amr_automation,49
608,608,608,0,1.0,38.38718289487374,35.802901377844194,67.76915255883733,21.892368348198744,545.0872551988884,0.5151308014348562,0.7319085582432094,0.7919908041158583,0.9787276785879809,0.7637677388224492,0.9195223357496788,0.49797477883263386,0.5950561589984307,0.7919908041158583,0.9787276785879809,amr_automation,50
605,605,605,0,1.0,47.185831223477905,50.479366171633615,74.26512613053626,28.82330921576057,532.562050909182,0.5060685723771964,0.7029742330507547,0.7973631894289275,0.9999999999999993,0.7422790489928934,0.9707758600170215,0.5024398204558432,0.6423967792707739,0.7973631894289275,0.9999999999999993,amr_automation,51
609,609,609,0,1.0,43.997244479448526,45.58566274611357,77.34749003918074,27.494226122303303,533.0856166264871,0.4933869387365862,0.6965566671738853,0.7863461896222922,0.9689409924468875,0.7464935109593251,0.9152862469693518,0.512317269975279,0.6181642902017687,0.7863461896222922,0.9689409924468875,amr_automation,52
631,631,631,0,1.0,44.35005478837067,50.265921391610846,70.17876295373145,25.58641588691843,533.0719855209344,0.5297894718323161,0.7167966558190988,0.815744449027464,1.0000000000000002,0.7979644729300464,0.9608952592345748,0.5285594877185646,0.6514866299561951,0.815744449027464,1.0000000000000002,amr_automation,53
642,642,642,0,1.0,48.25908945939526,49.59211307641863,82.43968942869537,29.840756921737523,544.1139377043628,0.5414755059104623,0.7578605579937624,0.8063981314875439,0.9986653012785572,0.787747678547006,0.9452610057705075,0.5411807998336324,0.6573058733338977,0.8063981314875439,0.9986653012785572,amr_automation,54
627,627,627,0,1.0,46.50745710575141,45.78069073265556,79.56722229273288,29.804653605549934,548.0752572642751,0.5304977593975617,0.7435359824402076,0.8448962018204612,0.9975507326579673,0.7808528234597468,0.9236153271418988,0.5169967773482631,0.5933448425756275,0.8448962018204612,0.9975507326579673,amr_automation,55
621,621,621,0,1.0,34.37564516431232,34.17990769529314,55.07495151227488,15.55013864870704,521.6817141022555,0.5129876078310348,0.6618917105283869,0.7967451822971724,0.9861128889775529,0.7922386131172762,0.9824295704933111,0.5103380497304345,0.6426629838426194,0.7967451822971724,0.9861128889775529,amr_automation,56
643,643,643,0,1.0,43.068345563336706,51.85191012433626,66.28608947908953,21.291119597845867,536.4414154800662,0.5404378064960467,0.7293890697686912,0.8181541754328204,0.9997837964905282,0.8114531158531696,0.9702700880963693,0.5362961856970879,0.6293522761412068,0.8181541754328204,0.9997837964905282,amr_automation,57
583,583,583,0,1.0,37.71711755641278,38.481469404856,60.40520181771183,19.47531131127465,504.4828617679283,0.48697678107869424,0.6974572718948653,0.7551306480484216,0.9999999999999998,0.7291816123447242,0.9632791177344359,0.49200238014107994,0.6348123146308502,0.7551306480484216,0.9999999999999998,amr_automation,58
647,647,647,0,1.0,43.920058556722076,39.40757249570731,76.33916531471203,24.285310912485006,539.1871841231541,0.5560608679956979,0.7824647014274164,0.8177082308032596,1.0000000000000004,0.8191599313596092,0.9918371584502156,0.5321048094924287,0.6432830261613885,0.8191599313596092,1.0000000000000004,amr_automation,59
660,660,660,0,1.0,56.71056784541469,64.15319062941842,94.23809611004106,39.44152058292163,570.3061723415942,0.5453106101260905,0.7423307726055618,0.890800673487276,0.9999999999999991,0.8226013097598409,0.951273146215791,0.5566590616805189,0.6336295922674836,0.890800673487276,0.9999999999999991,amr_automation,60
610,610,610,0,1.0,51.30008802642098,56.39177564267905,81.2485848026289,32.9141113321043,539.4681735735038,0.5155935580706237,0.7098642250419658,0.8037035993616148,0.9999999999999996,0.775366518980849,0.9777594277943147,0.5113255216165218,0.6395185696943603,0.8037035993616148,0.9999999999999996,amr_automation,61
655,655,655,0,1.0,51.488815908326835,56.81374991662571,91.94348748140641,33.6902467469773,552.4437545549167,0.5478812438907976,0.7548231344923342,0.848592871054993,0.9849813958190381,0.802331071031022,0.9236048303899518,0.5486110122792943,0.6263749566977791,0.848592871054993,0.9849813958190381,amr_automation,62
626,626,626,0,1.0,50.181221055358435,58.40297930731157,79.87333745729944,31.83887793847446,543.8790801005235,0.5251560343567405,0.7305047579073918,0.8070359581953802,0.9998767518295931,0.7873040959465456,0.9814110785527544,0.5233487619997118,0.6386024832685869,0.8070359581953802,0.9998767518295931,amr_automation,63
622,622,622,0,1.0,49.800001387478105,61.38915233927764,78.96463411192474,32.28921098754987,558.3848229777723,0.5147910901791004,0.6965766967580572,0.8423411627832781,0.9999999999999993,0.7798859549765704,0.9022927353294447,0.5277038448063671,0.6143043828549712,0.8423411627832781,0.9999999999999993,amr_automation,64
622,622,622,0,1.0,49.70089370924965,53.161776447737054,88.38559343752104,32.73513763736806,549.2316370450221,0.5205050695800805,0.7336426328477677,0.8192060179259794,0.999784700940952,0.7658744307013384,0.9056561872173023,0.5106658279298322,0.596106749639497,0.8192060179259794,0.999784700940952,amr_automation,65
673,673,673,0,1.0,69.77681647703923,72.94790492338359,124.68192812545146,52.18761438738264,586.0371689873461,0.5579784595370872,0.799846189596233,0.896158338078136,1.0,0.8357783284895053,0.9173808197153774,0.5692787344518853,0.6319605654488203,0.896158338078136,1.0,amr_automation,66
642,642,642,0,1.0,48.400611313512805,56.603103988722864,79.18629400451596,31.210308424063246,541.1485479207514,0.5293436143142409,0.7434075942918058,0.8313585182078939,0.9946369262067628,0.7774572223067716,0.9263578049538265,0.5481033231850837,0.6419290995751628,0.8313585182078939,0.9946369262067628,amr_automation,67
594,594,594,0,1.0,28.915849998545625,26.00108553719994,48.88555955529915,8.476081906266328,496.7660074507241,0.4899632612900243,0.6376066573647975,0.7623518242273853,0.9875211963831524,0.7472243561653888,0.9930079822491488,0.5011959829762257,0.657126703883,0.7623518242273853,0.9930079822491488,amr_automation,68
626,626,626,0,1.0,41.78037308169821,46.55717795080983,67.0800863476735,23.941961251066317,530.8570918309503,0.5226059233479374,0.7180507209504127,0.8048680914726056,0.9870692093565703,0.8043269489130555,0.9729111975948805,0.5234662708644943,0.632764612340665,0.8048680914726056,0.9870692093565703,amr_automation,69
632,632,632,0,1.0,36.42281712074544,37.8261506153284,61.14366060654737,18.15361062381675,535.4624063763694,0.514243369331127,0.7054492513196579,0.7884630850586636,0.9971946875126491,0.7751557161545434,0.9451401786770717,0.5226793332286382,0.6222556842777673,0.7884630850586636,0.9971946875126491,amr_automation,70
632,632,632,0,1.0,39.20429463911195,41.39535217981066,64.33682761843062,17.214949317757274,516.0679371405964,0.5403546125056516,0.7245057551718226,0.7963766021462338,1.0000000000000007,0.8029916532438448,1.0000000000000002,0.529049656447773,0.650965501066627,0.8029916532438448,1.0000000000000007,amr_automation,71
646,646,646,0,1.0,50.61889876716458,61.5580387690286,80.0759619009097,31.818209880620596,557.9920700947599,0.5327399617077848,0.7482021462908782,0.8198554096216774,0.9889428716227096,0.7939481204408079,0.953777762645909,0.5394172701338705,0.6412301771624656,0.8198554096216774,0.9889428716227096,amr_automation,72
662,662,662,0,1.0,48.36729586739035,51.67524706977841,81.54719018349323,30.105300433388802,560.1860097743086,0.5541949914274238,0.7800069063241339,0.8490243653165679,1.000000000000001,0.8075752046300131,0.9775403877745162,0.5420939505127899,0.6578274235722108,0.8490243653165679,1.000000000000001,amr_automation,73
644,644,644,0,1.0,45.150658441620614,46.54027366163302,77.36493727606796,27.17682569276795,531.5632953057632,0.5430580838037344,0.7477870802905209,0.8161681346363988,0.9931590328175883,0.8040624910644353,0.962721080515859,0.5306310827677319,0.6439431293821348,0.8161681346363988,0.9931590328175883,amr_automation,74
598,598,598,0,1.0,42.614468954646874,47.384078484304354,70.60218575650532,24.126433933340518,524.8519007960302,0.5027826041143133,0.7083490204155243,0.7755071958403353,0.9978980443005984,0.7580483054438233,0.950581902336232,0.5023332679756323,0.6203230525104639,0.7755071958403353,0.9978980443005984,amr_automation,75
630,630,630,0,1.0,54.17290855487742,55.44445940851517,89.69908663274833,35.13541956917746,557.2634692341608,0.531870840155512,0.7625520648931239,0.8314767546478091,1.0000000000000002,0.7830496322017529,0.9408465103714712,0.522205130605593,0.6306747434033463,0.8314767546478091,1.0000000000000002,amr_automation,76
658,658,658,0,1.0,54.97796006890124,59.91730974448876,92.99241346018704,36.98750417858537,566.176499587951,0.5475131147496004,0.783596290590126,0.8446273656961669,0.994610403261398,0.806487848853453,0.9569472385665923,0.5501785278389973,0.6325450631869834,0.8446273656961669,0.994610403261398,amr_automation,77
690,690,690,0,1.0,61.377058642118264,66.3241906209773,101.42642111740759,43.04129359824057,575.2431001932889,0.5814027826831234,0.7778021898818988,0.9089246235003945,0.9999999999999991,0.8651676654683784,0.9613793327887583,0.5683787570649512,0.6260262282906045,0.9089246235003945,0.9999999999999991,amr_automation,78
597,597,597,0,1.0,33.732675980807215,34.715598707558,53.243923311810704,15.67654507751723,522.0259950166475,0.4830868020878936,0.6744280778293288,0.7843973225703244,0.9862193731848174,0.7523840907367892,0.9483112729263108,0.4892044901536766,0.6172740010729599,0.7843973225703244,0.9862193731848174,amr_automation,79
629,629,629,0,1.0,54.13862910525355,58.517735282876515,89.32107220233956,37.27663524755592,555.4773773290574,0.5120938258477393,0.7242432969253494,0.8506601192354024,1.0000000000000002,0.7772217334000416,0.8731260932090348,0.5263758244665807,0.6094520440876031,0.8506601192354024,1.0000000000000002,amr_automation,80
655,655,655,0,1.0,43.067514165888035,43.25283020264271,76.60829614272325,24.092223168499793,543.6868300867807,0.5384787693767873,0.7356214311498442,0.797172112057917,0.995007434319545,0.8180565127522967,0.9607611089487836,0.5499888229410363,0.6525508243708985,0.8180565127522967,0.995007434319545,amr_automation,81
671,671,671,0,1.0,62.572853358644245,65.2485058499675,114.9467235645223,42.6011391470443,575.4564283125225,0.5514337085007742,0.7740202911842489,0.8629954344547202,0.9999999999999998,0.8564319139558056,0.9273734213761801,0.5591456939804005,0.614837795732715,0.8629954344547202,0.9999999999999998,amr_automation,82
665,665,665,0,1.0,50.61841732837573,53.9842918287747,84.79326914482607,33.26402448230989,550.366046588155,0.5497615948985448,0.7394754244285415,0.858684479917094,0.9999999999999987,0.8077598862319593,0.9163917377826408,0.5685055894939258,0.6540597399731812,0.858684479917094,0.9999999999999987,amr_automation,83
618,618,618,0,1.0,31.512637187763595,30.08727051297342,53.65508880690885,11.737789430810047,507.2177547066618,0.5084737181255606,0.6839277280320466,0.7834169652831307,0.9999999999999993,0.7681994140645154,0.9932551339631724,0.5173482866226353,0.6642218595233327,0.7834169652831307,0.9999999999999993,amr_automation,84
651,651,651,0,1.0,60.5513317020383,63.266148825941514,99.86549858375002,43.29240470982736,566.7893261399754,0.5465747627580273,0.7496000534899385,0.8748010599808239,1.0000000000000004,0.8075228447425282,0.899434262989008,0.5474584182912408,0.6226124900273088,0.8748010599808239,1.0000000000000004,amr_automation,85
650,650,650,0,1.0,49.90038378922712,48.88697398749855,91.81564662999682,33.081374852783405,546.0481773489322,0.5448226554668741,0.7692598354524808,0.8344121246892616,0.9999999999999996,0.7930514393388883,0.9135702022396303,0.5488624018559413,0.6471393472772893,0.8344121246892616,0.9999999999999996,amr_automation,86
594,594,594,0,1.0,43.840781489764424,49.10880858462758,70.02788980115082,26.916182905481737,528.6815184610032,0.48897595631789925,0.6913107845366272,0.7808721987080259,0.9988999222852427,0.7308959194121805,0.9127076037544031,0.5026295510151244,0.6231549372543937,0.7808721987080259,0.9988999222852427,amr_automation,87
579,579,579,0,1.0,39.71640516080523,43.45562751590387,64.25302344841685,13.945807505738339,509.76464778116645,0.48566233219858324,0.6810596589677999,0.7412877751426457,0.9999999999999989,0.7400122700736671,0.9945107692447849,0.48314708603058254,0.639703643613331,0.7412877751426457,0.9999999999999989,amr_automation,88
631,631,631,0,1.0,47.197551696025684,45.03214399106943,86.75483506263333,29.970491759168482,555.9874749963617,0.5283215625662255,0.7264259794739956,0.8263803670050736,0.9995983501257348,0.7889518456254923,0.8870486812762381,0.5226862512801452,0.615330249185256,0.8263803670050736,0.9995983501257348,amr_automation,89
634,634,634,0,1.0,39.682510219842925,38.60292383876492,68.50720673294637,22.29422218710255,528.9823174834013,0.5176996385601934,0.7190017342232125,0.8255780546850527,0.9999999999999996,0.7897634222937517,0.9695423088828956,0.536354504395809,0.6375504556480645,0.8255780546850527,0.9999999999999996,amr_automation,90
657,657,657,0,1.0,57.78013589616127,57.6672249565506,104.0870118686039,38.2708569598782,578.3072702905047,0.5439233577357575,0.7880989714666599,0.8769594398739586,1.0000000000000004,0.8557506197960476,0.9840806496207624,0.5466236161831922,0.630657578847213,0.8769594398739586,1.0000000000000004,amr_automation,91
618,618,618,0,1.0,47.33122734628755,49.20439187464791,79.65058887205043,23.37448035676813,525.7176216950495,0.5229673372418057,0.7019817166479089,0.8026429741331148,0.999556925937364,0.7846744570683477,0.9999999999999994,0.5043616740839145,0.6246343316527359,0.8026429741331148,0.9999999999999994,amr_automation,92
642,642,642,0,1.0,45.74263892658605,49.53686039458384,74.33393869764274,22.742160702817607,528.3928551048031,0.526502791589364,0.7437030080849537,0.791133189247708,0.9999999999999982,0.8119249230571962,0.9970890090233622,0.5403803481316932,0.6689138398359095,0.8119249230571962,0.9999999999999982,amr_automation,93
664,664,664,0,1.0,48.2501705684044,49.65321972729703,80.16365202203559,28.185153826827978,552.0908771467724,0.5463061110422274,0.7694770554319559,0.8263012337372808,1.0,0.8314737354630698,0.9876574469383894,0.5472918446466466,0.6575636653341007,0.8314737354630698,1.0,amr_automation,94
661,661,661,0,1.0,44.583424470417015,50.65841733731651,72.74706251135888,23.97454506677751,533.0501743550269,0.5399055742287948,0.7144662356496271,0.814063233464074,1.0000000000000007,0.8224782951838144,0.9710817099620181,0.5503400526427573,0.6556084053567015,0.8224782951838144,1.0000000000000007,amr_automation,95
640,640,640,0,1.0,47.78991774991134,55.46221178474019,77.38334697962466,25.41983385664738,542.2839960646827,0.5197580395816177,0.6931475991212096,0.7993060843327856,1.0000000000000004,0.8237370027335874,0.9897072459370161,0.5217481476745007,0.6269665068308108,0.8237370027335874,1.0000000000000004,amr_automation,96
596,596,596,0,1.0,36.01942298356986,38.881361809819,60.71459953795613,16.859768083460985,519.2533479759757,0.4944943971318342,0.6879597644304599,0.771790460739304,0.9578199704869651,0.7474676926331241,0.9385874719210905,0.5028948739457976,0.623604503235758,0.771790460739304,0.9578199704869651,amr_automation,97
653,653,653,0,1.0,66.65665698578154,81.02030595703292,105.52564220010123,45.61912251854521,570.5503310532429,0.5461111573770234,0.7811967445156085,0.8577631270767561,1.0000000000000004,0.8118479536273807,0.9467843858823106,0.533386409863419,0.6174462305063309,0.8577631270767561,1.0000000000000004,amr_automation,98
623,623,623,0,1.0,47.5762296393152,53.63197542630323,76.59220976504713,30.64477078974546,523.1402138231966,0.5157984508572582,0.665000289756872,0.8017093448709395,1.0000000000000002,0.7651913010436202,0.926578406225707,0.5286404449276834,0.6449277279719076,0.8017093448709395,1.0000000000000002,amr_automation,99
650,650,650,0,1.0,46.86692986726739,51.12889172919296,78.8731411998491,26.516459779317845,545.1101957329497,0.5438958330368546,0.7560229531162962,0.7919223673242843,0.9783058521054914,0.8085213206138029,0.9465639340774604,0.5360665661895513,0.6135868227340647,0.8085213206138029,0.9783058521054914,amr_automation,100
621,621,621,0,1.0,43.52632729816955,48.59538610680028,71.3093370307011,25.458558763286543,524.6269842423832,0.5087264535051361,0.7310189328094427,0.7899957002647314,0.9999999999999996,0.7629898208858079,0.9407216831054857,0.5174733114557445,0.6349680369585565,0.7899957002647314,0.9999999999999996,amr_automation,101
612,612,612,0,1.0,52.719642717067565,56.72500372131307,76.43858035127312,35.069728014170096,534.1845030198087,0.5037004703075062,0.6627106212148568,0.8237894194936569,1.0000000000000009,0.7651579326601659,0.9407259156498683,0.5130845296237756,0.6531828388024807,0.8237894194936569,1.0000000000000009,amr_automation,102
566,566,566,0,1.0,26.813813879844464,25.287245162601323,43.212771511753886,6.497499104213958,496.5029177387219,0.4834509902403779,0.6838118750839078,0.6938569233763205,0.9633145633293809,0.7100629086481406,0.9515103345319251,0.46935840318509003,0.627454864071601,0.7100629086481406,0.9633145633293809,amr_automation,103
656,656,656,0,1.0,71.28730091054237,74.01148522228513,122.51848504090361,53.40741698658366,593.0601739912438,0.5464313579186316,0.7866076371379106,0.8925405421284007,1.0,0.8178509091170589,0.911626220796238,0.5391629482526263,0.6036335792308964,0.8925405421284007,1.0,amr_automation,104
642,642,642,0,1.0,52.24329066861373,62.38826301181476,82.71816185315737,34.7779028143396,548.621734167731,0.5420596082113155,0.7381345906146205,0.8298007317573661,1.0,0.7968907701274799,0.9561056915453845,0.5318735069739563,0.6313148880881455,0.8298007317573661,1.0,amr_automation,105
618,618,618,0,1.0,45.228468722225536,43.82497631144281,78.58909583681793,28.3097575429438,540.959017191505,0.5117825141483147,0.724797242239167,0.8069823985892504,0.9999999999999982,0.775957995507122,0.9433357279688224,0.5055092866414118,0.6176608726376587,0.8069823985892504,0.9999999999999982,amr_automation,106
641,641,641,0,1.0,51.12916529561927,54.01512126008271,91.80902975883237,33.32996139506551,567.657123742697,0.5464136932046407,0.7795036484735093,0.8612107564690146,0.9957252561216872,0.7880186501506818,0.9276495718578629,0.5386786333071374,0.630907469269734,0.8612107564690146,0.9957252561216872,amr_automation,107
576,576,576,0,1.0,30.61180950150194,33.68827238499421,48.63569214629257,9.132740957462266,501.6453178721871,0.48308005201656234,0.6636432550319681,0.7220409980358837,0.9794635442697357,0.7230659879572789,0.9384708914883415,0.4814389080102519,0.6094499260740651,0.7230659879572789,0.9794635442697357,amr_automation,108
630,630,630,0,1.0,45.26889457745367,47.57928358194326,76.81652699126704,27.991835322972314,544.2129655949733,0.5271612623103212,0.7275603843823302,0.8301502435826117,1.0000000000000009,0.7744951786459193,0.9399010149881858,0.5174948083403895,0.6059527862514003,0.8301502435826117,1.0000000000000009,amr_automation,109
621,621,621,0,1.0,31.691527376839282,30.64725974140657,53.88557656460432,10.51819224136116,506.36142211661013,0.5079785795529771,0.6576609196244603,0.7726714816829059,0.9916177864918209,0.7692324671076043,0.9714923214232413,0.5162770993971691,0.6463319572188172,0.7726714816829059,0.9916177864918209,amr_automation,110
614,614,614,0,1.0,36.9548497952262,38.776582606942185,58.36553440501143,19.14779771395087,526.8571990745289,0.524944844393913,0.7084821490938462,0.7739428607603772,0.9999999999999989,0.76801465259416,0.9560009004041168,0.5070269306595068,0.6366783587352526,0.7739428607603772,0.9999999999999989,amr_automation,111
630,630,630,0,1.0,46.32008507715295,51.10490351400733,73.13075163294758,27.876099285599256,528.12747418072,0.5195609161828225,0.7397160060482386,0.7991672225079529,0.9975999960257349,0.777450485679898,0.9637508545176995,0.5335321825585202,0.6586903604818029,0.7991672225079529,0.9975999960257349,amr_automation,112
600,600,600,0,1.0,31.4210256881395,30.015547783058878,53.325331690521296,11.388063200395697,504.4823380670452,0.4935911497404885,0.6530193362438506,0.7742299980295508,0.9990142658652204,0.7664469986875126,0.9726134385790649,0.5036691239601513,0.6451671396844916,0.7742299980295508,0.9990142658652204,amr_automation,113
619,619,619,0,1.0,45.883369436909064,43.749186703730004,77.4147713104129,25.97957093663691,537.5359321955732,0.5125127114640914,0.714049995336727,0.7857435666490499,0.9999999999999993,0.7942474495610495,0.9838143629590563,0.5115881840764542,0.6414742123832446,0.7942474495610495,0.9999999999999993,amr_automation,114
603,603,603,0,1.0,47.883181284693954,52.07064912298307,78.38149255758407,30.931584509101125,539.470430918053,0.49800828017909526,0.6766357267966743,0.8027925550392966,0.9999999999999998,0.7365600174897089,0.8824916017251812,0.4963435801288913,0.5914460725890197,0.8027925550392966,0.9999999999999998,amr_automation,115
610,610,610,0,1.0,32.297429155195026,34.57725504145648,47.59689797900484,12.427100020863737,508.3517379691224,0.5064174651308938,0.6857661052640871,0.785520613630909,0.9999999999999993,0.7678042996526155,0.9900122007840813,0.5051316965099727,0.6588096720504762,0.785520613630909,0.9999999999999993,amr_automation,116
600,600,600,0,1.0,35.2744693653557,35.566685612633705,60.7628347427754,17.53797001166295,521.97484920067,0.5026008933852121,0.6816461782377535,0.7801321621878213,0.9982142159574449,0.7585266521248585,0.9652667490092426,0.5019952483960769,0.6378277148979822,0.7801321621878213,0.9982142159574449,amr_automation,117
622,622,622,0,1.0,43.291601725982275,45.82764368621238,71.6806931636716,23.30362496834997,527.6586244849597,0.5137425660580689,0.7180852715018802,0.7732391121647433,0.9958802802088422,0.7912685403248302,0.9817606357830582,0.5208197812053594,0.644989855424739,0.7912685403248302,0.9958802802088422,amr_automation,118
685,685,685,0,1.0,60.18933597253784,65.16864925071337,102.69899386009763,41.32341588395602,567.75923264173,0.5706864076908914,0.7883701609148402,0.8971484066717892,1.0000000000000002,0.861622132477277,0.9685251633016388,0.5664076174253616,0.6311817472606942,0.8971484066717892,1.0000000000000002,amr_automation,119
647,647,647,0,1.0,54.200868299716845,59.92567347462537,82.9641152505402,36.350436922329294,547.5677090088625,0.5412089640035804,0.7220513826277162,0.8294035868851023,0.9999999999999996,0.7819386599522823,0.9457424955445085,0.5379436246340735,0.643386110534026,0.8294035868851023,0.9999999999999996,amr_automation,120
639,639,639,0,1.0,49.82313497363147,47.254703563319055,90.18672799596004,32.45791956628925,557.2308587325044,0.5210801962898355,0.7342250480523707,0.8489956778298399,0.9953141745816122,0.807616305421,0.9228912041881987,0.5411557111091182,0.6298026383902195,0.8489956778298399,0.9953141745816122,amr_automation,121
593,593,593,0,1.0,38.190999751655305,41.285236638288836,56.57871430132283,16.71329194369537,506.51653580775746,0.5010069352712663,0.6798218495133499,0.7459078373911688,1.0,0.7406328789838234,0.9753315053834927,0.5020440127591871,0.6769258254742979,0.7459078373911688,1.0,amr_automation,122
627,627,627,0,1.0,50.20888920820577,51.53285148430015,87.03209554738919,32.64944400838072,564.1752807922038,0.5085153118510644,0.7124206102505585,0.8361424263558794,1.0,0.7982292395604461,0.9572953750937869,0.5324857711875657,0.6302096484639899,0.8361424263558794,1.0,amr_automation,123
605,605,605,0,1.0,36.455373641250986,39.64199113104377,57.65159381441873,18.89998250589069,517.7689933842584,0.5064432261561748,0.6882015110440844,0.7796722339410846,0.9946225105913475,0.7578283437512382,0.950514911608113,0.5068823782504702,0.6391808614584727,0.7796722339410846,0.9946225105913475,amr_automation,124
647,647,647,0,1.0,48.80870901186145,49.09501788875042,79.93620976542127,28.50928593684247,538.1556699565498,0.5404292205671919,0.7261101248442986,0.8186000406203912,0.9999999999999989,0.8092733916856167,0.9971739061292311,0.5525664418823608,0.6891034253376391,0.8186000406203912,0.9999999999999989,amr_automation,125
640,640,640,0,1.0,50.87353939635744,50.41202271259573,87.7400594750419,33.71799563287857,554.001651225078,0.5329606054205553,0.742882585537106,0.840741231651589,0.9999999999999998,0.8078983533516337,0.9276214094463661,0.5280452986300717,0.615027253965201,0.840741231651589,0.9999999999999998,amr_automation,126
648,648,648,0,1.0,47.80464151189295,49.172708227707204,81.91508001393481,28.78237980782154,537.4564455653374,0.5477617286082739,0.7557754044207725,0.8003075505205977,0.9999999999999998,0.8053998326895937,0.9739487246936497,0.5442496816842814,0.6645337038368487,0.8053998326895937,0.9999999999999998,amr_automation,127
617,617,617,0,1.0,43.71041812869292,46.255088365496334,70.99007851374301,26.64255316099326,533.7716070326662,0.5116355863095119,0.7273140735644409,0.7966144525318706,1.0,0.7588563423855776,0.9353959627159634,0.509165176247927,0.6303395784372584,0.7966144525318706,1.0,amr_automation,128
630,630,630,0,1.0,44.970615844332855,51.292605427701005,76.86092957564239,26.374805979930795,533.6932936490695,0.534165112365129,0.7671968892998027,0.79158981891742,0.9945006157685259,0.7944204944704427,0.9908669263512244,0.5204364665448319,0.6477065246816734,0.7944204944704427,0.9945006157685259,amr_automation,129
602,602,602,0,1.0,36.75911806126055,38.98429635441755,60.57737346662924,19.48188407285776,532.2030958754384,0.4962645048596097,0.7115119561760191,0.7912161705725831,1.0000000000000004,0.7412541700832587,0.9689332107545281,0.49971863302910136,0.654167179265453,0.7912161705725831,1.0000000000000004,amr_automation,130
627,627,627,0,1.0,42.49519906476731,42.479242755565025,70.28050871696996,17.39302062031978,529.8549519752171,0.5258406343651313,0.7417724425639424,0.7795308516422308,0.9955300010866958,0.8059667158903937,0.9961523667051263,0.5282855370060976,0.6512003560133269,0.8059667158903937,0.9961523667051263,amr_automation,131
607,607,607,0,1.0,28.54119937811627,28.721642523683386,44.14210652832662,9.014338222082621,521.233498749236,0.5102665688564263,0.6906131333349192,0.7653221618929852,0.996893608913725,0.7678611491625225,0.9803837131229987,0.5086534332076591,0.659479645543586,0.7678611491625225,0.996893608913725,amr_automation,132
598,598,598,0,1.0,40.5889975681586,44.54010980027783,66.13441999241405,20.984106600622415,516.977308256252,0.5025369471622407,0.70574274996421,0.7758647853031964,1.0000000000000002,0.7466682650991823,0.9688407378502994,0.49548361394241236,0.6374657270208648,0.7758647853031964,1.0000000000000002,amr_automation,133
685,685,685,0,1.0,59.98594235506931,59.40670410634078,106.06265921167625,41.30219871838959,580.4118796162592,0.5594228062005666,0.7866750009992998,0.8908849425232229,1.0,0.8698916779204915,0.9496204374464421,0.553528208363843,0.6154031699581431,0.8908849425232229,1.0,amr_automation,134
623,623,623,0,1.0,40.2568930201249,46.710733499617106,63.8503503294894,22.748749736256492,535.3467277473372,0.5218768890234287,0.7311458522965815,0.811142226625337,0.9976900213388982,0.7532119570297255,0.9459364062010741,0.5210291088391956,0.6564874282645994,0.811142226625337,0.9976900213388982,amr_automation,135
649,649,649,0,1.0,63.23918379145762,68.36408907977145,109.31212231988326,44.435076707397826,578.5717159874379,0.5471533286749649,0.733716664121842,0.8806219544881251,1.0000000000000002,0.8190845703844244,0.8900940950843177,0.5437482238420015,0.596064353199369,0.8806219544881251,1.0000000000000002,amr_automation,136
632,632,632,0,1.0,48.89049782011405,55.756766479848636,79.85150564835504,28.872173184627616,544.7944140163929,0.519728838289016,0.7114973409153345,0.831392887715942,0.9999999999999998,0.8070910356730521,0.9297253436676599,0.5269284518737989,0.6260021158087852,0.831392887715942,0.9999999999999998,amr_automation,137
616,616,616,0,1.0,55.23133681674283,57.74383303019724,86.01736600284801,37.0877572852888,537.2372214674117,0.5094617516838411,0.6780913280793569,0.8037691860301672,1.0000000000000002,0.7841756748265397,0.9699423264012924,0.5158403128866078,0.6333688228235275,0.8037691860301672,1.0000000000000002,amr_automation,138
646,646,646,0,1.0,42.614994373408535,46.86707971838524,66.76207281026228,25.57146031052367,539.2321041758423,0.538757334929514,0.7246348050101844,0.8334425347032949,0.9999999999999996,0.8005681329416333,0.9486312261186652,0.5359742069127708,0.6467742923952099,0.8334425347032949,0.9999999999999996,amr_automation,139
645,645,645,0,1.0,43.88528031228835,44.61653620591301,76.66961333903544,26.88551760094173,551.5227264582438,0.5414634164608387,0.7595292250166883,0.818476036499885,0.985648432456594,0.8124307330079528,0.9680885212795689,0.5449974996751458,0.6430420459518628,0.818476036499885,0.985648432456594,amr_automation,140
600,600,600,0,1.0,33.38609991564638,32.05347467169912,57.80340248555649,15.925648261172325,515.1611261507403,0.49036645312195704,0.6773869814531837,0.7612164116751463,0.9784565870447367,0.7458155668555226,0.965090415027092,0.506460772747002,0.6535826893074795,0.7612164116751463,0.9784565870447367,amr_automation,141
629,629,629,0,1.0,53.076699529656224,63.39046053131642,87.13336670600484,35.48913781749899,542.4158447545284,0.5254435307454719,0.7244233465508839,0.8288574667700819,1.0,0.7773726896893137,0.9293561730048431,0.5237317595747075,0.6244985179976438,0.8288574667700819,1.0,amr_automation,142
635,635,635,0,1.0,47.74389325346878,49.44731137775588,79.37308157785202,24.823368068749286,539.4127620558569,0.5334019770493772,0.7612850625038401,0.7964000658412855,0.9999999999999991,0.8061463287324814,0.9933993651349743,0.5348293792765934,0.6611126810203765,0.8061463287324814,0.9999999999999991,amr_automation,143
615,615,615,0,1.0,45.1127750932185,46.99137552290955,79.51890517257635,28.231744670424856,541.3987829261089,0.5105754650228755,0.6917535518406575,0.8078935431022809,0.979268017885617,0.7510728574147011,0.8917171766003846,0.5129436457355052,0.6084604161416558,0.8078935431022809,0.979268017885617,amr_automation,144
603,603,603,0,1.0,40.87240830880557,42.20812710302846,70.10762903991906,21.3357188061551,525.1266033256873,0.5020289277725358,0.7021537936882473,0.7717976981249113,0.989363880057118,0.758995674479829,0.9603670869136591,0.5005872712176148,0.6286511548606755,0.7717976981249113,0.989363880057118,amr_automation,145
621,621,621,0,1.0,45.42168510248574,51.68780122756698,70.2677065188866,27.810499664034868,536.85270892483,0.5137001258403822,0.7030019006034359,0.8069669867730941,1.0000000000000002,0.7697351308061005,0.9505207222510648,0.5258657042800313,0.6528341667865021,0.8069669867730941,1.0000000000000002,amr_automation,146
626,626,626,0,1.0,38.22554345583679,44.124665430212985,61.73078796411846,14.19998403857529,518.4868988864538,0.5259267512540382,0.7385390384036312,0.7615879699880631,0.9997876721246499,0.7850909077399576,0.9969782696455607,0.5194619133748662,0.6647185909263251,0.7850909077399576,0.9997876721246499,amr_automation,147
611,611,611,0,1.0,44.90573979311491,48.999946308202,74.01485284853277,26.687808955263026,542.0019966552469,0.5120332540082353,0.734109214081687,0.8100770970389894,0.9999999999999996,0.7565352360707359,0.916717316709362,0.5154322646737673,0.6310009460059762,0.8100770970389894,0.9999999999999996,amr_automation,148
634,634,634,0,1.0,43.24267751874386,46.8864886475323,64.09737066680572,19.16918630551104,530.2789951679579,0.5222401123649241,0.6948311604037671,0.7902567136582678,1.0,0.7926552950149608,0.9886412351758584,0.5231697214217218,0.6382782324657132,0.7926552950149608,1.0,amr_automation,149
607,607,607,0,1.0,43.854133460997176,48.859738877357984,71.14686961508653,24.906168140547898,523.7791800152071,0.5179831779943491,0.758077398065258,0.7555200745704386,0.9987856961583943,0.7631069335742685,0.9693749566366281,0.49584963309607655,0.6430004436556149,0.7631069335742685,0.9987856961583943,amr_automation,150
608,608,608,0,1.0,36.96657177810321,42.325806585942416,57.20002243829208,17.529077685963387,514.1951194359947,0.5084592914205881,0.686398961299714,0.7646805165098635,1.0000000000000002,0.7733235345667817,0.9677502274035686,0.5054445143434254,0.6415852108357039,0.7733235345667817,1.0000000000000002,amr_automation,151
603,603,603,0,1.0,36.18396046724572,38.53301019440238,58.85428662891525,19.399574180114346,521.8888266986901,0.5033265400237542,0.6360643844107153,0.7981666501204254,1.0,0.752496723177484,0.9167680982534931,0.4979906527003529,0.6108836052932591,0.7981666501204254,1.0,amr_automation,152
653,653,653,0,1.0,49.896285352274745,55.624583333622496,84.90627751299905,30.68745651984846,553.7745518871529,0.5531962019001262,0.767340631723514,0.8268627482491538,0.9999999999999998,0.8028785495866068,0.9719684322602128,0.5579490662208437,0.6617890540641832,0.8268627482491538,0.9999999999999998,amr_automation,153
631,631,631,0,1.0,45.01990264014839,46.20230473157676,81.38912589606133,27.34714761345212,530.3353644399139,0.5187501258816766,0.7310219173014998,0.7928525419244481,0.9926254867247486,0.7795510187075367,0.9754717208309844,0.5295077699118867,0.6595096955941722,0.7928525419244481,0.9926254867247486,amr_automation,154
616,616,616,0,1.0,33.596716292956735,34.87753905790666,53.484362308892116,13.388828433205996,498.3152536645797,0.5306344061681865,0.7145514289479501,0.7815991245925799,0.9986434805295502,0.7415272042098229,0.9718883285699383,0.515374128390249,0.6749736298989915,0.7815991245925799,0.9986434805295502,amr_automation,155
609,609,609,0,1.0,34.9153168804405,31.7683813861253,60.990809552994165,16.517115748439828,523.9068413134021,0.5227942093495452,0.7383512690001302,0.7849019771069734,0.9863299349918853,0.7680092913868142,0.9291040574684674,0.5144094095500781,0.6402149830688968,0.7849019771069734,0.9863299349918853,amr_automation,156
665,665,665,0,1.0,54.204101126103815,59.21456720591539,90.876916237133,33.14904901505484,575.4205440602195,0.5455036229469685,0.7567109456494703,0.8526894248762185,0.9999999999999996,0.8278448606072133,0.97302476544522,0.5553473280108163,0.6389269768621545,0.8526894248762185,0.9999999999999996,amr_automation,157
639,639,639,0,1.0,45.83313739032207,45.2986117735976,78.3623695781593,25.26076809647295,551.6559280527581,0.5400820401690563,0.771314032679229,0.8354110336164864,0.9991819055936241,0.8072821884286486,0.9901577240248151,0.5407545074366085,0.6571496928931871,0.8354110336164864,0.9991819055936241,amr_automation,158
629,629,629,0,1.0,33.07678682183448,29.826170837420136,55.67442088078741,14.921199952514941,517.4438012797565,0.5221092171030308,0.7183037283402747,0.7766984148769838,0.969951897097888,0.7790014321293592,0.9716348608702372,0.529075128594547,0.6729831892135995,0.7790014321293592,0.9716348608702372,amr_automation,159
617,617,617,0,1.0,36.77191660199991,41.152396838364666,62.85679664274727,19.376081188176673,521.3968745795469,0.5185436440439932,0.7080040742303331,0.7931002473613042,0.9899706424656513,0.7640371611364045,0.9275020632304045,0.5096447973939063,0.627625654718853,0.7931002473613042,0.9899706424656513,amr_automation,160
593,593,593,0,1.0,28.138101544066288,27.094649377005055,45.28028857264732,9.943249881002107,499.75254811175824,0.5039812253597064,0.6683393575590402,0.7545160902238246,0.9922501158536013,0.7368256232764675,0.9684799380059829,0.4975474738453637,0.6702346080982364,0.7545160902238246,0.9922501158536013,amr_automation,161
640,640,640,0,1.0,32.14941536464084,33.72804117733443,46.36092838008909,14.105433455763551,514.5591343616494,0.525028384923961,0.68024763189401,0.8083955410872818,1.0000000000000007,0.8030095025432872,0.9844324053088851,0.5370675267665429,0.6636793903315732,0.8083955410872818,1.0000000000000007,amr_automation,162
601,601,601,0,1.0,38.75144070273223,39.8847772765493,62.36748986347959,20.202967847191026,524.417964800906,0.5008306151624494,0.6926382864174743,0.7778958041360596,1.0000000000000002,0.7566908452802078,0.9797589167118887,0.49486843225571725,0.6367380163859486,0.7778958041360596,1.0000000000000002,amr_automation,163
638,638,638,0,1.0,39.93180428805526,42.63776739111759,65.5513723719609,16.233879372116817,532.7358507352996,0.541371310975977,0.7247364512455828,0.7908646414657006,0.9962193889654795,0.7997714205972366,0.9784943487875781,0.5314732344369266,0.6238007957487628,0.7997714205972366,0.9962193889654795,amr_automation,164
631,631,631,0,1.0,40.41760908903849,43.421565796897255,64.33916311520511,21.248847671234095,529.2797480251384,0.5319988365139383,0.7093810692356258,0.7996439308773142,0.9999999999999996,0.7885412720569964,0.9738794173644258,0.5291652293947274,0.6578950010028878,0.7996439308773142,0.9999999999999996,amr_automation,165
652,652,652,0,1.0,53.782479888919454,62.84582161412132,83.71048777367832,32.852423579725254,549.9307065870133,0.5388197560148956,0.6959240968766052,0.8571648828980191,1.0,0.8407631714604603,0.9508637643845239,0.5441190144559255,0.6315305706472657,0.8571648828980191,1.0,amr_automation,166
616,616,616,0,1.0,36.011684731020715,31.805322833455932,65.71982255168422,19.36291104744561,530.8457279369976,0.5085355465442861,0.714638692307208,0.8089934999445059,0.9961297398968496,0.7603443998488055,0.9411515580934785,0.5137430063337552,0.6392372676302441,0.8089934999445059,0.9961297398968496,amr_automation,167
618,618,618,0,1.0,41.857670490732396,38.61124666500652,76.43901508667676,24.57574193999597,550.7973796124536,0.5062090541601298,0.7214520566771843,0.8043894937062628,0.9967366373152736,0.7635311324334876,0.9254330979826376,0.5208732927185351,0.6328631109411151,0.8043894937062628,0.9967366373152736,amr_automation,168
646,646,646,0,1.0,46.82540369968939,49.40153398744144,75.38240568545365,28.833952427309335,538.2811948606887,0.5322997597800422,0.7369313424864007,0.8192314734661564,0.9999999999999996,0.8042038941642078,0.9992254223371886,0.5275788841978568,0.6552790844211952,0.8192314734661564,0.9999999999999996,amr_automation,169
661,661,661,0,1.0,57.69533486042552,54.42679878515548,106.05714655078657,35.0008270943117,567.0494049691488,0.545897363770551,0.8040061454811841,0.8218840848666077,1.0000000000000002,0.8450614784771806,0.9906447796815168,0.5474688566535767,0.626541874425154,0.8450614784771806,1.0000000000000002,amr_automation,170
603,603,603,0,1.0,29.332092769274766,29.8208704673699,43.81533472225448,10.750406365319401,502.38862574476826,0.4929522702314222,0.6574131198145806,0.7630957897710287,1.0000000000000004,0.7459246058678712,0.9810639311090262,0.5086583815876715,0.6716268910174268,0.7630957897710287,1.0000000000000004,amr_automation,171
654,654,654,0,1.0,49.15607104359477,52.15883387043772,83.51563940959448,29.157277184973378,549.6448057621951,0.539268306654106,0.784575809234821,0.8159161509091378,0.9802262394908641,0.8262495556310786,0.9957348706845576,0.5443980097413205,0.6601484935933707,0.8262495556310786,0.9957348706845576,amr_automation,172
623,623,623,0,1.0,41.39712674898086,45.37919686196153,66.37917661025517,22.5191550548961,529.8371183316235,0.5254053140985459,0.706316472913093,0.8203368351429559,0.9999999999999996,0.797415407566893,0.9815438741349702,0.5173123096569529,0.6399666150698925,0.8203368351429559,0.9999999999999996,amr_automation,173
594,594,594,0,1.0,45.899276881696316,51.00627895939502,74.87319282234387,28.299124032322176,531.5929119117551,0.5030309783974803,0.7387472836022577,0.7831275033801735,0.9995768532857875,0.7360343993480822,0.9299522932738483,0.4999765829752902,0.6284420421729675,0.7831275033801735,0.9995768532857875,amr_automation,174
617,617,617,0,1.0,36.6657617119903,40.619223696700374,55.299006416991574,19.4513013084319,530.1706442686728,0.5237125523014746,0.7057699377181063,0.8135075967178843,1.0000000000000007,0.7725761893253864,0.9313154591076136,0.5091984612906489,0.6454946231005259,0.8135075967178843,1.0000000000000007,amr_automation,175
699,699,699,0,1.0,48.36776651824552,48.00054895107451,85.31528934947335,30.525577903064683,564.203745265185,0.5787054191477605,0.7789766549419121,0.892605319753295,1.0,0.8528463609447537,0.9543529781728551,0.5774983984717693,0.6529630180307444,0.892605319753295,1.0,amr_automation,176
601,601,601,0,1.0,32.97344602595425,32.14240439954881,53.18850449668548,14.719338990471886,518.1591126669525,0.49756523269570785,0.6764574442928423,0.768206114868356,0.9999999999999996,0.746813015239256,0.9644326335561365,0.4994681779977565,0.6517371406333292,0.768206114868356,0.9999999999999996,amr_automation,177
616,616,616,0,1.0,39.22975276881028,40.591546421255714,65.13469365809902,20.58782159460774,528.3636912670988,0.5110545947025418,0.7182853595030085,0.7981200856855538,0.9907357033470308,0.775494449145959,0.9574369199680541,0.5135028718289988,0.6331532939126661,0.7981200856855538,0.9907357033470308,amr_automation,178
594,594,594,0,1.0,28.25252120270749,27.557935406157583,44.74658766714322,11.306262637316163,507.2058998642941,0.4917494206314116,0.6917040150319741,0.7442412714110168,0.9850538204128705,0.7283468204354604,0.9559370586130355,0.5010432641288854,0.6396316851127155,0.7442412714110168,0.9850538204128705,amr_automation,179
653,653,653,0,1.0,52.07006029491705,61.442218445418575,91.84831033041405,33.52113623327744,555.5842299335817,0.5417755199644284,0.7546707295033225,0.8655350138965127,1.0000000000000004,0.8257665519074731,0.9697030810413615,0.5422689365623161,0.6549895955721434,0.8655350138965127,1.0000000000000004,amr_automation,180
626,626,626,0,1.0,41.60319309340874,43.848257356263446,65.92285741428276,23.505116053728855,530.9469001067316,0.5115933272788151,0.6917659581100376,0.8246685964853758,1.0000000000000009,0.7869743942041613,0.9598133667997397,0.5252509658834201,0.6392089893068934,0.8246685964853758,1.0000000000000009,amr_automation,181
639,639,639,0,1.0,55.31931754972738,61.53975816524809,90.06706801849344,37.78650076920185,553.5254146528632,0.539974297035708,0.7375102721373881,0.840828014939873,1.0000000000000009,0.779219050047571,0.8790136401597674,0.5415518327807884,0.605186699447578,0.840828014939873,1.0000000000000009,amr_automation,182
620,620,620,0,1.0,47.92087568220541,51.1033794172381,83.26115055369928,29.788272856769684,547.4563456379159,0.5124455892790296,0.6923547631466899,0.822288006052953,1.000000000000001,0.7886614190494354,0.9658375509701663,0.5132569482996946,0.6339709581701742,0.822288006052953,1.000000000000001,amr_automation,183
659,659,659,0,1.0,45.44830036756573,51.563781176480035,73.11531746931252,28.19555077324214,551.3604312902194,0.5553591601957141,0.7533251248704744,0.8595742242577675,0.9999999999999993,0.8041842961368982,0.935659366569885,0.5504380429704199,0.6448835012823331,0.8595742242577675,0.9999999999999993,amr_automation,184
615,615,615,0,1.0,35.00144733999447,37.621630833356676,56.2861319908601,16.068376555798693,509.0426084525818,0.5153166677179043,0.6902407945205987,0.7625463250343226,1.0,0.7742003504813793,0.9891573675413142,0.5088336215125836,0.6496990456999574,0.7742003504813793,1.0,amr_automation,185
662,662,662,0,1.0,52.973832978126154,56.44097167363776,88.13106461788152,32.75999267625692,563.0156113556619,0.549547075568986,0.7566637235679036,0.8616796941162689,1.0000000000000009,0.8340575787231954,0.9670686141089059,0.5538226309770022,0.6171277555901614,0.8616796941162689,1.0000000000000009,amr_automation,186
638,638,638,0,1.0,48.898013592054255,53.833336143911254,77.5211281000897,31.55143101590887,546.5328153962105,0.5323808316841879,0.7335263253017507,0.8525852435460858,1.0000000000000004,0.7826164428664095,0.9388276692810639,0.5360219782583222,0.6365811321595086,0.8525852435460858,1.0000000000000004,amr_automation,187
662,662,662,0,1.0,53.040299884671796,49.5917043982337,96.86291810017343,35.64476699005258,568.6886605071838,0.5462298373941307,0.7890352736804008,0.8635796186886168,0.9999999999999989,0.8241299450365015,0.9388961480667339,0.555726798084167,0.6196347899831055,0.8635796186886168,0.9999999999999989,amr_automation,188
663,663,663,0,1.0,61.81469330681669,75.72942710053448,94.32831393851359,43.68228303593479,567.9989361111531,0.5451506550329366,0.7442686303609568,0.8635768742339958,1.0000000000000004,0.8328267904684467,0.9628352305602355,0.5471485332323485,0.6394773074011804,0.8635768742339958,1.0000000000000004,amr_automation,189
631,631,631,0,1.0,43.91547755703491,44.61199201814375,77.10743373642345,25.18460105771107,526.1835149425659,0.5316001364193262,0.7265226100730147,0.8126263371421111,1.0000000000000004,0.7956972570734302,0.9715918937738922,0.5222184636299165,0.6438637434314907,0.8126263371421111,1.0000000000000004,amr_automation,190
639,639,639,0,1.0,44.844230209726106,48.76066961147788,77.64204301858217,27.28818256218229,537.6937130294796,0.5408998099053509,0.7298901532091823,0.8442168650748278,0.9845766717703169,0.8048104959328217,0.9489629119572176,0.5319527184977828,0.6233673635878847,0.8442168650748278,0.9845766717703169,amr_automation,191
603,603,603,0,1.0,37.77121419371104,36.51678519558362,65.02961512336344,19.97283912620201,529.5758990783919,0.49623707579294296,0.6778523465418644,0.7916742368555597,1.0000000000000002,0.7546544790337407,0.9471770589670548,0.507011073264457,0.6269393043171475,0.7916742368555597,1.0000000000000002,amr_automation,192
601,601,601,0,1.0,37.436381210492435,40.14755162314637,60.51814674619442,20.247923713863518,522.3289514525673,0.5100759935167649,0.7078100719432587,0.783734517126651,0.9875342402226815,0.7364015084456852,0.9287718597792771,0.49802542693401314,0.6306831190823354,0.783734517126651,0.9875342402226815,amr_automation,193
643,643,643,0,1.0,46.029334162732205,48.75641286919509,75.81547044300532,27.372909825978407,537.8244575041703,0.5354880891701703,0.7346934015396512,0.8308233849198536,0.9941117365505453,0.8114343751977913,0.96369307495975,0.5359735799342176,0.6378947237814918,0.8308233849198536,0.9941117365505453,amr_automation,194
632,632,632,0,1.0,46.15320688750635,53.777661927274636,73.2993144577876,24.956481742827346,535.7413668194962,0.5387775743106222,0.7609245110199704,0.7879154975520144,0.9948257163805476,0.7920308046617254,0.9832800223259724,0.5298229744455466,0.6617112974999818,0.7920308046617254,0.9948257163805476,amr_automation,195
655,655,655,0,1.0,58.3448862084772,63.17163716860151,96.23544960767191,38.432886215438536,567.528300954552,0.5497333888029179,0.7939217533891426,0.8512413364802246,1.0000000000000013,0.8332063178338441,0.9642397555109452,0.549712817622181,0.6603819637724577,0.8512413364802246,1.0000000000000013,amr_automation,196
672,672,672,0,1.0,53.029439862625665,51.60499505517353,88.92749455070947,31.866906138681646,559.1248514678344,0.5610595470112693,0.7796107658819321,0.8115040816312109,0.9999999999999993,0.8406944479794942,0.9799296658665625,0.5616031654012767,0.6726948372819835,0.8406944479794942,0.9999999999999993,amr_automation,197
648,648,648,0,1.0,51.68361964139923,57.02352947418848,77.89244755278264,29.469885749558834,542.2520587951583,0.544490232739483,0.690151554897044,0.8246587576113502,1.0000000000000004,0.8103461504172208,0.9735663283702893,0.5423950174723474,0.6522995185808699,0.8246587576113502,1.0000000000000004,amr_automation,198
569,569,569,0,1.0,34.03080684455028,34.14902668908138,56.90689703906418,16.587623142158705,509.20570216458424,0.47241818393289475,0.6388649180326216,0.7458540047988601,0.9999999999999996,0.7151326034352691,0.9357334519017042,0.4782718484675898,0.6312122618817181,0.7458540047988601,0.9999999999999996,amr_automation,199
628,628,628,0,1.0,36.59213172821552,33.24845862290704,67.37421740339596,19.425815295219653,531.4511001331224,0.5264134023232511,0.7405482089695127,0.8159550673098473,0.9986430715405807,0.7681001454954259,0.9384047542904351,0.5179140400528842,0.6277243157504838,0.8159550673098473,0.9986430715405807,amr_automation,200
572,572,572,0,1.0,36.210908483750664,35.98360544960809,62.71570920231346,19.186353850171788,518.8732641965565,0.4864941314309327,0.6861085016698599,0.7450384729851481,0.9527934051049116,0.7135012970162631,0.8778171608629849,0.48144002416989257,0.5933730626701548,0.7450384729851481,0.9527934051049116,amr_automation,201
675,675,675,0,1.0,63.132107006649875,73.14103554175458,101.84814673406959,44.75303920690167,560.1188430188249,0.5538141254227378,0.7538562298363735,0.8846104208291911,1.0000000000000002,0.8330383462510519,0.9521027853626377,0.5603272619235459,0.6422182155064589,0.8846104208291911,1.0000000000000002,amr_automation,202
621,621,621,0,1.0,52.766387716173234,60.07914890434324,86.07670667453044,35.187250981034545,548.9232856347228,0.5117626846709087,0.7052358624737598,0.8305801762555227,0.9999999999999989,0.7794372485971357,0.9287660367538797,0.5216157283601437,0.6291315663420997,0.8305801762555227,0.9999999999999989,amr_automation,203
631,631,631,0,1.0,48.78746586776154,51.31766198986125,82.01431496300376,31.968068805746604,551.92719895764,0.5282133162317765,0.7285836339563505,0.8426725819500266,0.9992511642509305,0.7756100738690501,0.8843597130511437,0.5249016448699597,0.6023738530335069,0.8426725819500266,0.9992511642509305,amr_automation,204
643,643,643,0,1.0,48.921361567654984,49.1531372461792,88.02951525512128,28.25028752139395,542.0013926962207,0.540102647540432,0.7975699136989783,0.7792220526287671,0.9999999999999998,0.7988600581927658,0.9986288097324213,0.5288835594399691,0.6539491882179527,0.7988600581927658,0.9999999999999998,amr_automation,205
650,650,650,0,1.0,44.753166829509794,44.19410670273538,81.83594480814065,24.30274427896155,545.775241845176,0.5393142313931076,0.7624837887513066,0.8089369307738921,0.974596965749549,0.8211294487482534,0.9878242744799853,0.544150362457819,0.6440354148749277,0.8211294487482534,0.9878242744799853,amr_automation,206
645,645,645,0,1.0,53.46457731264846,60.6428332370983,89.28082099671445,34.49552212347495,559.7204041097563,0.5238426379704918,0.7485289004988827,0.8332473611951755,0.9953059810788182,0.8396358713704303,0.9747274134301334,0.5374568563194916,0.6105476535182223,0.8396358713704303,0.9953059810788182,amr_automation,207
657,657,657,0,1.0,52.09231537042864,49.033779428603054,92.63976253092687,34.60369846968348,558.4021894639003,0.5477964961865587,0.7837498313176156,0.8508705612428125,1.0,0.813290610347379,0.9104930654793503,0.5457728382282103,0.6189434824783044,0.8508705612428125,1.0,amr_automation,208
610,610,610,0,1.0,43.450383586159234,44.51623616982101,72.58957259508799,26.674386236281652,533.3216264850453,0.5027061731162449,0.6889238888201745,0.7953906737168489,0.9999999999999998,0.7479235192376993,0.9269904326690767,0.5072177825266774,0.6235384984691568,0.7953906737168489,0.9999999999999998,amr_automation,209
625,625,625,0,1.0,47.26727784749291,49.5106581412237,78.50737265383486,30.186994071124825,541.9905655724913,0.5291623377876616,0.7259771858639357,0.8301211784629325,0.9999999999999996,0.7858674138099276,0.9369766612163665,0.5158907519460793,0.6112778926533532,0.8301211784629325,0.9999999999999996,amr_automation,210
630,630,630,0,1.0,44.26873474999091,48.84512697071085,72.87410780272523,23.008331333260013,533.0590773451911,0.5091890145436805,0.7033265295481844,0.7855173668319366,0.9999703233830336,0.8068911255728779,0.9998383969647306,0.5387491917018447,0.6670010594093644,0.8068911255728779,0.9999703233830336,amr_automation,211
627,627,627,0,1.0,34.56089106412024,33.325900201475775,59.67188757585939,16.783529232877182,514.7823691343804,0.5161837251289051,0.7273832617440857,0.7777952716280486,0.9892131503191506,0.7811827514536578,0.9728686764830905,0.516247372923046,0.6477332723677243,0.7811827514536578,0.9892131503191506,amr_automation,212
638,638,638,0,1.0,49.293473632219886,54.12341744546927,84.892796364623,29.008345477661482,546.8503116497455,0.5314391955395209,0.7216950395894252,0.8346310021679257,0.9999999999999993,0.7969603630410289,0.9548849784479585,0.5331590853288711,0.6424823170967295,0.8346310021679257,0.9999999999999993,amr_automation,213
630,630,630,0,1.0,41.03124792540485,42.34117700799459,68.64748574620342,24.09886513503619,545.1515283981307,0.5277464418239179,0.7001412786652812,0.8183159018566565,0.9948911686087936,0.7793329503070942,0.9364327935741303,0.5237994467267377,0.6358140202482823,0.8183159018566565,0.9948911686087936,amr_automation,214
592,592,592,0,1.0,27.91409692340212,25.383159890049143,46.27098700322989,10.003350360163092,507.43708264798124,0.49630654646753664,0.6535505312224821,0.7669497615125817,0.9919286013990313,0.7434762779744257,0.9431238533394198,0.4915287564255687,0.6209388192351908,0.7669497615125817,0.9919286013990313,amr_automation,215
632,632,632,0,1.0,53.20548521437615,56.37854513211792,90.55322846919796,36.4889793236943,556.103444003851,0.5265405791893214,0.7270337685323173,0.8336578134184283,1.0000000000000004,0.7943734536849895,0.914788703866291,0.523548167029236,0.6088350710605989,0.8336578134184283,1.0000000000000004,amr_automation,216
657,657,657,0,1.0,46.88145529481655,48.75401586401523,83.73622752734275,22.968022099969772,541.850855706839,0.5625869966391033,0.7853686624893466,0.8122358235165755,0.9956059378270029,0.8232044584518852,0.9907890127133397,0.5456641016818088,0.6354176961068595,0.8232044584518852,0.9956059378270029,amr_automation,217
608,608,608,0,1.0,44.35799055724511,46.81155291994651,77.6340936967731,26.839580096434464,535.4167349953583,0.5073584680773198,0.7244250942107681,0.7910781403361254,0.9798517230612911,0.7542356383377268,0.8874898337319511,0.49775939264124686,0.5897667819130802,0.7910781403361254,0.9798517230612911,amr_automation,218
643,643,643,0,1.0,58.868305909944716,65.32099228986232,99.9100164318125,40.746640289934454,567.5190565125587,0.5420060684891623,0.7660351833519267,0.8530241855911157,1.0,0.8150450859570737,0.8928561802577941,0.5307935632857052,0.5837653245392734,0.8530241855911157,1.0,amr_automation,219
637,637,637,0,1.0,36.14528176599125,34.62412877883935,60.74084920899941,18.956480300266833,534.7108925816208,0.5277973072731295,0.731256623068917,0.7865036989448857,0.9999999999999998,0.7817510135279225,0.9668453467935567,0.5262197313172516,0.6544823477910221,0.7865036989448857,0.9999999999999998,amr_automation,220
646,646,646,0,1.0,43.32537661846537,44.17703551652275,69.08175520816349,24.808149153447165,543.93261285325,0.546468798884994,0.7248417253753431,0.850541908681978,1.0,0.8137839242767668,0.9817542044548253,0.5326028281165559,0.6542573136304413,0.850541908681978,1.0,amr_automation,221
661,661,661,0,1.0,61.24773288985127,59.92582084891879,109.62853242176038,43.908866143225204,579.5611967545291,0.5468563302412632,0.7621760713477649,0.8965825079109542,1.0,0.8184350043448454,0.9083992008269424,0.5556419198697146,0.6113182174064905,0.8965825079109542,1.0,amr_automation,222
646,646,646,0,1.0,57.653662920863724,63.860018826169295,88.791021546536,38.51080234373879,548.5058947269227,0.5413201674112301,0.768367742566741,0.8175560097812398,1.0,0.8080228226690097,0.9835709594258772,0.5326671008463489,0.6496891898432837,0.8175560097812398,1.0,amr_automation,223
653,653,653,0,1.0,52.0587917775367,60.86917942379182,80.6710015836199,32.686750290760926,553.2354842629445,0.5510664186037715,0.7688209028114706,0.8471707734819247,0.9999999999999996,0.815346947930721,0.9853211445094988,0.5503219860911566,0.6622632546651473,0.8471707734819247,0.9999999999999996,amr_automation,224
612,612,612,0,1.0,43.99451993625817,49.12415596413723,75.8884125934627,27.164768901041338,534.8965246392038,0.5090539027446573,0.6939146320586411,0.8128693977855588,0.9966411157507452,0.7665088535504118,0.9221606077903173,0.5016709385999029,0.5972977133071925,0.8128693977855588,0.9966411157507452,amr_automation,225
617,617,617,0,1.0,50.21236943241524,57.349424495187264,80.63297387882506,30.25561406095667,534.7455574953358,0.5051799972607058,0.718017584083634,0.7994269850764327,0.9999999999999993,0.7701418933285274,0.9720780064807389,0.5097710368193568,0.622880147184226,0.7994269850764327,0.9999999999999993,amr_automation,226
641,641,641,0,1.0,43.75573523495806,43.99139937096436,71.2739324218071,23.778244377104283,525.6143969139547,0.5378110840547625,0.7386326722264647,0.8130812997272256,1.0000000000000004,0.7720791971593485,0.9522184703575549,0.5326360039002844,0.6424098800525684,0.8130812997272256,1.0000000000000004,amr_automation,227
584,584,584,0,1.0,24.106153926398363,24.91761698434044,35.00493069049281,6.721000496225772,499.9540657800363,0.48568294423640823,0.6564358922062717,0.7292569736298044,0.9979489402521861,0.7268944599591484,0.9683998706400004,0.4900268776488142,0.6680222348850149,0.7292569736298044,0.9979489402521861,amr_automation,228
625,625,625,0,1.0,38.925920500158554,34.20269424271845,71.80507790293001,20.075526141440065,534.4110039702161,0.5185169196815971,0.7038188583514009,0.8214499962103133,1.0,0.7893775285845251,0.9601639281506065,0.5206573939554028,0.630905890639159,0.8214499962103133,1.0,amr_automation,229
636,636,636,0,1.0,44.16186439641767,48.36284285258398,72.65295568892702,25.939680101068465,537.3926397146536,0.5272130875230262,0.7262389680581424,0.8047895607620927,0.9994839612164236,0.8018814063584404,0.9891555076793842,0.526773731027368,0.6627900139848124,0.8047895607620927,0.9994839612164236,amr_automation,230
594,594,594,0,1.0,40.233115127831084,41.34426688095999,70.05304699544979,21.505897569248624,522.8369072790783,0.49956558062566747,0.7105648699527647,0.7659117626351379,0.9859819507265262,0.7349399618844935,0.9245381637708117,0.49479728267409,0.6168876840627949,0.7659117626351379,0.9859819507265262,amr_automation,231
624,624,624,0,1.0,45.237297496693046,43.66208965182395,81.05097335837701,26.261059834326524,536.3560852897448,0.51596218699452,0.7310480994108557,0.7967032861424715,0.9888494059430167,0.7831320479083653,0.9437927305707684,0.5286202497491748,0.6403217794472524,0.7967032861424715,0.9888494059430167,amr_automation,232
636,636,636,0,1.0,43.12227593109422,45.8090653398051,71.57012025652506,25.182379760019675,535.065237026636,0.5278887515854569,0.7437501503875585,0.8025324907050706,1.0,0.7937413418888948,0.9521222885668272,0.5278799608147682,0.6567004698199285,0.8025324907050706,1.0,amr_automation,233
641,641,641,0,1.0,43.59625845638825,43.84786252276771,76.19714514478125,26.953821962141422,551.6203767045508,0.5385426897736734,0.7488183538523804,0.8236993722990565,0.9999999999999993,0.7791254391290783,0.9440344998180895,0.5352081242564125,0.6467659825634041,0.8236993722990565,0.9999999999999993,amr_automation,234
632,632,632,0,1.0,39.47286814663817,38.95200911719479,66.65158945918313,20.220300137212064,524.8726685495072,0.5288111473302822,0.7252456895410079,0.7769870426288374,0.9970235850820208,0.8012777716707703,0.9899591302058278,0.5312267510981737,0.6591970870725052,0.8012777716707703,0.9970235850820208,amr_automation,235
607,607,607,0,1.0,40.54663523187693,40.97765384316216,63.32071066709301,22.752713749965242,529.4264262015166,0.4981050615053693,0.6822544296495898,0.8059913338149852,1.0000000000000002,0.7471927110668732,0.9382061449385498,0.5071079811573683,0.6477446971282558,0.8059913338149852,1.0000000000000002,amr_automation,236
598,598,598,0,1.0,34.91943890046754,31.456069267853394,61.42074055367431,18.158930562090983,520.8526425026168,0.49978630820455483,0.6984364278367224,0.7770318611128525,0.9941197911981884,0.7393443708209079,0.9505899550935312,0.49363053400535023,0.6415396954240988,0.7770318611128525,0.9941197911981884,amr_automation,237
648,648,648,0,1.0,58.205975161667936,65.52308011533563,94.97395413117556,40.35699463531542,557.0166770352703,0.5373944370506052,0.7188443416570324,0.8617090810193402,0.9999999999999996,0.8201290410152726,0.915690638864419,0.5449224361176088,0.6266289699623796,0.8617090810193402,0.9999999999999996,amr_automation,238
603,603,603,0,1.0,40.09275736852494,45.18035882013868,61.381064732203015,18.937350667096844,523.7594307812859,0.5060029180444664,0.7104772635977014,0.7599683976795265,1.0000000000000002,0.7593727953818369,0.9774309394524017,0.5092245947793018,0.664720382850602,0.7599683976795265,1.0000000000000002,amr_automation,239
627,627,627,0,1.0,47.79020978858046,45.41478624065098,81.26508031344588,30.228117341068405,550.9300265013895,0.5229241135905734,0.7120596341292647,0.8559980216091049,0.9999999999999991,0.7821388700088145,0.9161797066885391,0.5205884347125556,0.6167956179829612,0.8559980216091049,0.9999999999999991,amr_automation,240
634,634,634,0,1.0,42.615187255269,49.914659665453314,65.82860532222554,24.97497270815531,530.0075189980109,0.5121111514264294,0.6966447565822208,0.8216196969138185,0.9999999999999998,0.783851792522767,0.9487142758511566,0.5187550881302915,0.6301132429663603,0.8216196969138185,0.9999999999999998,amr_automation,241
629,629,629,0,1.0,38.75712629517227,37.555769541691944,69.31495537220553,20.22157916376565,541.0001855338137,0.5220063451105782,0.7454503037885732,0.8032022101536459,0.994490193479113,0.7894141789856035,0.9826438144410272,0.5166421454645522,0.6405946832270086,0.8032022101536459,0.994490193479113,amr_automation,242
667,667,667,0,1.0,52.73245560196199,55.42854228671183,91.938551592247,34.54111345799158,560.153993639506,0.5623080286387641,0.7617453051122175,0.8707259826867346,1.0,0.8354603770506727,0.9519223601977803,0.5473714708658328,0.634549471083138,0.8707259826867346,1.0,amr_automation,243
618,618,618,0,1.0,50.24868187771301,50.16647388959237,84.44772084028762,31.822847211850352,538.3236292984632,0.5191381073871824,0.7162865559725988,0.7899866674664566,0.9999999999999998,0.7791326768801249,0.9820423808748823,0.5290993332399724,0.6807241303662633,0.7899866674664566,0.9999999999999998,amr_automation,244
636,636,636,0,1.0,45.55824053189012,54.16222395855601,73.93519730270816,28.071688720791084,532.9103541352459,0.5249663674409416,0.7010079388008366,0.8089787444317855,0.9954690209125246,0.7976225417971412,0.954235420789366,0.5341919649877251,0.6547024562797099,0.8089787444317855,0.9954690209125246,amr_automation,245
629,629,629,0,1.0,57.69255755415296,62.938146342181085,98.7331491463139,37.33789283473272,538.2828160626772,0.5388213950223693,0.7429325438371198,0.8211569275971988,0.9999999999999996,0.7983992228361412,0.9825477647607623,0.5175141400686802,0.6249407056194813,0.8211569275971988,0.9999999999999996,amr_automation,246
632,632,632,0,1.0,38.49248164653193,34.548639470937815,68.07299300265413,20.743678130961598,530.7009656624257,0.5361122247312989,0.7019989442055917,0.7994718661632538,0.9889578151969162,0.7854561938563942,0.9493762808224412,0.5216861656774041,0.6430053401300315,0.7994718661632538,0.9889578151969162,amr_automation,247
634,634,634,0,1.0,46.023181354993746,47.28582232197542,78.73138947725062,27.890837138740103,546.2491143450609,0.5409939131044378,0.7584358851168241,0.8397731478133608,0.9829137249574188,0.8077244209764166,0.9557715380582141,0.5227826474529118,0.606802741947774,0.8397731478133608,0.9829137249574188,amr_automation,248
631,631,631,0,1.0,42.684496825555286,47.93587411928303,68.5023183152702,17.98122530726171,529.1117937294994,0.5332646028392657,0.7332200051231519,0.7931079855155815,0.9996391425760064,0.7967141015428788,0.9939903558741935,0.5302212602732164,0.6599479937252047,0.7967141015428788,0.9996391425760064,amr_automation,249
633,633,633,0,1.0,50.443467579241975,54.68514684810708,87.63281563093665,32.90898204281133,555.9427255313669,0.5218812316205301,0.7114372837802666,0.8481848915616389,1.0000000000000009,0.7969786730019035,0.9371004689759632,0.5392015650615986,0.624545683073892,0.8481848915616389,1.0000000000000009,amr_automation,250
622,622,622,0,1.0,55.80444167476252,64.11180147193073,96.875749653007,37.93562250293565,555.901609626613,0.5161427996034393,0.7291098437812848,0.8225836083724609,0.9873358686760528,0.7796058408799128,0.9058980659550872,0.525884698113595,0.6113547324108659,0.8225836083724609,0.9873358686760528,amr_automation,251
660,660,660,0,1.0,51.533032994284994,57.45065219652372,85.546910385964,34.221436150711284,551.9327602130265,0.5383165725731155,0.7205615330382347,0.8788525761022149,1.0,0.8191780251644674,0.928240527703386,0.5526323768576648,0.6319157086423143,0.8788525761022149,1.0,amr_automation,252
638,638,638,0,1.0,46.90255008333751,53.125617033415836,77.51147596991416,30.012027464156407,551.1524380092649,0.5257198466450341,0.7345076926716968,0.8342926391446076,0.9997262952858524,0.7806567749427994,0.9199967374977297,0.5253027294746552,0.6227534379952613,0.8342926391446076,0.9997262952858524,amr_automation,253
662,662,662,0,1.0,41.85365677869708,40.738728975408804,76.74221821491972,24.871994355661474,551.577145364202,0.5543632025369768,0.777350697264522,0.844837737819014,0.9993100012241305,0.8208383072855977,0.966287792310348,0.5517265159469045,0.6761692504606969,0.844837737819014,0.9993100012241305,amr_automation,254
597,597,597,0,1.0,32.792940891290336,36.64385433920404,50.3362780295264,15.845998766847261,516.3814914384241,0.49578773916485874,0.6941507115869127,0.7674950302986889,0.9788050236413494,0.7297333125154716,0.9556602762486754,0.4945969177398371,0.6465548849580417,0.7674950302986889,0.9788050236413494,amr_automation,255
628,628,628,0,1.0,48.48127100289086,46.72097002751315,87.78151234744348,31.441339859740147,546.8452827810607,0.5362799864574723,0.7360517923837497,0.8359805283582075,0.9997819214332486,0.7843647792283569,0.9147533530072741,0.5265891079689392,0.6161556377273834,0.8359805283582075,0.9997819214332486,amr_automation,256
620,620,620,0,1.0,38.21208567476346,35.979670299460224,68.35501246749476,18.165902041011453,525.4666841437293,0.5020780491397273,0.677528638883306,0.7675606250913803,0.9999999999999993,0.7871162985072588,0.9814124872139919,0.5064750968951328,0.636130099054897,0.7871162985072588,0.9999999999999993,amr_automation,257
585,585,585,0,1.0,38.14223065359457,43.470401344271636,59.49066878311925,20.330315885973565,517.2906891246057,0.48915171995160406,0.6961841622574186,0.7528859004929047,0.9948702381695472,0.7429990277584225,0.9453637222182719,0.4944508260225756,0.6221438015527201,0.7528859004929047,0.9948702381695472,amr_automation,258
654,654,654,0,1.0,49.83918006505792,57.14580152144285,81.31731227527632,28.147557678221197,550.2510019774837,0.5498434721904112,0.7486874069986577,0.8340950785661526,1.0,0.8567859976178911,0.9900226792404345,0.5679349307151034,0.6651020732088364,0.8567859976178911,1.0,amr_automation,259
620,620,620,0,1.0,46.98517264718435,54.71202170702293,74.32917130471782,29.89561064713944,534.6417663854952,0.5170521427097867,0.6799590522311574,0.8375047039240188,1.000000000000001,0.7828348009450645,0.9455573506642125,0.5118002436903215,0.6268901813154039,0.8375047039240188,1.000000000000001,amr_automation,260
664,664,664,0,1.0,57.64569310075988,55.676231983288545,100.31964877212607,40.15307357566301,561.9454421596034,0.5458421432968693,0.7704931909054731,0.8795384418050347,1.0000000000000009,0.8268388908351345,0.9480643670032516,0.5476948962058632,0.6200431496049401,0.8795384418050347,1.0000000000000009,amr_automation,261
653,653,653,0,1.0,65.06675070833417,64.89310431370296,109.75292985050311,46.596555072061086,576.3065116805702,0.5445609290824289,0.7641883829386877,0.8688735965283652,1.0,0.815593259616112,0.9200839184963853,0.5372593461872243,0.6030769256567463,0.8688735965283652,1.0,amr_automation,262
656,656,656,0,1.0,46.12751166651191,53.138108182203496,77.09106067978507,28.74319359228708,559.822941306197,0.5469433577990293,0.7756451793680498,0.8655321585021248,0.9954593849322277,0.7974584534055621,0.9442803986962498,0.5454743916313524,0.6477806885685268,0.8655321585021248,0.9954593849322277,amr_automation,263
642,642,642,0,1.0,47.206673241546966,56.488215769552056,70.80431355484774,28.10685318374293,540.1521431192109,0.5296409635257191,0.7131678118888951,0.8370703180617853,1.0,0.8010130507064481,0.9639775811721961,0.5369243751543454,0.6571899168823436,0.8370703180617853,1.0,amr_automation,264
678,678,678,0,1.0,51.84799021274256,54.53801661979574,91.92175457495159,31.747372915140573,579.7521814800077,0.5832493538594802,0.7993460834137343,0.8814347371280393,0.9976262893080056,0.8476539150385763,0.9673858542823369,0.5595996162775091,0.6434003584336089,0.8814347371280393,0.9976262893080056,amr_automation,265
612,612,612,0,1.0,39.273178442033625,39.74483021813336,68.2503159831079,19.492025195895007,523.7198861371737,0.5023101499219786,0.6865209583434494,0.7910850789647572,0.9999999999999998,0.7966605538130639,0.9999999999999984,0.5094446777476821,0.6533818275865789,0.7966605538130639,0.9999999999999998,amr_automation,266
649,649,649,0,1.0,60.018736200465504,63.248205265969546,102.02538824626771,40.52163322782472,560.9511935923495,0.5233114130660812,0.7556946094265772,0.8511748075239169,0.9999999999999996,0.8257803676170118,0.9418819583455,0.5352109430566654,0.6078726662604356,0.8511748075239169,0.9999999999999996,amr_automation,267
630,630,630,0,1.0,37.872738975502166,42.43040549818127,61.90816551662863,12.757556878747417,527.7483693903825,0.5237108460530583,0.729698367469334,0.7634446266257214,0.989893848852249,0.7929048201494187,0.9938171923958491,0.5252999133236466,0.656915906937058,0.7929048201494187,0.9938171923958491,amr_automation,268
601,601,601,0,1.0,32.03091177924942,31.623215686944604,54.85825396919887,13.2696393273469,511.1384075163503,0.495991692371038,0.6716133449341466,0.7568748733690827,0.9872437426270677,0.7558140045013315,0.9602478515014321,0.5071798727091121,0.655237802445765,0.7568748733690827,0.9872437426270677,amr_automation,269
651,651,651,0,1.0,44.7431536470727,48.1402711269065,71.86382138072122,25.404182585017697,537.6395689863724,0.5450511395182742,0.7260363968105735,0.8259369508211816,0.9999999999999993,0.8148954771154553,0.9851439266792914,0.5417872242838198,0.6730597496755317,0.8259369508211816,0.9999999999999993,amr_automation,270
630,630,630,0,1.0,35.87490410295453,34.65788045228993,63.03999002834337,18.815675788849024,536.3511526713863,0.5198713539468757,0.7200365923965646,0.8106092849598484,0.9833875082256924,0.7656169285283833,0.9083299081306354,0.5241546846923106,0.6358283963436291,0.8106092849598484,0.9833875082256924,amr_automation,271
640,640,640,0,1.0,47.761688374586406,49.81384053439771,76.73864918653226,30.265489117947748,547.3992453172713,0.5209083550611041,0.7045029424099002,0.8460965771264406,1.0000000000000009,0.8058390010649523,0.9772902298238533,0.5309882079965058,0.6351396702878583,0.8460965771264406,1.0000000000000009,amr_automation,272
593,593,593,0,1.0,35.45188663156035,38.99235186385977,59.18431614531943,16.906077283147248,525.4836429604655,0.4924359219851656,0.6951175914063334,0.7734802891337086,0.9917267158601052,0.7546901064857936,0.9456306571084265,0.4983999505468899,0.6091526905606695,0.7734802891337086,0.9917267158601052,amr_automation,273
639,639,639,0,1.0,49.82140105387743,57.89034863353055,80.4585813133541,30.848987093911386,536.788616640332,0.5216319389933849,0.7592579193595778,0.7946173732874308,0.999291043842975,0.8011379522223578,0.9804894119289028,0.5269425514614529,0.6377997553695646,0.8011379522223578,0.999291043842975,amr_automation,274
660,660,660,0,1.0,58.40682403120593,57.53544529617611,98.6389626403743,38.97453623309098,557.9286439225716,0.5401055880536364,0.7506725202885203,0.8659289075772671,0.9999999999999993,0.8304961779983432,0.9756332932806164,0.5465480486664347,0.6531055657542606,0.8659289075772671,0.9999999999999993,amr_automation,275
632,632,632,0,1.0,55.961864971891444,62.725482993329024,92.97698327029758,37.847806137020655,563.0335048946872,0.5338895392013133,0.7558014956194086,0.8687730460362475,0.9999999999999996,0.8007631855089435,0.9519969228449313,0.5186217158699157,0.6088905038357604,0.8687730460362475,0.9999999999999996,amr_automation,276
693,693,693,0,1.0,58.38901146194152,65.03440294542696,96.37374574936325,39.867526374909644,569.0043740620451,0.5602810247447712,0.7496519836062211,0.9005650584503953,1.0,0.8703244826271496,0.9354259853182966,0.5781014498206007,0.6180862309047237,0.9005650584503953,1.0,amr_automation,277
635,635,635,0,1.0,43.422103957315585,51.20658011556088,63.96227412456494,24.911265335033725,534.4755840654043,0.5337606811148058,0.7262292066332937,0.802967783261286,1.0000000000000004,0.7976608670330565,0.985915806900476,0.5197672318677743,0.6427207257213557,0.802967783261286,1.0000000000000004,amr_automation,278
581,581,581,0,1.0,39.178163713889234,41.07238709303334,64.21240437920426,22.108067610288835,508.2407752800063,0.4828300955249143,0.6848175219035096,0.7378925318753872,0.9999653651777063,0.7002940517542293,0.8963228916192527,0.47807177602056844,0.6101997694533472,0.7378925318753872,0.9999653651777063,amr_automation,279
601,601,601,0,1.0,35.57418817346411,34.26629383675697,59.878990230951786,16.775093783894366,509.89461860640847,0.5033833818011676,0.6613133559645717,0.7680857548617707,1.0000000000000009,0.7509351406036796,0.950404492984045,0.49738911598266267,0.6216683213802017,0.7680857548617707,1.0000000000000009,amr_automation,280
620,620,620,0,1.0,43.528352545573405,50.235444632649035,65.90991065748739,26.2254517305687,522.3204653628627,0.512172813251693,0.6812794848957923,0.79283145593798,1.0000000000000004,0.777022323804662,0.9802859178481925,0.5045577919015951,0.6349496216727407,0.79283145593798,1.0000000000000004,amr_automation,281
636,636,636,0,1.0,55.334483184781924,58.71986893007795,99.36417892992574,38.54008671924414,571.4789771711943,0.5236356747726187,0.7343055217167486,0.8817615811678569,1.0000000000000004,0.7836210307265286,0.8599160043734977,0.5327127041076692,0.5878848147060731,0.8817615811678569,1.0000000000000004,amr_automation,282
646,646,646,0,1.0,38.97301453632858,44.09268943011017,64.99984930976109,19.315151921023222,529.6376159429828,0.5281930533821507,0.6986593777040202,0.8137555492804742,0.9882712960124592,0.7993497115635895,0.969833083719462,0.5455880732104413,0.666931524144276,0.8137555492804742,0.9882712960124592,amr_automation,283
611,611,611,0,1.0,45.86961036825047,49.05135830640387,76.91606360518614,28.449558364108913,538.955080965371,0.5118339635235646,0.7216543078912631,0.7997536963088541,0.9999999999999998,0.7602857890713733,0.9270740124945476,0.5059184754743077,0.6215236301707993,0.7997536963088541,0.9999999999999998,amr_automation,284
622,622,622,0,1.0,36.31214205346951,37.371255621998415,59.48105230376888,18.45921091728802,515.4152917331232,0.5186540344680306,0.6785958887699111,0.7903738798361861,1.0000000000000007,0.7767461662361694,0.9715693498693598,0.5219158978969581,0.6515574112169357,0.7903738798361861,1.0000000000000007,amr_automation,285
637,637,637,0,1.0,41.03348121680694,44.758604555341776,67.8055785927375,19.73435435870065,530.6859530271734,0.532097861510034,0.7190700699115187,0.808853024431206,0.9963020796675368,0.8195114191895957,0.9848528445434591,0.5266280378041381,0.6255764875969653,0.8195114191895957,0.9963020796675368,amr_automation,286
634,634,634,0,1.0,35.95923575517301,39.82055323859049,57.64743908373828,17.15923966765687,525.6302287792394,0.5345646829080488,0.6938888722192638,0.808009909565774,0.9999999999999998,0.7911778702787876,0.96386035637123,0.5272446322320203,0.6486448689239929,0.808009909565774,0.9999999999999998,amr_automation,287
646,646,646,0,1.0,54.18719534028001,66.47196825248494,84.40420259223629,34.486011034815554,552.3182882699996,0.5396543326221548,0.7582594578323352,0.814329221079221,0.9999999999999989,0.8078357974970517,0.9535161112972765,0.5286260162051578,0.6200910960183768,0.814329221079221,0.9999999999999989,amr_automation,288
637,637,637,0,1.0,38.98762458137159,36.503211636529045,70.06447476515194,21.691431514349173,544.9222449585632,0.534895405011655,0.7307802068911762,0.8441517445338527,1.0,0.7860079909638151,0.9516286101024841,0.5350060657278999,0.6360631183544649,0.8441517445338527,1.0,amr_automation,289
649,649,649,0,1.0,55.96001707697895,64.92820911391678,89.93959814360193,39.124841496656906,550.4547657673806,0.5475177558922609,0.7457236694125059,0.8401527526635278,0.9999999999999991,0.8004314829681516,0.9403656817813918,0.5374378810976366,0.6433674214657528,0.8401527526635278,0.9999999999999991,amr_automation,290
664,664,664,0,1.0,52.12297899496667,55.54440894663435,83.94740234443799,32.800397212390074,557.0183416824782,0.5560997850407218,0.7925044753727793,0.8443844879774207,0.9999999999999987,0.8294027381265305,0.9780869415514502,0.5502427552181673,0.6480851587806605,0.8443844879774207,0.9999999999999987,amr_automation,291
648,648,648,0,1.0,45.35959094323116,48.4378951062084,76.16719069558519,28.137496268535106,555.288658781433,0.5457162145520911,0.7487944364096208,0.8493490328409601,0.9962679913823584,0.8200470021946789,0.9280685396416744,0.5449949761123397,0.6421959999099826,0.8493490328409601,0.9962679913823584,amr_automation,292
692,692,692,0,1.0,51.71028076814113,52.29062305291393,91.03812996327542,31.615338881059753,561.9693742761527,0.5861753716314337,0.8161351400952812,0.8845222400589028,1.0,0.8763038848204777,0.9991147869788717,0.5717070095957956,0.6538335526535378,0.8845222400589028,1.0,amr_automation,293
615,615,615,0,1.0,28.848295342765642,30.164498064692452,43.49445695967387,9.922830440310031,520.5291522974844,0.5202686110097071,0.6767989253756188,0.8000620008614664,0.9901275859340964,0.7757170865761539,0.9863363835709463,0.5037291464439491,0.6355951450313134,0.8000620008614664,0.9901275859340964,amr_automation,294
642,642,642,0,1.0,56.35659141521585,56.67319294271658,99.06590063007917,39.04120085401422,578.9724924802052,0.5326935409322268,0.7537056325235105,0.8638556234602286,0.9999999999999996,0.8030912014399298,0.9158980546109203,0.5355766196230768,0.6191463926848103,0.8638556234602286,0.9999999999999996,amr_automation,295
663,663,663,0,1.0,44.71786285140942,45.63709489931364,77.37883900957809,23.57109348893981,552.4290871965649,0.5541390248833062,0.7462041023901651,0.8220629977036901,0.9947823195544485,0.8186806225866528,0.9319193763757931,0.5545549623079494,0.6332317612056895,0.8220629977036901,0.9947823195544485,amr_automation,296
634,634,634,0,1.0,35.94780118193966,34.83825658822559,62.34072665713808,18.171908988286805,521.1367132436394,0.536625721662337,0.7203505500323915,0.8147358567433511,1.0000000000000004,0.783897334759549,0.9569510278152297,0.5312265153045376,0.6643717087716686,0.8147358567433511,1.0000000000000004,amr_automation,297
585,585,585,0,1.0,27.758547397397187,27.004605284879887,43.06761836880372,11.087773490169635,498.45563095618485,0.49128404154217115,0.6577418539650906,0.7456375114793965,1.0000000000000002,0.7078803967679552,0.9173582627371781,0.4833955307117894,0.6381872462836015,0.7456375114793965,1.0000000000000002,amr_automation,298
653,653,653,0,1.0,61.52403978360287,61.44426049003286,104.58276571136531,43.18697052802454,566.248104816671,0.5379533387858033,0.7462601178597743,0.8592425014248093,0.9999999999999993,0.8189480208591081,0.9203195658742981,0.5376391853189307,0.6152754860953663,0.8592425014248093,0.9999999999999993,amr_automation,299
646,646,646,0,1.0,57.773865921292526,58.9063881820303,103.61583546664224,39.732487841007945,575.2557163016004,0.521864372183417,0.7544862353844835,0.85842917315103,0.9987244522063474,0.8132596836487351,0.9475050079436311,0.533315923858125,0.64134533388445,0.85842917315103,0.9987244522063474,amr_automation,300
624,624,624,0,1.0,52.66195938950059,56.95909206984231,85.23575301182291,34.959313660387984,531.8696687286914,0.5053814712442074,0.7146202654778897,0.7971125370882408,1.0000000000000007,0.7685525516407213,0.9524975783093247,0.5175438835820475,0.6562399540448576,0.7971125370882408,1.0000000000000007,amr_automation,301
591,591,591,0,1.0,39.629472557873186,42.904671079180844,67.3137199750679,19.735898089738473,516.4680309136471,0.48282217204057654,0.7120747834877069,0.7385157583951167,0.9764472934737488,0.7366387737874295,0.9820739252316028,0.5033169143373208,0.6643141921016584,0.7385157583951167,0.9820739252316028,amr_automation,302
655,655,655,0,1.0,53.76549564121757,57.80496645600809,91.58212503827843,35.207707575729216,564.530305322313,0.544877034926578,0.7754818324201058,0.8454314350181236,0.9965554629016539,0.8076979268549629,0.9175066170808002,0.5428599131972772,0.6150038781223482,0.8454314350181236,0.9965554629016539,amr_automation,303
637,637,637,0,1.0,38.517486724498,42.83613862587745,60.998911107272136,20.4617204849364,533.939562695362,0.5225655802908514,0.6911854443522438,0.8072296552552414,0.9859877727755006,0.7971441262118291,0.9805715743090444,0.5300611003087735,0.6469515257898413,0.8072296552552414,0.9859877727755006,amr_automation,304
587,587,587,0,1.0,31.076434242893157,32.82341979075238,47.6572880788753,13.495666255709724,504.1189266382539,0.49251160775590846,0.6578187101247344,0.773159345679662,0.9999999999999993,0.7523246300846732,0.9495497516267983,0.49625385538417016,0.6297201972391074,0.773159345679662,0.9999999999999993,amr_automation,305
648,648,648,0,1.0,47.54655044784971,49.98369799767508,79.76663940884981,28.388756496241676,537.8602146972478,0.542915948155457,0.7461723723952297,0.8285131255864946,0.9998997038882345,0.8125871394279571,0.9683800450953555,0.5484933738947891,0.6510153899421013,0.8285131255864946,0.9998997038882345,amr_automation,306
623,623,623,0,1.0,40.037471422412196,42.32702670207024,66.74256562774332,21.926174709667645,524.293630324683,0.514507199960984,0.6889640942017322,0.8024441718708285,0.9999999999999993,0.7737894271634376,0.9640567632135604,0.5201829681641337,0.6318115067751685,0.8024441718708285,0.9999999999999993,amr_automation,307
650,650,650,0,1.0,53.49932526470665,64.37338717068303,86.46806043890172,34.43014228322282,564.8477640302078,0.5430498083956816,0.7253142088653673,0.8830747957041146,1.0,0.8256573051933751,0.9441779493269716,0.5375938803086403,0.6085111281200778,0.8830747957041146,1.0,amr_automation,308
634,634,634,0,1.0,48.003711273716064,54.22253182880337,82.84573980908254,30.03720469843727,543.86416263098,0.532067927128208,0.73239407708099,0.8312273413325862,0.9976700933124043,0.793363006235255,0.9706994956193786,0.5422943511062022,0.6571271793892878,0.8312273413325862,0.9976700933124043,amr_automation,309
583,583,583,0,1.0,42.73900162934271,49.06724913347011,73.07883978924758,25.495264148654826,529.7242313280408,0.48475526216357895,0.6947827137959975,0.767188205289818,0.9879577126862703,0.7310456665552513,0.9551352458549343,0.4770624992599692,0.6266917416865375,0.767188205289818,0.9879577126862703,amr_automation,310
616,616,616,0,1.0,49.032477564497704,54.74166619826207,79.27336977545531,30.46913318981179,522.1735805517396,0.5075676021032606,0.6889890305497922,0.7735762525369081,1.0,0.7629729690608958,0.9541752975612814,0.5098166499588557,0.6426258355068691,0.7735762525369081,1.0,amr_automation,311
614,614,614,0,1.0,46.342206186213176,50.339706730490974,72.53863903983654,26.775607613826676,516.6879681420639,0.5150463535431749,0.6901799835743837,0.7808102899314835,1.0,0.7698371257471905,0.9616496644023993,0.5205337885675757,0.6607103978645538,0.7808102899314835,1.0,amr_automation,312
662,662,662,0,1.0,56.89767198312572,55.96920842970209,99.94652770774843,39.755022857303175,570.3883152206803,0.5446836186641935,0.7442240447653403,0.8836891660532574,0.9995550867873438,0.8365502803762075,0.9060916212772159,0.5538462152703596,0.6174954428643376,0.8836891660532574,0.9995550867873438,amr_automation,313
626,626,626,0,1.0,51.48493241317353,53.6166973256731,86.17321956404317,34.326902458498246,557.0263847752466,0.5163717010761827,0.7049631226334478,0.8487761098683905,0.9999999999999998,0.7919307508602835,0.922883311559845,0.5232767398617015,0.6143219579621845,0.8487761098683905,0.9999999999999998,amr_automation,314
639,639,639,0,1.0,38.84971439138623,41.798427698928435,60.533128519502895,18.76863581591567,524.7784406091758,0.5299184265542989,0.6927491397042068,0.8005560360244157,1.0,0.8011231025875625,0.9913186913077247,0.5354973052156365,0.6680248835210548,0.8011231025875625,1.0,amr_automation,315
617,617,617,0,1.0,35.87988658314767,33.71448976439922,63.713295777455414,15.991370681677896,508.9502549963696,0.5134228029980917,0.6927791631202568,0.7701200831576449,0.9846465051340649,0.7800091062932226,0.9811788262256331,0.5224260523507562,0.6375724805719813,0.7800091062932226,0.9846465051340649,amr_automation,316
698,698,698,0,1.0,52.79533384853722,58.20350791757377,87.95589889874822,32.02121587154207,556.7122274135312,0.5678037875145172,0.7870254060384281,0.8586697660699654,1.0,0.8710128118556372,0.9905736666978414,0.5825659252208081,0.6497392061211034,0.8710128118556372,1.0,amr_automation,317
629,629,629,0,1.0,53.756313950238685,58.89293395933373,86.81063532209129,36.34143088526509,533.9740551839415,0.5338277927149013,0.7076704534570024,0.8238788327737545,0.9999999999999993,0.7715467612636095,0.934249783281137,0.522613100262573,0.6273756730778003,0.8238788327737545,0.9999999999999993,amr_automation,318
621,621,621,0,1.0,33.89960396439261,30.816075016217383,57.720326606519336,15.038052881920986,527.5421330851309,0.5155761895408486,0.6940625279427589,0.8052608786845669,0.9960989500860719,0.7770144390389957,0.9812629148796499,0.5186378864124551,0.6344415658397125,0.8052608786845669,0.9960989500860719,amr_automation,319
612,612,612,0,1.0,38.84470337897639,42.37388135066334,63.026658494990045,17.98420574610358,525.3853662444989,0.5127786254854181,0.6907540680308109,0.7702490261188626,1.0,0.7833456131689102,0.9882360245342339,0.5194559125111041,0.6615822518779695,0.7833456131689102,1.0,amr_automation,320
607,607,607,0,1.0,37.88233919977747,38.051705088857545,65.44306883585784,20.12929903884103,524.8051273899091,0.5008163085537093,0.6692065132568621,0.7805848243508233,0.9999074747883075,0.7535863170951658,0.9491666072516486,0.506414571340835,0.6401934840132975,0.7805848243508233,0.9999074747883075,amr_automation,321
648,648,648,0,1.0,51.70142785200481,53.97496092681402,91.46341744312184,33.78647047719038,543.6531435135246,0.5448614565446366,0.7712965964064626,0.8417690644385292,0.998266928303139,0.7966129367922674,0.9324790918396962,0.537684641975258,0.6302988093586478,0.8417690644385292,0.998266928303139,amr_automation,322
607,607,607,0,1.0,44.33643008345301,47.18376403435619,72.20948107928007,25.385510807621618,528.0780331306661,0.5139122104443543,0.7270459723054236,0.7945900429762547,1.0000000000000004,0.7564255279338589,0.9583638146939558,0.5221723695317128,0.6678803109965172,0.7945900429762547,1.0000000000000004,amr_automation,323
606,606,606,0,1.0,48.18891522599836,52.62980582438601,79.91226742593574,28.31144113793721,531.2349705447272,0.5012546172277279,0.6948806896666314,0.7908156769127337,1.0000000000000004,0.7715750660766902,0.9522682142169131,0.5081472807935,0.6346356095832015,0.7908156769127337,1.0000000000000004,amr_automation,324
641,641,641,0,1.0,50.84116499295331,55.79682873361722,79.72705326715243,31.69657885972807,540.0137972690442,0.5320697547011156,0.7484482167512294,0.8291150252870627,0.9999999999999996,0.7885112094373096,0.9790187520019071,0.5314288455647243,0.6542538630515542,0.8291150252870627,0.9999999999999996,amr_automation,325
639,639,639,0,1.0,48.827348988499736,58.73532596029537,79.64271051546484,29.561049107061216,547.0467037372358,0.5268763923771668,0.7451518368171113,0.8253745410609702,0.9999999999999993,0.7968344157068488,0.953221937441902,0.547107954281572,0.6490530442944751,0.8253745410609702,0.9999999999999993,amr_automation,326
607,607,607,0,1.0,39.94085253042687,42.48333655670379,67.46994843817015,22.083629817242702,518.086996394278,0.506941690204558,0.7290087273182417,0.7768225458297228,1.0000000000000002,0.7399731812695324,0.9370546840925335,0.4966010036344407,0.6320661342927621,0.7768225458297228,1.0000000000000002,amr_automation,327
642,642,642,0,1.0,42.75526453597585,43.51016136623116,71.68713948157745,25.97428805792899,543.282275375432,0.5283557578637871,0.7275061994869679,0.7964767192159115,0.9890835127376384,0.7805863204533773,0.9418677021615526,0.5316782529909745,0.6390615389454546,0.7964767192159115,0.9890835127376384,amr_automation,328
642,642,642,0,1.0,43.4198493082939,44.722688020008576,71.11024636574751,21.471784454886482,535.3036821713359,0.5410115474613232,0.7698886058561856,0.8117202508474958,0.9985226638772032,0.7945609860662327,0.9964845963722696,0.5474999701787641,0.6799319338235098,0.8117202508474958,0.9985226638772032,amr_automation,329
653,653,653,0,1.0,54.042461632594154,53.730588606076566,92.00640481148764,35.50858949767209,556.8911013772023,0.5437404102553894,0.749311396275056,0.8646623278466545,1.0000000000000002,0.8192838414600874,0.9776889490842837,0.5487278670252305,0.66685235319846,0.8646623278466545,1.0000000000000002,amr_automation,330
627,627,627,0,1.0,41.83355630629542,49.71453669839099,63.66036167321852,23.04240181725539,530.5827788706393,0.5260588570263786,0.7375863146579624,0.8022836913326739,0.9982484857761789,0.7728573053346696,0.9697595639008889,0.5176443254098134,0.641931948908558,0.8022836913326739,0.9982484857761789,amr_automation,331
660,660,660,0,1.0,50.01446540322146,54.128942447144084,83.43210148132908,31.550919573045746,551.432212345724,0.5516518656033487,0.7522840125688497,0.8583433187382851,0.9998427408495785,0.8390375329034174,0.9466995575884938,0.5482509534982106,0.6251002793368591,0.8583433187382851,0.9998427408495785,amr_automation,332
592,592,592,0,1.0,26.30830729550507,25.53627597004828,39.902800706027165,7.283722115237888,492.70938296384105,0.49116308432011235,0.6717912849499156,0.7259375501226086,0.9887434754564677,0.7327631416168343,0.9903173760770768,0.49636705304636725,0.6757832243422199,0.7327631416168343,0.9903173760770768,amr_automation,333
644,644,644,0,1.0,54.657055409437014,62.897766455175514,87.64497819305643,32.19993594278626,561.0644383695866,0.5398032266197914,0.7605575016626929,0.8207531567358507,1.0,0.8221518492763822,0.9731605548158051,0.538507945759264,0.65460221190493,0.8221518492763822,1.0,amr_automation,334
630,630,630,0,1.0,46.63083276560556,47.63663291320256,75.32544164704427,29.531556343420455,545.5932918049888,0.5206944714134092,0.7038191932944169,0.831070416579455,0.9999999999999996,0.7825673824581075,0.9072519274250369,0.5240906154195623,0.6048687702010104,0.831070416579455,0.9999999999999996,amr_automation,335
646,646,646,0,1.0,43.9349304030926,49.682050631454956,70.97998353645676,23.421382651889378,546.397298177271,0.5376766642428934,0.7333127877068003,0.8202168438167976,0.9999999999999996,0.8160544717587114,0.9761492087909085,0.5387370676838747,0.6447517867700557,0.8202168438167976,0.9999999999999996,amr_automation,336
599,599,599,0,1.0,26.441570190473943,26.023265005125836,41.170704542802014,7.751963603594754,512.1039996247754,0.49400490146633325,0.6661059415789301,0.7577355650920196,0.988927218748957,0.7558123151759684,0.9664207255886129,0.5055433767197058,0.6621174286531644,0.7577355650920196,0.988927218748957,amr_automation,337
588,588,588,0,1.0,30.576855460274775,30.787858936063287,47.95124103146833,12.806946558808558,514.4609388721291,0.49985194769995894,0.6671279232565798,0.7581524399657749,0.9990800633999632,0.7378355674289313,0.9441348063197519,0.48781396619408723,0.6192618502347391,0.7581524399657749,0.9990800633999632,amr_automation,338
627,627,627,0,1.0,43.76463842651548,46.844354316377064,70.23544803312274,25.106987621229507,532.0319098687595,0.5121382341888341,0.7159394837076941,0.8183286376732786,0.9999999999999996,0.7759174401689197,0.956582451171547,0.5190112576199796,0.6335058641545366,0.8183286376732786,0.9999999999999996,amr_automation,339
605,605,605,0,1.0,41.2392237677787,44.593794063779114,64.55172610777583,22.825294329819634,542.2631380013348,0.496574427192197,0.668039002182696,0.8256798880121441,1.000000000000001,0.7545313621031643,0.93571217010724,0.500467754557079,0.6048890608823612,0.8256798880121441,1.000000000000001,amr_automation,340
651,651,651,0,1.0,49.589113780863265,50.46295713756459,84.46910273169959,26.203843891623162,545.4073502975965,0.5434040132264721,0.7841546062772561,0.8016859970537084,0.9999505020078611,0.8380698520161423,1.0000000000000004,0.5470417328701098,0.6656753447741083,0.8380698520161423,1.0000000000000004,amr_automation,341
615,615,615,0,1.0,49.121725206575874,50.910855347080684,78.77309722250192,31.69658165729755,546.4533566440825,0.5156092775314264,0.7101963505110019,0.8148803032168346,1.0,0.7719046689206743,0.9172832965763695,0.5074541541309524,0.5884818568060041,0.8148803032168346,1.0,amr_automation,342
651,651,651,0,1.0,45.57516451008661,39.18704122980091,80.58409807115913,28.10260017760686,545.577076764977,0.5358374874696358,0.7528494256083357,0.8383744583863477,0.9865789498715876,0.8110414726501544,0.9266355367388135,0.5325234935278297,0.6133072466106181,0.8383744583863477,0.9865789498715876,amr_automation,343
614,614,614,0,1.0,44.1912634760887,48.7370611453149,70.02304977204375,24.551761226102688,540.7674415242029,0.5045370201292044,0.702022890522748,0.8096692242164533,1.0000000000000004,0.7797781459228281,0.9779245813332238,0.5043346683188266,0.6484730706998162,0.8096692242164533,1.0000000000000004,amr_automation,344
602,602,602,0,1.0,33.12225931256845,33.61351149607842,58.187241028640585,14.62366844170715,505.079517608013,0.5170092507735473,0.7149903904911791,0.7527321509104469,0.9803643085721978,0.7507835913172927,0.9551528710036024,0.4834179004964719,0.607868569794818,0.7527321509104469,0.9803643085721978,amr_automation,345
608,608,608,0,1.0,36.53315857859358,36.380891132562965,61.85460257736281,19.73374666340089,533.5525876174407,0.5137128279733278,0.7248440812368813,0.7953149343347613,0.9842749193776962,0.7503031914106758,0.9348269348350003,0.5087775568977891,0.634285767216916,0.7953149343347613,0.9842749193776962,amr_automation,346
603,603,603,0,1.0,57.27618603628767,67.30775639792026,90.28279424587055,40.03564088699645,548.6765250076261,0.4972106564451497,0.6998112113961512,0.8251266071516884,0.9999999999999993,0.7478316965311143,0.8970733257028285,0.4999522276560962,0.5960379664314914,0.8251266071516884,0.9999999999999993,amr_automation,347
606,606,606,0,1.0,43.69206607537048,42.66266654702909,74.72834200199333,25.956070374595775,531.0811741864319,0.5033946912462403,0.6946419674006816,0.8094590056379375,0.9999999999999998,0.7639948867212888,0.9301196071797962,0.5086466385468453,0.6186106375366649,0.8094590056379375,0.9999999999999998,amr_automation,348
562,562,562,0,1.0,31.36550615533034,31.716351134792035,50.25828960511052,13.7306571415486,503.4797905289676,0.46162671953552337,0.657161640823446,0.7269479600213028,0.9921179731388319,0.6981266451509699,0.9473755085996544,0.4682530860281926,0.6331637830252351,0.7269479600213028,0.9921179731388319,amr_automation,349
625,625,625,0,1.0,54.833814061857815,57.907210008315985,94.708554856192,36.848767779953654,556.0574062041977,0.5225534331185089,0.7305864615968531,0.8371379180187408,1.0000000000000009,0.792265187979892,0.8863679745159988,0.5287034501526634,0.6075654285738081,0.8371379180187408,1.0000000000000009,amr_automation,350
614,614,614,0,1.0,42.812673065661535,43.38153525154377,75.08709358045803,25.887592867828367,533.009388030619,0.5073751227090003,0.6803473107827495,0.8049564728772072,1.0000000000000002,0.7651537492173508,0.9171712551221126,0.5032614533207262,0.6161940816665453,0.8049564728772072,1.0000000000000002,amr_automation,351
615,615,615,0,1.0,37.668197097707434,38.20942704039686,61.59869016590466,18.5766275444084,514.419922987584,0.5090678004545958,0.697910527771052,0.770893639498685,0.9894129127833587,0.7708920897316183,0.9873308772207446,0.5148835977722322,0.6592667952864542,0.770893639498685,0.9894129127833587,amr_automation,352
630,630,630,0,1.0,41.76657014549801,46.02378537120242,68.86464128054757,23.855380544020985,527.0024468357158,0.5234990651600503,0.7144462540561864,0.7816722391894075,0.9927942979658299,0.7958345277446321,0.9655640660557219,0.5238418602843624,0.6538206936775179,0.7958345277446321,0.9927942979658299,amr_automation,353
611,611,611,0,1.0,47.33356625529989,49.61496513254849,79.7399763333919,29.896186516705548,538.3629317771895,0.5134761506508668,0.7020286122382913,0.8335549333783919,0.9934045631673774,0.7505170911788078,0.9015604101383178,0.5034097088538669,0.6107158848645633,0.8335549333783919,0.9934045631673774,amr_automation,354
614,614,614,0,1.0,40.284598587944515,46.492339493751615,58.441119247433335,19.976592964282084,524.4454324683699,0.5323507457517509,0.7323171045997556,0.7814372798732329,0.9999999999999987,0.7691170852860929,0.9978107710157073,0.501502471071907,0.6424821578644008,0.7814372798732329,0.9999999999999987,amr_automation,355
642,642,642,0,1.0,61.37606019823337,66.87696600662701,102.76652944745064,43.643098569974576,566.2061694839905,0.5399101807495782,0.7526767011595193,0.8857023230475961,0.9999999999999996,0.7993048871580092,0.9029196620177768,0.5328983924173173,0.5885547350863346,0.8857023230475961,0.9999999999999996,amr_automation,356
644,644,644,0,1.0,53.70563876141703,58.36756750195505,93.63598348068177,36.28942026232399,555.492312273232,0.5453740638191621,0.7394297551896335,0.8597223987500862,0.9999999999999998,0.7980919301114662,0.9283805319165893,0.5237151089622858,0.608282817292405,0.8597223987500862,0.9999999999999998,amr_automation,357
661,661,661,0,1.0,61.58693198648934,69.87102886778698,101.7667321269343,40.27693770165391,558.1183187862899,0.5490249582743006,0.7575647100047437,0.8663155263957248,1.0000000000000002,0.8225812859199387,0.9522622968169326,0.5490974418977004,0.6268218164713957,0.8663155263957248,1.0000000000000002,amr_automation,358
687,687,687,0,1.0,61.53632752503101,64.92238371708149,110.333113770708,41.358562695724366,562.8104396173145,0.5794890378961021,0.7717791802560523,0.8596493101492497,0.9999999999999996,0.8476601892736009,0.9394291755754921,0.579255130137226,0.6299465903564632,0.8596493101492497,0.9999999999999996,amr_automation,359
662,662,662,0,1.0,57.97287018799617,65.63984831800809,102.7089023550061,40.42984332266656,557.8967010283264,0.5473669342160097,0.744628675719666,0.8539099509402671,1.0000000000000009,0.8230306733311997,0.9151993498242653,0.5460162542644886,0.6147046010681911,0.8539099509402671,1.0000000000000009,amr_automation,360
615,615,615,0,1.0,40.1665363241636,44.94774967043983,65.33153130674458,21.96149401704402,533.1936786883767,0.512605547217912,0.7122184544887717,0.7878467995537279,0.9856448451354156,0.768212369006756,0.9472300776921232,0.5084088042926076,0.6260958576436625,0.7878467995537279,0.9856448451354156,amr_automation,361
675,675,675,0,1.0,66.13670599703451,71.53520419756396,113.7901769018087,46.99105905701444,580.5306450581813,0.5673714159742688,0.7683032498251842,0.8907592139295951,0.9999999999999991,0.8608534944695322,0.9310611120638546,0.562605848843434,0.6320685399863035,0.8907592139295951,0.9999999999999991,amr_automation,362
641,641,641,0,1.0,51.41400490399744,54.19578216977345,87.24216351876936,33.977366957042,554.3981707083746,0.5220440069936496,0.7312805265739762,0.8311243222920316,1.0000000000000002,0.8051048155778214,0.9389246202369522,0.5290553330552616,0.6136533334037024,0.8311243222920316,1.0000000000000002,amr_automation,363
633,633,633,0,1.0,56.95412647566878,64.02323541924355,92.48645092962175,39.79660156440605,553.0467127268191,0.5192058234381814,0.693139720382299,0.8525556022850476,1.0000000000000002,0.8002798775625675,0.9314454945028506,0.5233092744348555,0.6121637452820412,0.8525556022850476,1.0000000000000002,amr_automation,364
671,671,671,0,1.0,69.36246253804491,71.48656529151242,125.49597557019143,50.05138304628158,582.1841327119123,0.5722730361570565,0.8642319688139298,0.8565269492990116,0.9999595014847454,0.8406466858266928,0.9227643611096313,0.5442385024832244,0.5852438646373473,0.8565269492990116,0.9999595014847454,amr_automation,365
624,624,624,0,1.0,38.13129361043639,40.142756440660094,60.8310670030304,21.178759442534695,517.3140715879964,0.517454538747295,0.6975339140064304,0.7973826517031973,1.0000000000000004,0.7583087880340872,0.9714593608841345,0.5205321478658855,0.6556397831868864,0.7973826517031973,1.0000000000000004,amr_automation,366
646,646,646,0,1.0,53.07348729853675,61.55116106517204,90.75445510909395,34.739320515012906,547.4659339207852,0.5371652107261876,0.7204120896719735,0.8471530323857129,1.0000000000000004,0.8134017242985832,0.9691551378470202,0.5378625167391295,0.6334617955578188,0.8471530323857129,1.0000000000000004,amr_automation,367
623,623,623,0,1.0,42.397953061263934,36.183061643041356,73.2800294995543,24.903418717738994,551.5253604642564,0.5085119877172274,0.7098502103816148,0.8429108185844317,0.9999999999999996,0.7712675338810401,0.93327157661264,0.5174337658411797,0.6311873137812142,0.8429108185844317,0.9999999999999996,amr_automation,368
664,664,664,0,1.0,50.32203217047762,47.78248470966997,93.29323936264967,33.19509876439663,549.2370245372197,0.5485847967395755,0.7412474915842487,0.8536189792011467,0.9973295644396746,0.8107369769506368,0.9040878910115789,0.5650810171893836,0.6369055783448859,0.8536189792011467,0.9973295644396746,amr_automation,369
615,615,615,0,1.0,42.3114646832132,50.20240274608261,64.59758607619517,25.49224162181119,533.467459667304,0.49532189504976853,0.664840597885773,0.8146636477916868,0.9999999999999998,0.7699428446278188,0.9390208080878786,0.5258575338571249,0.6328735531489575,0.8146636477916868,0.9999999999999998,amr_automation,370
604,604,604,0,1.0,31.62675169603746,30.701535149100778,51.43015518126299,13.395429951942084,500.3783883471374,0.509435921295795,0.6884580378946892,0.7427289239486625,0.9979389017255623,0.758112580304536,0.972600243227394,0.49714436211510593,0.6569206427130139,0.758112580304536,0.9979389017255623,amr_automation,371
673,673,673,0,1.0,57.78320523681828,65.77196160759613,95.34666438901684,40.77759228982513,560.5726267626221,0.5625014594617981,0.7637799715949736,0.8932017528089082,0.9999999999999993,0.8281397296375735,0.9377379889943718,0.5684845999057445,0.6404836513360124,0.8932017528089082,0.9999999999999993,amr_automation,372
614,614,614,0,1.0,48.18793295423664,56.214046814152084,78.5195912590138,31.207139829993302,545.5628012756321,0.5153464911232017,0.7172905795362962,0.8218497585811045,0.9753643856997042,0.7472938922182377,0.8611055228170205,0.5079716953954958,0.5831262948993369,0.8218497585811045,0.9753643856997042,amr_automation,373
641,641,641,0,1.0,53.607192786986964,57.259933013944504,90.05772623670703,35.831694328059946,550.3178694853309,0.5326513816416423,0.7403655458644609,0.8340311792313746,1.0,0.8024546520268739,0.9257818247265004,0.5271486416845707,0.6084149339168663,0.8340311792313746,1.0,amr_automation,374
635,635,635,0,1.0,52.86596128210476,56.0377262945708,88.69344076096365,34.81205806100892,544.7742721087329,0.53344924370825,0.700896421615288,0.8529621500042366,0.9999999999999996,0.8075477706874603,0.9264713193212487,0.5368939822829661,0.6367184335728769,0.8529621500042366,0.9999999999999996,amr_automation,375
637,637,637,0,1.0,49.825033718766555,49.52208667873364,85.94836426531998,29.28470290799389,544.75797900754,0.5247378743173841,0.73030621987435,0.820661420825147,0.9999999999999998,0.8109791654418445,1.0000000000000002,0.5410895150944116,0.6595812124996161,0.820661420825147,1.0000000000000002,amr_automation,376
623,623,623,0,1.0,37.16878364575369,40.115165314413815,61.03965971580618,18.481126459044965,516.965343227443,0.5235984340693515,0.7146587769932449,0.7497107570042464,0.99172871146782,0.783766084217853,0.9832858986920565,0.5192544519478878,0.6546619726080799,0.783766084217853,0.99172871146782,amr_automation,377
607,607,607,0,1.0,41.515209951702424,42.122759782041385,73.50330099336884,24.03683286817407,539.9862170079566,0.5093109971750535,0.6947466551478917,0.808593889250165,0.977869574088233,0.7635252890751237,0.9435539450851309,0.4992225078128578,0.6114873244704259,0.808593889250165,0.977869574088233,amr_automation,378
610,610,610,0,1.0,43.4314732757411,47.71770282148748,69.29840384407981,26.181257946233924,530.9808020484328,0.504141608334286,0.7009249291592863,0.8168643792147127,0.9999999999999996,0.7562070306015796,0.9505247395248921,0.5047763603948987,0.6337130447708549,0.8168643792147127,0.9999999999999996,amr_automation,379
646,646,646,0,1.0,41.27501634794889,38.91282911488571,74.97660466005209,23.64310923625922,543.4484144555307,0.5318372198421423,0.7275918069073234,0.8582862100804056,1.0,0.8121430018746751,0.9448177609850031,0.5290164626163663,0.6022383926719245,0.8582862100804056,1.0,amr_automation,380
645,645,645,0,1.0,49.21781296331111,57.71842930674842,81.36809479590687,27.75012171762129,543.9393787832138,0.54344693255079,0.7495456792766134,0.8003929770823932,0.9714185700473139,0.8172503651070192,0.9481301896616052,0.5407872683393916,0.6331797494487073,0.8172503651070192,0.9714185700473139,amr_automation,381
634,634,634,0,1.0,45.44156106672238,49.64428465851586,74.68792729575716,17.558546631810035,527.9817182297428,0.5267899342884386,0.730799199278399,0.7764432824207622,0.9996116272479882,0.7956982144669168,1.0,0.516860944449001,0.6367958082330696,0.7956982144669168,1.0,amr_automation,382
588,588,588,0,1.0,39.572154729466845,40.41468881276194,65.53616136526483,21.79494297413665,512.9518785769076,0.4843973680503511,0.6967699531722895,0.7510043062331244,0.9999999999999996,0.7204727720176015,0.9551156212820953,0.48288862566730145,0.6339885543264924,0.7510043062331244,0.9999999999999996,amr_automation,383
596,596,596,0,1.0,39.794735366061076,37.93221589704521,68.4178159438955,22.51695812307546,524.177075730002,0.5064212027551763,0.7053505279952446,0.7646329515291639,0.9961279672055238,0.7503853024233968,0.9585729862553185,0.4968125825932334,0.6226798339583144,0.7646329515291639,0.9961279672055238,amr_automation,384
645,645,645,0,1.0,46.40828543692975,53.814528462430616,72.73692675984978,26.290775128683023,537.8951083342754,0.5348073806553512,0.7414305788734455,0.8224344182316746,0.9995905711527365,0.8071935366140917,0.9805878730341999,0.5346137493727174,0.6442772641327732,0.8224344182316746,0.9995905711527365,amr_automation,385
615,615,615,0,1.0,39.715285654687925,40.8800978255733,65.52624595705572,22.144937320413533,523.8285594753178,0.5181545277807826,0.6865080001476496,0.7993723001854195,0.9999999999999993,0.7622416920729824,0.923298898413963,0.5200998533624483,0.6381164830669637,0.7993723001854195,0.9999999999999993,amr_automation,386
633,633,633,0,1.0,39.914328925421174,42.39301277882555,61.38566727610731,21.025230997501172,526.4280479900284,0.5348731250297987,0.7213699989229228,0.7898425020688037,0.9999999999999998,0.7729751565433042,0.9744815559585623,0.5331990511501066,0.6662646154628658,0.7898425020688037,0.9999999999999998,amr_automation,387
653,653,653,0,1.0,49.82549092337411,57.59694447259861,79.33650693984913,31.132211798345534,545.063159936086,0.5386916164729305,0.7535432397930322,0.81205947126306,0.9999999999999998,0.8152255981071213,0.9788614785951801,0.5399069637417017,0.6489353554682685,0.8152255981071213,0.9999999999999998,amr_automation,388
655,655,655,0,1.0,49.94881764101283,51.5139722417419,84.30095076207476,29.44220590399429,552.6831333828699,0.5411776701919475,0.7565456377709568,0.8513576422443512,0.9999999999999998,0.83226936866263,0.974827751465509,0.549929011304923,0.6294690727723119,0.8513576422443512,0.9999999999999998,amr_automation,389
591,591,591,0,1.0,33.10821375568356,33.683793764721315,53.828747314052464,16.248819718775522,519.9699220001175,0.48394998741910045,0.6769927945817531,0.7598653276816014,0.9719798287283035,0.7464599416902485,0.9529227881005682,0.48784081666296547,0.6159520222659579,0.7598653276816014,0.9719798287283035,amr_automation,390
644,644,644,0,1.0,59.32241164308248,67.72662899401129,90.79832215167494,41.240369840803005,556.714717036375,0.5294875985015973,0.7308904639295836,0.8461882815012942,0.9999999999999996,0.8150424453450559,0.9354156276919936,0.5314943983408842,0.630513728989675,0.8461882815012942,0.9999999999999996,amr_automation,391
673,673,673,0,1.0,67.56174788540056,64.76254104451374,122.24534505695789,49.77948400422476,595.8790045791528,0.5597814733094806,0.8105058776152809,0.8977469586960296,0.9999999999999993,0.831562318172056,0.905081228133434,0.5708344292829666,0.6466474355743205,0.8977469586960296,0.9999999999999993,amr_automation,392
595,595,595,0,1.0,40.31658618295702,41.66709537925982,68.20910074914087,17.363904588354746,521.4391774197798,0.5021974471227165,0.7135055914733672,0.7554994918721192,0.9995574612980112,0.7401930709955149,0.9598836849198173,0.4963809454100886,0.6263383112056813,0.7554994918721192,0.9995574612980112,amr_automation,393
645,645,645,0,1.0,47.224879913035245,48.942301498986495,82.9481715393677,28.78900032176802,557.9985982693697,0.5323977064733026,0.7504011887165923,0.84263623522757,1.0000000000000002,0.804729693963335,0.9203080331424723,0.5300762088608064,0.6074000287939675,0.84263623522757,1.0000000000000002,amr_automation,394
645,645,645,0,1.0,48.43622530213948,48.34407929680441,92.62479648535452,30.633528089642173,554.8099609927643,0.5352761234370857,0.7490633908343667,0.8200050305673099,0.9743132963295889,0.8041134288194323,0.9286739726019647,0.5438559341685382,0.6287857062418984,0.8200050305673099,0.9743132963295889,amr_automation,395
671,671,671,0,1.0,59.387369672312545,56.790139121941706,107.08986932713714,40.88409772791368,570.9535479544413,0.5546179814905572,0.7728200374173465,0.8964938279331903,1.0000000000000004,0.8416540044259584,0.9431755589685602,0.5538135399220434,0.612069305288907,0.8964938279331903,1.0000000000000004,amr_automation,396
613,613,613,0,1.0,44.22637702756454,47.074850624134456,73.08591236062068,25.641691392280496,538.195030836772,0.5102622502781095,0.6906531230096459,0.8116686294217339,1.0,0.7877809248650202,0.9582099086149339,0.5163934979703747,0.6105934986316685,0.8116686294217339,1.0,amr_automation,397
649,649,649,0,1.0,55.15584606988815,56.74904124889849,90.86576874319223,38.26241030330383,564.8933352572918,0.530051114136184,0.7224990676919947,0.8701161450723253,1.000000000000001,0.8053071988249675,0.8940483751353858,0.5435504739049865,0.6149408606474072,0.8701161450723253,1.000000000000001,amr_automation,398
615,615,615,0,1.0,39.27672298069055,41.124691087253666,66.33983282282998,19.204403853646024,525.0699225881881,0.5200925338565475,0.7253974648753131,0.7638539679906421,0.997907673662923,0.7709446910823398,0.9780854064682833,0.5026426678510729,0.6330759885547484,0.7709446910823398,0.997907673662923,amr_automation,399
629,629,629,0,1.0,47.930180999028174,55.02130186521862,81.28174988985461,30.738402063393288,541.5925202751905,0.5124264908133496,0.6824968851505544,0.8301325185093161,0.9999888716113376,0.7880977960457891,0.9480477573620844,0.5145673505876626,0.620896574809827,0.8301325185093161,0.9999888716113376,amr_automation,400
653,653,653,0,1.0,55.5225595294175,57.49011747173955,94.60145326452204,37.91360613262241,553.2303337078679,0.5446612132149924,0.78468883916829,0.834633579670213,1.0000000000000004,0.7929278608502437,0.9407221213124851,0.5376700077773441,0.6428861380036378,0.834633579670213,1.0000000000000004,amr_automation,401
671,671,671,0,1.0,60.00859180695193,64.52664120448244,104.56929135094316,39.27971789582623,575.5074757902441,0.5526345426204492,0.7810922287060816,0.8443393188621002,0.9916761398578752,0.86031470458977,0.9559848320777692,0.5613655949433434,0.6040825124174066,0.86031470458977,0.9916761398578752,amr_automation,402
612,612,612,0,1.0,43.33019576668879,45.74082472508928,69.94817763264888,26.349764171575,525.1848179736993,0.5084023318919267,0.6985750182402802,0.8029290300774361,0.9999999999999996,0.7597245246356769,0.9292416559306508,0.5001837436557968,0.6104880609674509,0.8029290300774361,0.9999999999999996,amr_automation,403
647,647,647,0,1.0,53.683929679644116,61.90376327552781,91.79581574648478,36.14055205322626,548.1527711501659,0.5343622506589709,0.7421064242002333,0.8453258792737416,0.999461672491651,0.8054470676610125,0.9512045265000629,0.532759897567092,0.6326936790776984,0.8453258792737416,0.999461672491651,amr_automation,404
622,622,622,0,1.0,36.53167121710377,36.926010924242604,56.11914594009488,14.933659788740776,513.5958802641848,0.5229110270854358,0.6942927939019492,0.7797567682212473,1.0,0.773683261871662,0.9979305619993453,0.5233465080413964,0.6747906662943222,0.7797567682212473,1.0,amr_automation,405
584,584,584,0,1.0,39.452058468429165,41.060983073308506,64.56088665258267,22.428039888280775,518.8864149473602,0.4780654626641581,0.6754390404715764,0.7716378223650154,1.0000000000000004,0.7263171070699227,0.9210057137153181,0.4856842749786569,0.6067574787305404,0.7716378223650154,1.0000000000000004,amr_automation,406
666,666,666,0,1.0,61.44471981184616,70.38502189990186,95.47865811093448,42.01522844941092,567.1205692727998,0.5606509076504604,0.7711583920439965,0.8519348640569983,1.0,0.836834420273977,0.9427393939302571,0.5496849340961889,0.6123525396342514,0.8519348640569983,1.0,amr_automation,407
640,640,640,0,1.0,59.27179561470807,68.65549270669126,101.01054261582857,41.735446477106606,575.2481599808282,0.5247268838148746,0.7408256381074607,0.8861214807659785,1.0,0.7852097325834249,0.9082574038121422,0.5400717041257362,0.6069978929362438,0.8861214807659785,1.0,amr_automation,408
628,628,628,0,1.0,38.55343463823013,38.90013175509978,70.23519375220229,21.690999923130548,540.1997637873611,0.5166977626734115,0.7029632978846911,0.8443729619950706,0.9848068478566425,0.770594794555502,0.9145880193952418,0.5279825514255656,0.61905787751271,0.8443729619950706,0.9848068478566425,amr_automation,409
661,661,661,0,1.0,48.029102538257014,44.426009179716004,81.50221812362304,30.248511775951783,560.1954576877993,0.5522546429002119,0.7296592254248946,0.8551149047895267,1.0000000000000009,0.8346940618728187,0.9459500672042667,0.5413362407860185,0.6314094205751969,0.8551149047895267,1.0000000000000009,amr_automation,410
629,629,629,0,1.0,54.91353310765921,62.10607315941172,90.21030635092433,36.09439901090501,548.557212348931,0.5288273047814306,0.7450149596264168,0.8570664320160274,0.9999999999999998,0.7935224151135749,0.924594828247772,0.5258405804883117,0.609780113474544,0.8570664320160274,0.9999999999999998,amr_automation,411
653,653,653,0,1.0,49.387012582641454,59.76264100270018,78.58511804766732,27.581611044045555,541.44549654686,0.5451781556406665,0.7551783646857595,0.817466991366569,1.0000000000000004,0.8151659593038588,0.9886671856235026,0.5491151183454985,0.6606977799623072,0.817466991366569,1.0000000000000004,amr_automation,412
623,623,623,0,1.0,50.553148126336936,46.21450584317802,87.37873307148874,32.02661099670803,555.8108632529454,0.5160802648050462,0.7328361137834113,0.8120010248369007,0.9999999999999991,0.7873990889667805,0.9115401779276083,0.5091331242004562,0.6000696460708973,0.8120010248369007,0.9999999999999991,amr_automation,413
643,643,643,0,1.0,47.91968708215284,51.3825718322918,81.27364164396585,29.884626876933535,543.6034766122219,0.5375134521288768,0.7559864372898382,0.8270254222967347,0.9979015191054726,0.8046464570209177,0.9418566093193949,0.5314277243427151,0.6280622059841767,0.8270254222967347,0.9979015191054726,amr_automation,414
630,630,630,0,1.0,44.6742933515182,46.13444121718726,74.9445728683495,25.08293639973331,531.9509603142385,0.5197417208408154,0.7281323372396371,0.7826149191466469,0.9999999999999996,0.7918314661005232,0.9876147885569119,0.5322396751769395,0.6699695709832175,0.7918314661005232,0.9999999999999996,amr_automation,415
631,631,631,0,1.0,37.21857030488969,34.476871462846134,63.86721396714586,20.200854391345118,531.0202171710621,0.5265894323309119,0.7378783257858867,0.8001751828387543,0.9910212788152616,0.7690381508419136,0.9422144948848195,0.5310251614315836,0.6475266141240583,0.8001751828387543,0.9910212788152616,amr_automation,416
634,634,634,0,1.0,52.05159278695991,57.943538471782205,85.76027075896167,33.75960260435631,558.6716192812128,0.5264479783203287,0.7369875693119068,0.8339875341588047,1.0000000000000002,0.8095055413541234,0.955778410798285,0.5292885775491967,0.6296034137865446,0.8339875341588047,1.0000000000000002,amr_automation,417
639,639,639,0,1.0,54.819094830327224,63.46976795011523,90.40983258287548,36.77827799170614,550.3280685917557,0.5311363480123329,0.7224377856852388,0.8662701892937399,1.0,0.7981169048336281,0.9225124205542122,0.533305115495373,0.6254432635102517,0.8662701892937399,1.0,amr_automation,418
633,633,633,0,1.0,50.03048103994705,52.14024075018898,85.87175756384943,33.06099223048474,542.3097409062312,0.5247753708182151,0.7221243871033243,0.8231517822903708,1.0000000000000007,0.7764824416619098,0.9264950805006766,0.5291968472797476,0.6427766487345452,0.8231517822903708,1.0000000000000007,amr_automation,419
650,650,650,0,1.0,42.25462503365204,46.231582532668256,69.51429620987756,23.62761531197904,546.486681398542,0.5446888897753356,0.7530123671325426,0.841820473871249,0.9985547342948151,0.8147127003159065,0.9991576295015174,0.5419754037805262,0.6533956415603129,0.841820473871249,0.9991576295015174,amr_automation,420
630,630,630,0,1.0,47.906922363100946,52.06330227776647,76.16275049267932,23.317309057649787,524.6289488341517,0.5276434645772926,0.7368718735412056,0.7736247623551641,1.0000000000000002,0.7944642249913929,0.9871166660590424,0.5302285109830766,0.6684219374017648,0.7944642249913929,1.0000000000000002,amr_automation,421
637,637,637,0,1.0,40.74823873775059,45.35774174497203,66.9082240549024,22.57749011889015,540.8265419517753,0.5194198467535387,0.7259457672011882,0.7988313272808186,0.9860533037797348,0.8052242066234978,0.9592445441472144,0.5313545356184134,0.6393853072250708,0.8052242066234978,0.9860533037797348,amr_automation,422
654,654,654,0,1.0,48.048429104209795,51.16080479315639,78.28274935663114,31.094608769423033,553.1273657528395,0.5355914293634157,0.7044496758816104,0.8441217116723426,1.0,0.81324041472318,0.9556545110697084,0.5431852916119814,0.6307834922120049,0.8441217116723426,1.0,amr_automation,423
585,585,585,0,1.0,34.28509240391249,36.70269922057349,52.40643107956464,16.485854621859517,520.5220513514396,0.4943766485295589,0.6882929537087275,0.7717468961007798,0.9999999999999993,0.7333770405055782,0.9614099241595748,0.48468391169838787,0.6248334962374047,0.7717468961007798,0.9999999999999993,amr_automation,424
664,664,664,0,1.0,57.26845812559621,63.16299837784538,92.51581676090842,38.786908964075735,561.1685393628096,0.5513991477778651,0.74620516615401,0.8661961888549597,1.0000000000000007,0.8277699216155401,0.9826940318232804,0.5556842170818415,0.6494049257770464,0.8661961888549597,1.0000000000000007,amr_automation,425
641,641,641,0,1.0,58.61821294109283,64.88159273985713,102.76982066572174,40.274511309739914,546.5061698949119,0.5455849988815433,0.7390242952641989,0.823214471672252,0.9999999999999998,0.7929468723641897,0.9175863616931704,0.5406768208262503,0.639051422751553,0.823214471672252,0.9999999999999998,amr_automation,426
622,622,622,0,1.0,46.56512984517293,50.57040091479365,78.4443738074612,27.10187611421156,532.9997278190729,0.5155844693384667,0.7152483768558678,0.8053392602982307,1.0000000000000007,0.7747831524307094,0.952836283116834,0.5192857989174018,0.6343969857559749,0.8053392602982307,1.0000000000000007,amr_automation,427
604,604,604,0,1.0,36.41529395990386,34.131868868327786,61.36773935317558,16.791854041863633,527.1716234658362,0.51424474762274,0.740481865093519,0.7502885678213688,0.9975173444500814,0.7607410573537258,0.9761375186127945,0.500236058790376,0.6432810998679404,0.7607410573537258,0.9975173444500814,amr_automation,428
710,710,710,0,1.0,66.9402641078734,70.72775784955428,114.88114498188474,44.46817246573414,581.1908421592078,0.6011775318760204,0.8215741296396292,0.898773723638731,1.000000000000001,0.902973844916831,0.9891876092523338,0.5991300088506546,0.6644890205043982,0.902973844916831,1.000000000000001,amr_automation,429
635,635,635,0,1.0,59.65652378518444,65.35967721901531,98.59075005208746,41.33337747324022,558.8020071662278,0.5339033303861173,0.7524203639291535,0.8244451257286054,0.9999999999999998,0.8058689078684886,0.9463904753455742,0.5390746854132973,0.6383101153811686,0.8244451257286054,0.9999999999999998,amr_automation,430
667,667,667,0,1.0,49.36817373722218,57.998874357050056,78.59083331584532,30.55705448406482,544.358478983844,0.5607777281733364,0.7695588779823345,0.8431790460529148,0.9990276335215011,0.8284462735400335,0.9668756567724083,0.554751614908918,0.6516635255957028,0.8431790460529148,0.9990276335215011,amr_automation,431
620,620,620,0,1.0,41.65743631671393,45.28855286198831,69.74284042058986,24.440201824408742,526.0180902240367,0.5172793562626072,0.6836606128202233,0.807700620958509,1.0,0.7763059737384834,0.966384649151971,0.5185124169791733,0.6349203737722864,0.807700620958509,1.0,amr_automation,432
634,634,634,0,1.0,44.26603931604739,50.72329234503678,69.30280397941681,26.27375334593411,536.9997510087679,0.5367297915252164,0.7479751744882138,0.7944878801382053,1.0000000000000009,0.7883388958198111,0.9697900307992072,0.5167268094739781,0.6317917714480783,0.7944878801382053,1.0000000000000009,amr_automation,433
629,629,629,0,1.0,44.62401963886887,54.562955040181805,70.35478653048392,26.47077458431386,541.8384110999227,0.5323484437047828,0.7315025509562918,0.8355451873068913,0.9930910734525644,0.8013716133560538,0.98583549555766,0.5208311406051501,0.623859211061634,0.8355451873068913,0.9930910734525644,amr_automation,434
615,615,615,0,1.0,47.55364695065712,44.76112564034807,87.03021261947066,29.37131552962707,550.488761593503,0.5127424828602648,0.7390164208632632,0.7794865930093061,0.9725264805645024,0.7613622076928853,0.9114595488377101,0.5195974520776422,0.6250502854094148,0.7794865930093061,0.9725264805645024,amr_automation,435
638,638,638,0,1.0,38.123699680123295,41.704799021840586,63.02818933575833,19.09649513205762,529.1856460184273,0.5380694409348367,0.744182775324745,0.7907186324689827,0.9917525657422164,0.7868181640859113,0.9731064762157247,0.5288576880913813,0.6627035864125053,0.7907186324689827,0.9917525657422164,amr_automation,436
635,635,635,0,1.0,37.278053425599076,41.35426186468328,54.86204350646034,18.289513603821522,538.0673549672875,0.5222632870664174,0.7140388145091194,0.820638053746826,1.0000000000000002,0.7893439263713627,0.9928977476997904,0.5247763835642041,0.6629399092341297,0.820638053746826,1.0000000000000002,amr_automation,437
602,602,602,0,1.0,40.04912951121935,43.56320210350867,64.62403269827041,18.969929981549576,522.8963348693652,0.5067598669048087,0.7076279634316167,0.7592042248478876,0.9840027026206777,0.7633746326053743,0.9834876911527247,0.4975933782797003,0.6348037883866553,0.7633746326053743,0.9840027026206777,amr_automation,438
637,637,637,0,1.0,44.881211577507536,49.945117370107084,73.19224288870942,26.508746769393788,534.4131032502639,0.5339284966677661,0.7298184432932524,0.8294723228928498,0.9999999999999996,0.7924110827196256,0.9632229975513691,0.5165367452140658,0.6120252038811053,0.8294723228928498,0.9999999999999996,amr_automation,439
649,649,649,0,1.0,54.139525545528116,60.53257673542802,87.78784354643017,36.0259558348573,549.0092230790414,0.5335889001211428,0.7420559924667274,0.8417424162153099,0.9999999999999996,0.8060979976654784,0.9644246709474045,0.5420838693813604,0.656924313571934,0.8417424162153099,0.9999999999999996,amr_automation,440
604,604,604,0,1.0,39.784198401367675,43.36127198475947,67.924481383907,21.53354140757649,521.5875454010412,0.5039511183310244,0.6814974946187706,0.7504856358779901,0.9924011075826304,0.7395901039287016,0.9161754214696859,0.5011761131514079,0.6378804576326803,0.7504856358779901,0.9924011075826304,amr_automation,441
623,623,623,0,1.0,39.473341808741004,44.03029650175887,65.29024873569523,19.95505830045258,529.1441929913691,0.5220121465519173,0.7522876082048537,0.7936533157742288,0.9887437254107215,0.7964487797131,0.9891736480726547,0.5080988826925522,0.6355662585087718,0.7964487797131,0.9891736480726547,amr_automation,442
631,631,631,0,1.0,48.25255373077292,46.102614282017555,84.45581330936773,31.361677635524032,555.5042012702052,0.5176577050067351,0.712754159705867,0.8509468187445064,0.9999999999999996,0.7962568432588124,0.9069758823242644,0.5445090130344868,0.6320004792495914,0.8509468187445064,0.9999999999999996,amr_automation,443
633,633,633,0,1.0,48.11391356228662,50.72806303077917,76.34486382745007,30.27801777305461,545.3034281754213,0.5154950901870518,0.7230153747610684,0.8057663532788939,1.0000000000000004,0.8027871012535899,0.9512101414018578,0.5212089269147242,0.6391339427918811,0.8057663532788939,1.0000000000000004,amr_automation,444
602,602,602,0,1.0,38.68638460261651,42.336865784781935,60.47530502533186,21.711936372509534,522.6415246286832,0.49610593450556906,0.7091058214144632,0.7758823147547733,1.0,0.7435597551564878,0.9502628072768344,0.4927781425146327,0.6350748932530557,0.7758823147547733,1.0,amr_automation,445
591,591,591,0,1.0,43.67089311360841,45.949527693882516,72.07699513239106,26.84855739972753,522.0269382763311,0.5001336617363841,0.6825643411964424,0.7800876291156447,1.0000000000000002,0.7313214538361265,0.9242855058024155,0.4940474138190842,0.6229729808666459,0.7800876291156447,1.0000000000000002,amr_automation,446
622,622,622,0,1.0,38.44004288982158,38.54590944061695,57.806200889561126,20.211947863627106,524.0897141808344,0.5209022915385417,0.6849390435755522,0.8119558062149296,1.0000000000000007,0.7727228457992206,0.9685014706030884,0.5152922517599737,0.6468712164254342,0.8119558062149296,1.0000000000000007,amr_automation,447
613,613,613,0,1.0,41.36643541452251,43.40428692681462,71.48507239403233,24.02271654401704,527.5112604949953,0.4951398455305244,0.6874634860643717,0.7902461413940718,0.9998375584449564,0.7497636815368239,0.9195380895764558,0.5191858617077048,0.6366342605962835,0.7902461413940718,0.9998375584449564,amr_automation,448
654,654,654,0,1.0,47.0669962248529,51.711988231372885,75.47176184947483,26.27956830494162,555.9572192330841,0.5430176205321384,0.7541859285141366,0.8327348120013685,1.0000000000000007,0.8159781990469399,0.9852844828367605,0.5409211187697144,0.6499259412631941,0.8327348120013685,1.0000000000000007,amr_automation,449
623,623,623,0,1.0,47.1396131717761,48.63377446866107,81.40853586214979,27.787786090619267,536.9321563369651,0.5090919386061324,0.690863523877179,0.8127380407872183,1.0,0.782666510110384,0.9713076776296715,0.5224927229436933,0.639002478177858,0.8127380407872183,1.0,amr_automation,450
636,636,636,0,1.0,55.09183814234807,57.12698630417805,96.48774638912062,37.33595492827503,555.5854553096281,0.5317685716676487,0.7539804537785596,0.8505345386783869,1.000000000000001,0.7911808614214711,0.9342349048286261,0.5225614479640848,0.6151810376084691,0.8505345386783869,1.000000000000001,amr_automation,451
634,634,634,0,1.0,48.44210171296961,53.97806300644581,78.94545804922473,31.47923795584031,537.9620346071212,0.530988789542914,0.7170909401726059,0.831547533678864,1.0,0.7809319488135209,0.912303535073518,0.5337705990881718,0.6397954846583038,0.831547533678864,1.0,amr_automation,452
628,628,628,0,1.0,37.179890731323525,41.003111221146014,57.460811544288106,17.628395157417113,515.5424771686519,0.5331360857169144,0.7339079624903118,0.7919067356440321,0.9999999999999996,0.7881318585479324,0.9940038125785059,0.5127833658358176,0.6455687325794103,0.7919067356440321,0.9999999999999996,amr_automation,453
631,631,631,0,1.0,31.60792935422938,34.40441390993567,46.55874368061768,13.093493728817494,515.9730574817771,0.5383382314214427,0.7398460081451862,0.7804752295160639,0.993922520499316,0.7796710215715914,0.9687899094502566,0.5249347132879396,0.6647618736533182,0.7804752295160639,0.993922520499316,amr_automation,454
648,648,648,0,1.0,43.09370755618327,45.660519114225764,70.71493057303525,25.368842656781162,539.5729959585584,0.5374116752944587,0.7311098633618427,0.8381714334006359,0.9999999999999998,0.7979045024813215,0.9674151886446448,0.5457018676828201,0.664035056694765,0.8381714334006359,0.9999999999999998,amr_automation,455
593,593,593,0,1.0,34.475361122462054,37.40520831853638,54.69992150531738,10.98346076531737,513.1472443874433,0.48939180822766815,0.6945342549532973,0.7358908151758307,0.9916391849489552,0.7474513998843423,0.9858600452943947,0.49813988916618684,0.6512017449652935,0.7474513998843423,0.9916391849489552,amr_automation,456
618,618,618,0,1.0,30.6679216529108,31.858772171540295,46.79280875238095,9.159410873125053,512.0796474885894,0.5095694063823972,0.6819673868220348,0.7906763934944714,0.9934891843283066,0.776299412401233,0.986568458485482,0.5174645437283097,0.6541163321119476,0.7906763934944714,0.9934891843283066,amr_automation,457
610,610,610,0,1.0,48.01255505994764,53.7309958971598,80.21648896036862,28.76700485845152,534.3536330103535,0.49005577882537193,0.7116505942214048,0.770456484847759,0.9999999999999996,0.7521901787741222,0.9523074419546947,0.5175203694673117,0.6509631339394483,0.770456484847759,0.9999999999999996,amr_automation,458
657,657,657,0,1.0,54.55968193846212,52.45321107952469,94.3106065637325,37.12784394505024,565.0983217139591,0.5394746149380216,0.7656463766042808,0.844804121536217,1.0,0.8136512507585129,0.959705679342423,0.5390701405012054,0.638675224817371,0.844804121536217,1.0,amr_automation,459
607,607,607,0,1.0,46.5314699604524,52.24432027018679,77.23869528218285,28.762006761905294,538.0116569920551,0.4901205728545275,0.7043130194603874,0.8199775339525714,0.9848325194731103,0.7665919531278086,0.9462754854309775,0.49685759437033616,0.6182380882359869,0.8199775339525714,0.9848325194731103,amr_automation,460
626,626,626,0,1.0,35.458757626691536,37.27542346628033,61.343354249158836,13.30110002598579,520.4932203181506,0.5120010542640268,0.688583618264849,0.7828025279037394,0.9860480356313942,0.7952243500891618,0.9716681565819122,0.5219877737106414,0.6455371912724593,0.7952243500891618,0.9860480356313942,amr_automation,461
621,621,621,0,1.0,44.582732283474236,47.5662405677615,75.088918490097,26.44956560206459,530.1971832537014,0.4994157516784446,0.6920251315004801,0.7791553283798798,0.9999999999999993,0.7821060522646347,0.966747267043858,0.5139647916085296,0.6267779763889559,0.7821060522646347,0.9999999999999993,amr_automation,462
633,633,633,0,1.0,46.14032343226013,49.82124208862953,81.33875125040129,27.250694191928766,544.4287827593627,0.5189134355377062,0.7256070100036323,0.8131246790665141,1.0000000000000004,0.7984665952975,0.9267475501642936,0.5344745858578,0.6239309185331646,0.8131246790665141,1.0000000000000004,amr_automation,463
638,638,638,0,1.0,45.85273620416235,52.81072529246251,76.61827234565362,24.444790710353267,536.1240398369241,0.5292081606576381,0.7254855252065692,0.8035141122020272,0.9808147118648356,0.8175159800957889,0.9984455489182127,0.5208038902819974,0.6367987090465864,0.8175159800957889,0.9984455489182127,amr_automation,464
667,667,667,0,1.0,54.867219731808184,54.03808027962745,98.68668359756714,35.883242663195375,566.2367468390191,0.5472093619744847,0.7658278136988397,0.8604518590534226,1.0,0.8507233970500595,0.9528729285075296,0.5468287256566167,0.6238445167382812,0.8604518590534226,1.0,amr_automation,465
618,618,618,0,1.0,44.144496547845485,42.61915948190341,78.02793375735075,26.426125908907718,540.4732896900084,0.5159889095668038,0.7591187246255204,0.7898323674991281,0.9831250049319804,0.7795109395871755,0.9552760605197447,0.5107559348629805,0.6197225439417077,0.7898323674991281,0.9831250049319804,amr_automation,466
637,637,637,0,1.0,44.26268969189454,47.67811302401262,75.45119153617594,26.833200658412558,542.4712830023806,0.5406739485927886,0.7560747264349749,0.8330020526400952,0.9915524131037442,0.8064444898837946,0.9566063530725125,0.5268920365321045,0.627686087470195,0.8330020526400952,0.9915524131037442,amr_automation,467
641,641,641,0,1.0,42.94687459532488,43.69275791090132,68.19350462485272,25.54724832707584,554.8681784303358,0.5300194002700703,0.6991972287894407,0.8496392220863745,1.0,0.7995554728952736,0.9357734887597077,0.5265107880822366,0.6137598983017549,0.8496392220863745,1.0,amr_automation,468
619,619,619,0,1.0,41.61159105467672,42.63834480238825,65.8649756044586,21.965937144759554,523.7494336640017,0.5264976897305553,0.7027764642834369,0.7824238662076511,1.0000000000000002,0.7820256965545664,0.9678555968088105,0.5159361781996934,0.6465361307700889,0.7824238662076511,1.0000000000000002,amr_automation,469
633,633,633,0,1.0,45.32641345989086,46.91197550774274,74.27832617241228,20.218886047009917,528.11463819839,0.535713352621599,0.7165226111172824,0.7796190238701218,0.9999999999999993,0.7956898514950506,0.9941749072515684,0.5186362609679562,0.652450006978599,0.7956898514950506,0.9999999999999993,amr_automation,470
653,653,653,0,1.0,42.72622285365675,47.979288185436786,64.4282604435025,19.565117364138654,542.966301748634,0.5307583551887982,0.6941141522670339,0.8036279973475772,1.0000000000000004,0.8330922017001379,0.9917878891288432,0.5441657531793279,0.6420605706839463,0.8330922017001379,1.0000000000000004,amr_automation,471
638,638,638,0,1.0,46.63096536648817,49.645876542127326,72.14703145015295,23.97870762642879,551.658003773425,0.53197073601838,0.7117453355711751,0.8058570190563579,1.0000000000000007,0.8303680044501488,0.9750382084668748,0.5232972424356236,0.6194388795019021,0.8303680044501488,1.0000000000000007,amr_automation,472
611,611,611,0,1.0,36.85271726788373,41.78836201762704,57.53579240463108,19.029691890532575,518.2316514751295,0.5152861754719577,0.7145828998781253,0.7756549558721001,0.9979878010585045,0.749560898672732,0.9561621766048,0.5228018949178438,0.6373479170171772,0.7756549558721001,0.9979878010585045,amr_automation,473
650,650,650,0,1.0,51.059149842602366,55.58374452825157,85.45910752785795,32.563720613015995,555.8977806264554,0.54001967741401,0.7620978499185694,0.8104180419337057,1.0,0.8149058551689022,0.9682932049826318,0.5492326016282265,0.6431524368967055,0.8149058551689022,1.0,amr_automation,474
641,641,641,0,1.0,48.71221029348661,55.646870850204124,78.01125519467752,27.62132892902936,540.127444709746,0.5312894099987899,0.7685134644064834,0.8137399307164753,1.0000000000000009,0.7942501114377744,0.9980514161688265,0.5377486084778947,0.6670386772879793,0.8137399307164753,1.0000000000000009,amr_automation,475
672,672,672,0,1.0,57.764071228470094,57.284096043130944,97.12436661376034,35.520600968617245,560.4011988837349,0.5587362088784004,0.7706933437122135,0.856790743728971,1.0,0.8778928625689708,0.9990741743578286,0.5557591657961758,0.6282897842083012,0.8778928625689708,1.0,amr_automation,476
615,615,615,0,1.0,46.326025245756526,49.88019466134011,73.62268384134393,29.365010926254563,538.3448990170023,0.49837306272456433,0.7087432921983368,0.813082631856021,1.000000000000001,0.7668412145773582,0.9522556044407502,0.5095737329177061,0.6252087563537951,0.813082631856021,1.000000000000001,amr_automation,477
566,566,566,0,1.0,31.690286674378203,30.23218914873698,54.161501169059136,14.235622118802496,504.3269555387102,0.4818331762137296,0.6509140961989758,0.7380993177177553,0.9999999999999991,0.7107189660858141,0.9835524278033103,0.4694970262956295,0.6367129679415965,0.7380993177177553,0.9999999999999991,amr_automation,478
622,622,622,0,1.0,39.46517567769741,43.9530260530413,63.03366549439784,20.888341027349245,533.0395648690325,0.5127224699942884,0.74673315944564,0.7897480335899184,0.9965075256400806,0.7772711696457774,0.9671143992194964,0.5112777857252375,0.6462024346337337,0.7897480335899184,0.9965075256400806,amr_automation,479
645,645,645,0,1.0,42.40781822754403,43.990506301128164,71.61066151107957,21.340127294022242,525.9917511366674,0.5421073304913635,0.742395625946592,0.8032944086972782,1.0000000000000004,0.792676014386567,0.9766885844485732,0.5351699252021938,0.6647921944264343,0.8032944086972782,1.0000000000000004,amr_automation,480
647,647,647,0,1.0,45.38357758290268,50.889423489563995,71.97510016043123,25.896121648504405,543.6768274708743,0.5509203417512285,0.754018830270296,0.8154744954770343,0.9987905439076764,0.8123908699209343,0.9945234126399135,0.5379840336943101,0.645262760947855,0.8154744954770343,0.9987905439076764,amr_automation,481
663,663,663,0,1.0,46.345791747578296,47.79747647952226,74.57833752829464,28.078266037273107,533.2532787050652,0.548116179964565,0.7357621564798665,0.845413000221458,1.0000000000000004,0.816813487449938,0.9869877690923194,0.5597921805522398,0.6732855248598509,0.845413000221458,1.0000000000000004,amr_automation,482
616,616,616,0,1.0,38.597502806495754,43.147693111991174,61.67395030751288,20.827430732849514,535.272261188145,0.5190755297215487,0.7162179819490012,0.8152823632936387,0.9999932013098509,0.7682916893491774,0.9368958129696339,0.5110916096422358,0.6423389968911298,0.8152823632936387,0.9999932013098509,amr_automation,483
642,642,642,0,1.0,66.6026322368201,71.70562210073172,112.51398004112991,47.774300034867636,568.9384349514875,0.5333388028381674,0.754687554546279,0.8394098706818215,0.9999999999999998,0.7960268629514687,0.9186712772641182,0.5286126254685285,0.5889119183536226,0.8394098706818215,0.9999999999999998,amr_automation,484
651,651,651,0,1.0,63.404322209987214,62.9764923017176,110.81575736581789,44.67902122881229,571.2508274401503,0.5468535869797018,0.7646820668955403,0.8625962544225734,1.0,0.8069816432149226,0.9213325970108147,0.5451688284112317,0.6226610483716511,0.8625962544225734,1.0,amr_automation,485
655,655,655,0,1.0,63.80148108887432,68.2617634890131,105.73427833540921,45.63100126631811,578.8998108537985,0.5560568000654343,0.767352642857871,0.8481541041390118,1.0000000000000004,0.8243745227303657,0.9450016212992336,0.5504585606937249,0.6094717433931028,0.8481541041390118,1.0000000000000004,amr_automation,486
630,630,630,0,1.0,41.49771069994356,45.800304482304426,67.02385953528022,22.24702516466056,536.5256691137763,0.5199864205749465,0.7154569946703311,0.821385565810255,0.9817322380273369,0.7875252363818646,0.9481328432397348,0.5161487148973574,0.6141848982673587,0.821385565810255,0.9817322380273369,amr_automation,487
651,651,651,0,1.0,45.931227122879896,48.70136174227227,79.86614143268582,26.915233199131784,541.9428008201095,0.5514951762145835,0.7367198636920208,0.8181550897692189,1.0000000000000002,0.8026495288014182,0.9446717187354297,0.5347275353593461,0.6168569007816124,0.8181550897692189,1.0000000000000002,amr_automation,488
642,642,642,0,1.0,45.9603742840273,51.604775016719486,79.59104330530943,29.108300305382375,569.7734912910043,0.531986986772644,0.7042883532472279,0.8699868857834919,0.9987481885029947,0.8024079062307947,0.9167706651002954,0.531424749662775,0.6006801918536542,0.8699868857834919,0.9987481885029947,amr_automation,489
615,615,615,0,1.0,45.615278108830196,49.28383849194984,74.40827165196498,28.49888092109836,530.5277207283856,0.5054044231260633,0.6922220088650345,0.8040650373332723,1.0000000000000007,0.7563917865046874,0.940174438510578,0.5113444944527025,0.6280174962068753,0.8040650373332723,1.0000000000000007,amr_automation,490
665,665,665,0,1.0,54.132678488595225,60.223413243271295,87.73500148670337,35.58019149999263,565.1658504026981,0.557481404860032,0.7642166088123471,0.8778431076324045,1.0000000000000007,0.8254490701574694,0.9832748263186994,0.5493613547519781,0.6424101563829111,0.8778431076324045,1.0000000000000007,amr_automation,491
669,669,669,0,1.0,55.67277924269213,52.86780368058078,100.10364030529774,38.0762347735586,561.3147325718317,0.5583695838245324,0.751129582155538,0.8491548222341561,1.0000000000000007,0.813080319692354,0.9253039781952419,0.5573021198856947,0.6234503680393314,0.8491548222341561,1.0000000000000007,amr_automation,492
592,592,592,0,1.0,29.11282646025178,30.057082824475543,44.88759925400001,12.159988221966822,518.4981474523789,0.48855456746871084,0.6532225711494716,0.7641860565179329,1.0000000000000002,0.7288412936600293,0.93027657040811,0.4809548424402742,0.6185450318011584,0.7641860565179329,1.0000000000000002,amr_automation,493
637,637,637,0,1.0,39.38701312371024,45.37498677125009,60.5321233910623,20.92588223499489,525.1489610271121,0.5216381140854753,0.722203012179677,0.7969766324582924,0.9999999999999998,0.7910121118148419,0.9957232336778529,0.5396748980970424,0.6704704752721353,0.7969766324582924,0.9999999999999998,amr_automation,494
644,644,644,0,1.0,60.04788801663332,70.39771518633282,97.58756806118072,38.33081897999001,561.281038253166,0.5283105346920876,0.7336485315569969,0.8612862211908117,0.9999999999999996,0.8226147345826118,0.9703111505382938,0.5375979006752759,0.6138191809129002,0.8612862211908117,0.9999999999999996,amr_automation,495
657,657,657,0,1.0,56.98422504652906,66.99484584317591,82.84311096178351,39.168749157445355,553.8851454159808,0.5578172151924292,0.7558442380390026,0.8481414480301023,1.0,0.7899491485927781,0.9430170271951773,0.5464240846241866,0.6454242786116785,0.8481414480301023,1.0,amr_automation,496
634,634,634,0,1.0,57.24890936729743,64.18529205897056,96.45062851681917,33.01233070167299,563.5180640617017,0.5373846437010057,0.7626063890213062,0.8174623129596523,0.9999999999999991,0.8309709068087938,0.9994279744989416,0.5308701588598619,0.641682676911157,0.8309709068087938,0.9999999999999991,amr_automation,497
648,648,648,0,1.0,51.963695251716445,58.637805701941375,88.22484393537655,34.04766100180304,571.8448041653379,0.5445530959203697,0.7751591011677649,0.848120839911137,0.9827857948411741,0.8047071993082423,0.9401165281947454,0.5512968859941259,0.6501385627412286,0.848120839911137,0.9827857948411741,amr_automation,498
602,602,602,0,1.0,32.41809419273638,30.38996816878796,57.35373898830744,15.120528786008897,511.87958837851755,0.5094376790151136,0.6929796997146807,0.7829498771105855,0.9999310173845649,0.7443552880699167,0.945799419682313,0.49853230086474676,0.6380748936369074,0.7829498771105855,0.9999310173845649,amr_automation,499
599,599,599,0,1.0,53.56149337090884,54.50351694653827,70.54058941845523,28.47970872654144,525.4000563382461,0.5055103853538279,0.6757596113732177,0.9075289242625474,1.0000000000000009,0.7426192613328367,0.9766084917003008,0.49014388232202516,0.6358292387926718,0.9075289242625474,1.0000000000000009,shift_policy,0
603,603,603,0,1.0,59.01744813946868,61.16693861538687,84.26755583079046,30.81280642930415,537.2947614098889,0.5091363802510308,0.7453671954938137,0.934031400411593,1.0000000000000009,0.7484616761855244,0.9796900673017815,0.5118392930729097,0.6957762356208009,0.934031400411593,1.0000000000000009,shift_policy,1
571,571,571,0,1.0,44.746424198623785,44.45773955143994,64.56107577127551,21.692718401281255,527.9188761696864,0.48412418067313917,0.6804011581620588,0.8972631774596573,1.0000000000000013,0.7040150064393561,0.9818434500005592,0.46974333142183794,0.6635805418659434,0.8972631774596573,1.0000000000000013,shift_policy,2
659,659,659,0,1.0,85.57981880543007,91.43189931969405,122.80865597804745,54.74862291180161,578.6600503289518,0.5572217298795646,0.79310638178616,1.0172558275994052,1.0000000000000004,0.8237237777615669,0.990887059385279,0.5507399114220817,0.6533618613133519,1.0172558275994052,1.0000000000000004,shift_policy,3
672,672,672,0,1.0,76.91335668297997,85.03795203340829,107.57726724181128,45.771530429955135,583.261309802117,0.5583331636188127,0.7494787990099913,1.004667982559739,0.9999999999999999,0.8195590557057633,0.9860204229071491,0.5544079219284637,0.6798196827819019,1.004667982559739,0.9999999999999999,shift_policy,4
654,654,654,0,1.0,73.89949136480435,78.97350004522173,105.29738321401152,37.30656636447401,568.0867131850007,0.5437141530510051,0.7474053658665799,0.978166406774308,0.9999999999999991,0.825115906909423,0.9993957889210573,0.5464300876801955,0.6540290133411442,0.978166406774308,0.9999999999999991,shift_policy,5
639,639,639,0,1.0,82.1354449023738,87.86506353330904,111.6740348351043,47.99481173367679,567.3350933094664,0.5257966271507141,0.7166933801767045,0.9813296568327722,0.9999999999999993,0.8111152624610009,0.9855100717370916,0.53670901145498,0.6480665881528326,0.9813296568327722,0.9999999999999993,shift_policy,6
602,602,602,0,1.0,58.686487980582406,60.05072259353011,80.25528468911875,29.529524401747352,528.4970704935517,0.5064968611608854,0.7127621460828518,0.909817928532771,0.9999999999999993,0.7507745382615125,0.9927516674652377,0.5016517291932818,0.6626291376110178,0.909817928532771,0.9999999999999993,shift_policy,7
646,646,646,0,1.0,76.66949526484528,81.17938631420753,115.81866351470501,46.46061150309868,584.8232293630431,0.5419894184756254,0.7513876272622214,0.9949626233873649,1.000000000000001,0.8140080315068318,0.9859020026826181,0.5323155470779711,0.6464883386523436,0.9949626233873649,1.000000000000001,shift_policy,8
669,669,669,0,1.0,69.89344499162351,72.36912815432623,102.55751635065678,44.210981162370175,591.168785261664,0.5576313183949293,0.778863929476496,1.02008660643441,1.0000000000000004,0.8152411949647836,0.977611461002436,0.5569529509188914,0.6633136210266198,1.02008660643441,1.0000000000000004,shift_policy,9
612,612,612,0,1.0,61.80449723745697,65.09987580911894,88.4772379184597,34.989072704827045,556.1780919829496,0.5188428241595069,0.7008053130169133,0.9549565252951946,1.0000000000000004,0.7736853980966046,0.984923091263239,0.5052630814163326,0.6371912375703975,0.9549565252951946,1.0000000000000004,shift_policy,10
653,653,653,0,1.0,79.68487750563543,85.5743201450673,115.09192014721958,40.00188441799379,581.714572344154,0.5480677071649568,0.7468310862196675,0.9651643463693252,0.9999999999999998,0.8222041112906168,0.9883800415439752,0.5535202563071283,0.6494997160535353,0.9651643463693252,0.9999999999999998,shift_policy,11
637,637,637,0,1.0,71.80319610666504,79.51654048763328,103.79442213758142,42.354654857143366,570.8303328325496,0.5274907375108262,0.763968508770764,0.9629859296749275,1.000000000000001,0.7909491341005699,0.9910224428179575,0.5365353219785316,0.6665222428879644,0.9629859296749275,1.000000000000001,shift_policy,12
619,619,619,0,1.0,68.21063242218091,73.71663318643004,91.6653505264631,27.636550973720887,552.0724071090776,0.5232584705643472,0.7367957525499527,0.9114278711572061,0.9999999999999993,0.795075374475576,0.9973672441006031,0.5106970155323132,0.6423186166250006,0.9114278711572061,0.9999999999999993,shift_policy,13
645,645,645,0,1.0,80.51636540165862,89.70418676200609,115.76332954340558,45.20239850584282,572.667462427464,0.5341485654315993,0.7717827980199513,0.9908161359555161,0.9999999999999994,0.8076120604426876,0.9909694298637451,0.5304312509527774,0.6374892220431153,0.9908161359555161,0.9999999999999994,shift_policy,14
634,634,634,0,1.0,65.43307815456205,70.1885148546022,97.29117700740335,33.33601356825386,564.6742781599098,0.5410102348008051,0.7509341087550118,0.9684782838988725,1.0000000000000007,0.7808037203189896,0.9783508141395785,0.5274004239747222,0.6490445473773346,0.9684782838988725,1.0000000000000007,shift_policy,15
642,642,642,0,1.0,60.57730040509602,64.2401228964975,86.5645100520216,33.500932281350856,554.1491355386797,0.517490527514995,0.7175784265184206,0.9576442904518738,1.0000000000000009,0.7878622311417416,0.9865356061691498,0.5383829367676344,0.6742784877255715,0.9576442904518738,1.0000000000000009,shift_policy,16
615,615,615,0,1.0,58.04483305648698,60.54098671650513,78.11693876195537,31.01705157005555,554.1229329981855,0.5132802582980706,0.7283062938335555,0.9416408634130121,0.999999999999999,0.7451407715332742,0.9767300662586743,0.5129718683771131,0.6649006788754477,0.9416408634130121,0.999999999999999,shift_policy,17
635,635,635,0,1.0,61.73063762981629,66.81546710240224,86.12594081419218,33.09977297902018,560.262256848736,0.5328065478147681,0.7312944704085806,0.9576548488092669,1.0000000000000009,0.781948549559785,0.9808493486563911,0.5341689998193412,0.6600697319421558,0.9576548488092669,1.0000000000000009,shift_policy,18
617,617,617,0,1.0,68.26164428168576,70.2380710458138,99.23298874554689,42.57579890285783,551.9918640442648,0.4971187387263648,0.6563151411212177,0.949041511379872,1.0000000000000002,0.7771297500834337,0.9727763412457401,0.5079672981518443,0.6345587198853478,0.949041511379872,1.0000000000000002,shift_policy,19
630,630,630,0,1.0,62.146055463595374,62.90199829152087,87.93843188142438,38.350680843029956,552.2224018604202,0.5174647250309409,0.6934571025695999,0.9604953794079253,1.0000000000000004,0.7660109867838966,0.9831682104093666,0.5292779259950784,0.6799211226953844,0.9604953794079253,1.0000000000000004,shift_policy,20
657,657,657,0,1.0,94.87384828915003,102.86834551396535,130.5188555680479,54.366920656959564,587.4040580977967,0.5629412827995531,0.7845454522380129,1.002786156573027,1.0000000000000004,0.8231052045623376,0.9833798231119052,0.5485088342016974,0.6241127737671605,1.002786156573027,1.0000000000000004,shift_policy,21
675,675,675,0,1.0,77.04729540204912,91.0330916789458,113.27476623027525,36.069311274899945,577.4305499389894,0.5556615627433692,0.7956479783854083,0.9665620835380957,0.9999999999999992,0.8350102005953571,0.9923679328258416,0.5657169387339351,0.6674646902236461,0.9665620835380957,0.9999999999999992,shift_policy,22
603,603,603,0,1.0,50.611540336044186,51.932769813158586,71.22453867900902,21.07381451581279,543.693685552751,0.5028897061246673,0.709949013634394,0.8968849518111445,1.0,0.7543055568986364,0.9955774100010416,0.5079723715764074,0.6848699776401157,0.8968849518111445,1.0,shift_policy,23
659,659,659,0,1.0,79.36560516095497,81.66527173446883,117.57776081217008,44.39981340784754,576.7380745720005,0.5399500862950635,0.7271385273205522,0.9666099760957291,0.9999999999999997,0.8288613050276763,0.9883400150484236,0.5421858908587005,0.6464752716470419,0.9666099760957291,0.9999999999999997,shift_policy,24
659,659,659,0,1.0,78.26071791362413,73.79453219471384,117.45373706749183,31.82058940994435,579.2368025112023,0.5556132021734149,0.7807250338547748,0.9673741071953644,1.0000000000000009,0.8360183553292204,0.9945178233555356,0.5492463603711493,0.6508588516873758,0.9673741071953644,1.0000000000000009,shift_policy,25
616,616,616,0,1.0,54.324770347989485,59.979057441037924,79.7845226408196,23.125330503835666,549.5726661504413,0.5189107963881043,0.731892935858562,0.9371118033614809,0.9999999999999997,0.7766407657830816,0.9889259704315052,0.5217807046113079,0.6752116880720599,0.9371118033614809,0.9999999999999997,shift_policy,26
629,629,629,0,1.0,70.67641430900244,74.64428621963671,99.64962123383947,43.4824906565891,567.6703434122918,0.527948806293657,0.7521064103997164,0.9855067847737422,1.0000000000000004,0.7809710595193807,0.97073837346518,0.5145108176027182,0.6481487146966206,0.9855067847737422,1.0000000000000004,shift_policy,27
600,600,600,0,1.0,48.433217770698434,49.858536972719605,81.58020475077547,18.21967834877499,536.4142461559105,0.49927497612410937,0.7136959950171624,0.9034089613957873,1.0,0.7620989208537018,0.9823707054496783,0.49940896160456427,0.6360706768233148,0.9034089613957873,1.0,shift_policy,28
623,623,623,0,1.0,63.01395329385991,66.49759866615608,94.35345976018169,36.36623612685102,555.4441981148176,0.5230363562829785,0.7791687063248648,0.9702792441015256,1.0,0.7644968856627956,0.9802434079164764,0.5224834176119169,0.6537195485592378,0.9702792441015256,1.0,shift_policy,29
635,635,635,0,1.0,86.13211216889673,89.29571154617278,119.77727736386771,49.05854969262458,562.0775745172659,0.536512219883063,0.7308550338194795,0.9494324020101478,1.0000000000000007,0.7867384575947349,0.9879470972553759,0.5277581093819284,0.6490254262219486,0.9494324020101478,1.0000000000000007,shift_policy,30
651,651,651,0,1.0,63.20945217406062,68.20104430231152,101.01704924566911,36.3041173912762,571.5330331516344,0.5498793593626242,0.7798583486172045,0.9935193141447883,1.0000000000000007,0.7987957778181354,0.9769590990722029,0.5500577096056664,0.6620862997998456,0.9935193141447883,1.0000000000000007,shift_policy,31
638,638,638,0,1.0,74.3759790377624,79.97199621710757,103.23924590232014,46.658794313816614,574.3876373718034,0.5259101077454549,0.7220351787030481,0.9974240337153398,0.9999999999999997,0.8003113281089839,0.9774121368228117,0.5435217446307691,0.6808909898254852,0.9974240337153398,0.9999999999999997,shift_policy,32
638,638,638,0,1.0,71.05802022532482,72.78433657143523,100.26501549903026,42.777345528216856,572.1137095531672,0.5340298517184878,0.7319920841551968,0.9965698868648919,0.9999999999999997,0.7940813744296138,0.9849972733131118,0.5362909693681088,0.6571153094693568,0.9965698868648919,0.9999999999999997,shift_policy,33
675,675,675,0,1.0,80.54011170332892,84.23793685316542,124.47125094064211,43.99121038693381,585.0088504591405,0.5681825566204568,0.793415363630887,1.0153326544383168,0.9999999999999994,0.8479650316540972,0.9866092234754719,0.5665166974250868,0.6312552207112168,1.0153326544383168,0.9999999999999994,shift_policy,34
615,615,615,0,1.0,61.731293557563475,63.02757218146846,86.12111169392932,33.00342415142056,540.7198759247175,0.503062025697126,0.6986617364606437,0.931991744600047,1.0000000000000004,0.7507721947436324,0.9866253951636031,0.5122475816478259,0.6683195988711074,0.931991744600047,1.0000000000000004,shift_policy,35
598,598,598,0,1.0,43.29841316474786,43.45256895308506,72.36447706059226,17.363870779704566,553.498985827551,0.5054627555527865,0.7230349852399667,0.9162353804936281,0.9994686114463524,0.7666735927372703,0.9933182269357057,0.5028695683040055,0.6567746407988165,0.9162353804936281,0.9994686114463524,shift_policy,36
626,626,626,0,1.0,79.10747589631875,84.07257932109334,108.36099484412466,47.05123521865068,553.9747993253235,0.5218683636254074,0.7030232327838474,0.9534136187986376,0.9999999999999999,0.7804449020290298,0.9895080656722227,0.5231902519545778,0.6564256838859566,0.9534136187986376,0.9999999999999999,shift_policy,37
645,645,645,0,1.0,80.29797753868668,86.71003169234842,109.00531144945757,41.02299082331629,578.1773794766956,0.5526313810871039,0.7430285862874161,0.9584841160442487,0.9999999999999998,0.8173284234473414,0.9910362273610258,0.5420654529060375,0.6598735761251965,0.9584841160442487,0.9999999999999998,shift_policy,38
610,610,610,0,1.0,62.14626964394476,66.847522616567,85.3284085432764,38.278906957770175,545.0844736970471,0.510849787390059,0.6830773092187977,0.94805336401446,1.0000000000000004,0.7471678779142922,0.9298568888443854,0.5045236031856535,0.6136833048719152,0.94805336401446,1.0000000000000004,shift_policy,39
634,634,634,0,1.0,69.16275252463974,72.11639694606177,106.53451584718226,36.488207138774435,563.9012452512197,0.5307541157812862,0.7588817306351602,0.9482088327972121,1.0000000000000002,0.8052340746535068,0.9809127998410561,0.5186756519940503,0.6300733744116871,0.9482088327972121,1.0000000000000002,shift_policy,40
612,612,612,0,1.0,59.48345909585887,60.91369077275084,83.1218775004059,26.920989744580307,534.9677232959036,0.5189393910692474,0.7257007583363512,0.9010865787433952,1.0000000000000004,0.7568109905972423,0.9920223482582047,0.5165813291464633,0.6909599486163006,0.9010865787433952,1.0000000000000004,shift_policy,41
624,624,624,0,1.0,80.54926656411281,85.1423259280941,108.74677520018969,40.70344625164822,558.6663734088153,0.5045010301106925,0.680933933590607,0.9341168527614631,0.9999999999999999,0.7900196741485597,0.9930424131192495,0.5382126307802981,0.6845835474231547,0.9341168527614631,0.9999999999999999,shift_policy,42
643,643,643,0,1.0,71.78823615165071,79.83338184517328,104.99846669689333,36.684947232786925,575.8066201918361,0.5429130414320444,0.7895427289659567,0.9728727153399599,0.9999999999999997,0.8077593992367863,0.9940034238248767,0.5293113638471068,0.6591836261743217,0.9728727153399599,0.9999999999999997,shift_policy,43
618,618,618,0,1.0,62.22761922495988,71.23667706102188,90.34507858993067,29.832604736350845,547.680640487419,0.5142660074130967,0.7031574064788765,0.932667406311483,0.9999999999999999,0.7754490319739638,0.9747065854880326,0.518544056723763,0.6393070855006716,0.932667406311483,0.9999999999999999,shift_policy,44
630,630,630,0,1.0,57.99088905394655,62.04368775274577,83.37475601244108,32.78343333783567,591.3713311207354,0.519691204407858,0.7273697450233613,0.9831531324112319,0.9999999999999996,0.7809751530376324,0.9802764230546721,0.5286688796134188,0.6546132347367736,0.9831531324112319,0.9999999999999996,shift_policy,45
637,637,637,0,1.0,63.54982909725138,64.67963730344454,90.86937212219755,35.334712172936314,563.0676838821237,0.5208008252475427,0.7211557371013632,0.9697082922793742,1.0000000000000004,0.7903675671294906,0.9877896661888709,0.5346716749278468,0.6673013269280654,0.9697082922793742,1.0000000000000004,shift_policy,46
642,642,642,0,1.0,71.7521578467758,75.68430673853513,99.10799575605404,33.67036290320268,561.5420417070706,0.5308168813020192,0.7023843006775563,0.9497782131315163,1.0000000000000004,0.8157522125389651,0.9968448843082448,0.5369491946631011,0.6492836348106082,0.9497782131315163,1.0000000000000004,shift_policy,47
618,618,618,0,1.0,63.38677762082384,69.44374964882022,89.21820148923797,35.70261116538028,564.9471166290956,0.5053199029890451,0.7056158645896954,0.9480840600018283,0.9999999999999998,0.7563078562160516,0.9676306478814295,0.5137640348216225,0.6541744459297171,0.9480840600018283,0.9999999999999998,shift_policy,48
698,698,685,13,0.9813753581661891,90.8757706332385,94.63895171494926,140.67282088138592,63.33225689044268,616.0700139463322,0.587859417342637,0.8308898530939524,1.0804034856984754,1.0000000000000004,0.879233749231659,0.9628482024174109,0.5744938717669426,0.6254527801229874,1.0804034856984754,1.0000000000000004,shift_policy,49
608,608,608,0,1.0,39.93046610116548,38.963802387468064,60.082706275943224,12.847053480963785,543.1609105896879,0.5151308014348562,0.7319085582432094,0.924446256536783,0.9952551895815606,0.7637677388224495,0.9937750321220606,0.49797477883263347,0.6462118506383374,0.924446256536783,0.9952551895815606,shift_policy,50
605,605,605,0,1.0,69.56064844175481,72.8366347847911,99.23642645809531,37.25508372538665,551.4671787758355,0.5060685723771964,0.7029742330507547,0.9301672124842667,1.0000000000000002,0.7422790489928932,0.9755779030770921,0.5024398204558432,0.6494596055992297,0.9301672124842667,1.0000000000000002,shift_policy,51
609,609,609,0,1.0,58.521105808513155,60.41744529512374,86.59602661308492,29.20753405583916,533.7017467695002,0.4933869387365862,0.6965566671738853,0.9163581371494738,1.0,0.7464935109593251,0.985353409055516,0.5123172699752794,0.6617034948113909,0.9163581371494738,1.0,shift_policy,52
631,631,631,0,1.0,74.47207652583195,82.24724104959716,103.12312160774786,41.555402002470395,563.3022505472404,0.5297894718323161,0.7167966558190988,0.9520142407353245,1.0000000000000007,0.7979644729300461,0.9666045649771788,0.528559487718565,0.6508590441979141,0.9520142407353245,1.0000000000000007,shift_policy,53
642,642,642,0,1.0,60.84451596584111,65.3756748574771,91.45026102670528,31.287142456181403,547.6699153434976,0.5414755059104623,0.7578605579937624,0.9382464819054273,1.0000000000000002,0.7877476785470062,0.9857052833521803,0.5411807998336325,0.6755097158535235,0.9382464819054273,1.0000000000000002,shift_policy,54
627,627,627,0,1.0,70.7961743184823,74.6585410620279,99.40129207895399,44.170384318275005,571.033458500762,0.5304977593975617,0.7435359824402076,0.9882298943758147,1.0000000000000007,0.7808528234597464,0.9758801262582776,0.5169967773482634,0.6358004969744006,0.9882298943758147,1.0000000000000007,shift_policy,55
621,621,621,0,1.0,64.70990349533021,65.94855499262997,89.6711682200148,29.283499038902118,549.8551072385952,0.5129876078310348,0.6618917105283869,0.9285911709906246,1.0000000000000004,0.792238613117276,0.9796821446516983,0.510338049730435,0.6338752767851018,0.9285911709906246,1.0000000000000004,shift_policy,56
643,643,643,0,1.0,72.63167946802383,81.07789514037148,98.99119735370215,34.00065146690392,566.4638548513697,0.5404378064960467,0.7293890697686912,0.9529555220763712,1.0000000000000007,0.8114531158531696,0.9974608890581681,0.5362961856970884,0.6468555025431263,0.9529555220763712,1.0000000000000007,shift_policy,57
583,583,583,0,1.0,53.33168811114018,53.58067878300767,77.99170878988946,23.152182037582058,516.9054833955926,0.48697678107869424,0.6974572718948653,0.8788931140900725,0.999323048348447,0.7291816123447238,0.9814606033953249,0.49200238014107994,0.6543112153387235,0.8788931140900725,0.999323048348447,shift_policy,58
647,647,647,0,1.0,70.59632690936007,70.98018234920687,106.09958762732492,33.068147508761655,567.799737863492,0.5560608679956979,0.7824647014274164,0.9512837315400982,1.0000000000000002,0.8191599313596096,0.9866964755688855,0.5321048094924292,0.6400119354653988,0.9512837315400982,1.0000000000000002,shift_policy,59
660,660,660,0,1.0,87.70853415511985,97.51100646259778,122.1338368390372,58.05228456950896,597.2845034123161,0.5453106101260905,0.7423307726055618,1.0409920446549763,1.0000000000000002,0.8226013097598406,0.9876495522588494,0.5566590616805194,0.6520337000371393,1.0409920446549763,1.0000000000000002,shift_policy,60
610,610,610,0,1.0,72.05311746873734,77.04015475237492,103.15291932825522,39.18545150669451,548.4169608998517,0.5155935580706237,0.7098642250419658,0.9381751972164238,0.9999999999999998,0.7753665189808482,0.9883527453791465,0.5113255216165216,0.6527713567002562,0.9381751972164238,0.9999999999999998,shift_policy,61
655,655,655,0,1.0,73.00771343553168,76.8530591876621,109.15682138373552,43.57055398910048,565.1560459697467,0.5478812438907976,0.7548231344923342,0.989970273701176,1.0000000000000002,0.8023310710310216,0.9811830657749054,0.5486110122792944,0.6637556288126202,0.989970273701176,1.0000000000000002,shift_policy,62
626,626,626,0,1.0,66.13565235947982,73.15395753745884,98.19286237216443,32.206356856168874,557.7626967664324,0.5251560343567405,0.7305047579073918,0.9414795535359138,1.0000000000000007,0.7873040959465454,0.9746679753878887,0.5233487619997119,0.6379669834831259,0.9414795535359138,1.0000000000000007,shift_policy,63
622,622,622,0,1.0,67.1671582453215,72.5565775286733,94.73124654946827,42.19811597774359,585.8456156551152,0.5147910901791004,0.6965766967580572,0.9870785968990543,0.9999999999999993,0.7798859549765714,0.9555953575726269,0.5277038448063671,0.6544339180486104,0.9870785968990543,0.9999999999999993,shift_policy,64
622,622,622,0,1.0,64.91838455708603,70.10791138817825,93.17174651941411,39.759060329652726,551.2356238786956,0.5205050695800805,0.7336426328477677,0.9557830486671524,0.9999999999999996,0.7658744307013383,0.9908112484439988,0.5106658279298317,0.6443316684650651,0.9557830486671524,0.9999999999999996,shift_policy,65
673,673,673,0,1.0,83.99719295739955,94.85436568222744,123.92016595852232,56.19687135025152,592.1545875779052,0.5579784595370872,0.799846189596233,1.0490741825547736,1.0000000000000004,0.8357783284895054,0.9931489517422243,0.569278734451886,0.6811475385209793,1.0490741825547736,1.0000000000000004,shift_policy,66
642,642,642,0,1.0,69.04168324870973,74.33558155587974,97.79663610842664,41.22839028073626,558.9736322736376,0.5293436143142409,0.7434075942918058,0.9681474352149227,0.9999999999999996,0.7774572223067708,0.965292012383626,0.5481033231850839,0.6661208683454245,0.9681474352149227,0.9999999999999996,shift_policy,67
594,594,594,0,1.0,71.50625570955091,72.82032397752155,97.0421420764032,34.53998604021354,532.0041187790863,0.4899632612900243,0.6376066573647975,0.8868334068566427,0.9999999999999993,0.7472243561653888,0.9819950533240193,0.5011959829762256,0.6538037777686556,0.8868334068566427,0.9999999999999993,shift_policy,68
626,626,626,0,1.0,71.24923989444788,79.32573557862264,101.14057487246379,35.054568894787465,557.7071029518213,0.5226059233479374,0.7180507209504127,0.9367837786969543,1.0000000000000002,0.804326948913056,0.9900492091334266,0.5234662708644937,0.6379445341686111,0.9367837786969543,1.0000000000000002,shift_policy,69
632,632,632,0,1.0,52.17081451154972,54.897774980081294,73.5577938085994,21.610196214459698,542.0617020902346,0.514243369331127,0.7054492513196579,0.9164865318791526,0.9999999999999998,0.7751557161545437,0.9937005012833636,0.522679333228638,0.6586479628430922,0.9164865318791526,0.9999999999999998,shift_policy,70
632,632,632,0,1.0,74.97482478062248,78.30553016241555,105.16982892202304,33.987529248974305,551.3134620892783,0.5403546125056516,0.7245057551718226,0.9282098723991724,0.9999999999999993,0.802991653243845,0.9969381437905526,0.5290496564477726,0.6442678254146702,0.9282098723991724,0.9999999999999993,shift_policy,71
646,646,646,0,1.0,58.259417027994154,66.63776419229936,89.35133060121183,26.97090689205264,567.2770519360895,0.5327399617077848,0.7482021462908782,0.9558478858408004,0.9999999999999999,0.7939481204408081,0.9907287216532128,0.5394172701338709,0.6583871216148875,0.9558478858408004,0.9999999999999999,shift_policy,72
662,662,662,0,1.0,72.119189922165,78.28706380932496,102.22803000902331,38.2787316642695,579.0471752361277,0.5541949914274238,0.7800069063241339,0.989597754606789,1.0000000000000009,0.8075752046300131,0.9828219573021948,0.5420939505127902,0.6475228594801985,0.989597754606789,1.0000000000000009,shift_policy,73
644,644,644,0,1.0,76.0923924906471,81.07450906907619,108.69607723465498,42.9260423412382,559.3490853696803,0.5430580838037344,0.7477870802905209,0.9533534725182462,1.0000000000000004,0.804062491064435,0.9863389669600886,0.5306310827677319,0.6559520334640419,0.9533534725182462,1.0000000000000004,shift_policy,74
598,598,598,0,1.0,63.55222680792356,68.06136605508982,88.43579845425921,32.740898070438234,541.1302457842559,0.5027826041143133,0.7083490204155243,0.9064300926289476,0.9999999999999994,0.7580483054438233,0.9878619926857053,0.5023332679756319,0.6604137944001853,0.9064300926289476,0.9999999999999994,shift_policy,75
630,630,630,0,1.0,66.29490128979187,71.06369256719259,94.08239066844243,35.50231011074839,556.7875537550402,0.531870840155512,0.7625520648931239,0.9725670544773357,0.9999999999999997,0.7830496322017525,0.9974743909540414,0.522205130605593,0.6587518535657227,0.9725670544773357,0.9999999999999997,shift_policy,76
658,658,658,0,1.0,65.69078355645196,68.8401262066896,101.99523929269475,35.36193094194457,569.9365756741939,0.5475131147496004,0.783596290590126,0.9857793893520217,1.0000000000000004,0.8064878488534544,0.9879578831112018,0.5501785278389978,0.6449456631975228,0.9857793893520217,1.0000000000000004,shift_policy,77
690,690,676,14,0.9797101449275363,101.20659241188298,105.9936775714888,141.34997551479717,67.12230758058877,612.6453364258962,0.5814027826831234,0.7778021898818988,1.060008582372241,0.9999999999999998,0.8651676654683786,0.9890810694355439,0.5683787570649511,0.6478085717454086,1.060008582372241,0.9999999999999998,shift_policy,78
597,597,597,0,1.0,54.25138643694593,56.399747641057445,74.22560542363624,24.49711401023339,536.6479747333285,0.4830868020878936,0.6744280778293288,0.9159078447189649,1.0,0.7523840907367896,0.9801717618382991,0.4892044901536774,0.6369251265758935,0.9159078447189649,1.0,shift_policy,79
629,629,629,0,1.0,72.64863003186218,80.35997148000635,99.66458847106907,49.705290211620785,571.2227601368451,0.5120938258477393,0.7242432969253494,0.995398962977703,0.9999999999999999,0.777221733400042,0.9430833469209664,0.5263758244665809,0.662965301622013,0.995398962977703,0.9999999999999999,shift_policy,80
655,655,655,0,1.0,59.04853873159467,59.48223227750506,91.77605321838848,27.838719637481685,558.2355255742794,0.5384787693767873,0.7356214311498442,0.9283306901379536,1.0,0.8180565127522972,0.9879511230393804,0.5499888229410366,0.6714498779598777,0.9283306901379536,1.0,shift_policy,81
671,671,671,0,1.0,83.19249920444801,85.04071123752237,128.82066518286928,52.284324593028195,589.2114580287633,0.5514337085007742,0.7740202911842489,1.0038635439678212,0.9999999999999999,0.8564319139558049,0.9837347830275197,0.5591456939804005,0.660838459841058,1.0038635439678212,0.9999999999999999,shift_policy,82
665,665,665,0,1.0,77.61262107232497,81.23756502808902,104.99722334882233,52.7678746532098,579.7477920915362,0.5497615948985448,0.7394754244285415,1.004286323658532,0.9999999999999992,0.8077598862319596,0.9902859723938418,0.5685055894939257,0.71522431001396,1.004286323658532,0.9999999999999992,shift_policy,83
618,618,618,0,1.0,70.68453234480269,72.54730011452247,96.9257085917917,32.108022962520735,548.8312360427842,0.5084737181255606,0.6839277280320466,0.9102779015013627,1.0000000000000002,0.7681994140645154,0.9885438075269996,0.5173482866226353,0.6500049315754476,0.9102779015013627,1.0000000000000002,shift_policy,84
651,651,651,0,1.0,82.9466771062345,86.70183707475826,117.08430524448411,58.4035395826579,586.9182818432059,0.5465747627580273,0.7496000534899385,1.0222394055903457,0.9999999999999998,0.8075228447425284,0.9551158777048652,0.5474584182912408,0.6597077515914951,1.0222394055903457,0.9999999999999998,shift_policy,85
650,650,650,0,1.0,72.029729125972,72.71230783051288,104.72100394929066,47.734845912293025,563.3828257523296,0.5448226554668741,0.7692598354524808,0.9731533807347043,0.9999999999999994,0.7930514393388886,0.994895948475789,0.5488624018559414,0.6986269596637442,0.9731533807347043,0.9999999999999994,shift_policy,86
594,594,594,0,1.0,52.62182166068883,53.40340221786269,74.40979563322679,29.706947085253987,536.3256895384421,0.48897595631789925,0.6913107845366272,0.9133097061571666,1.0,0.7308959194121806,0.9897164969707548,0.5026295510151243,0.6787000395886409,0.9133097061571666,1.0,shift_policy,87
579,579,579,0,1.0,65.35675639115514,69.61568082636848,92.85547894947638,23.778989695599666,537.3339072746528,0.48566233219858324,0.6810596589677999,0.8688266770071205,0.9915596951607699,0.7400122700736671,0.9794380215969579,0.48314708603058254,0.6319031249792477,0.8688266770071205,0.9915596951607699,shift_policy,88
631,631,631,0,1.0,59.42147102715127,59.68209267295822,87.76046491773587,35.63733121063996,571.9024340689392,0.5283215625662255,0.7264259794739956,0.9650971088979376,0.9999999999999992,0.7889518456254923,0.9596131588703251,0.5226862512801453,0.6579395398276113,0.9650971088979376,0.9999999999999992,shift_policy,89
634,634,634,0,1.0,74.09232087345465,75.79910686001094,102.28623087852247,39.65756544934197,557.1551570030017,0.5176996385601934,0.7190017342232125,0.9654228962680469,1.0000000000000002,0.7897634222937525,0.9981023211446975,0.5363545043958089,0.6403368976778842,0.9654228962680469,1.0000000000000002,shift_policy,90
657,657,657,0,1.0,80.11881531491143,81.44257175342909,126.96377389569875,43.13629339630003,594.0016692672306,0.5439233577357575,0.7880989714666599,1.0220853451495382,1.0000000000000002,0.8557506197960468,0.9929663908655448,0.5466236161831928,0.634723042822323,1.0220853451495382,1.0000000000000002,shift_policy,91
618,618,618,0,1.0,78.50237443719296,83.44503093030266,116.23805030684457,35.50991735250563,560.4394009056422,0.5229673372418057,0.7019817166479089,0.9352442159956826,1.0,0.7846744570683483,0.9877785335970976,0.5043616740839149,0.6064428288209182,0.9352442159956826,1.0,shift_policy,92
642,642,642,0,1.0,77.00789163651125,83.93490504868998,111.0947013882714,35.3793819465559,562.4658642309329,0.526502791589364,0.7437030080849537,0.9199865913964477,0.9999999999999997,0.8119249230571964,0.9890157642377978,0.5403803481316932,0.6572571503956925,0.9199865913964477,0.9999999999999997,shift_policy,93
664,664,664,0,1.0,72.11148339529923,75.29575741326892,106.69441878018586,34.9015240640745,574.9496119473946,0.5463061110422274,0.7694770554319559,0.9622267957324557,1.0000000000000007,0.8314737354630704,0.9915104862637549,0.5472918446466464,0.6568501203319872,0.9622267957324557,1.0000000000000007,shift_policy,94
661,661,661,0,1.0,77.14267698617708,83.21288223969026,107.29265460264241,43.53744748974968,565.4908247971731,0.5399055742287948,0.7144662356496271,0.9481049700991172,0.999999999999999,0.8224782951838134,0.990986911897117,0.5503400526427573,0.6759370684625889,0.9481049700991172,0.999999999999999,shift_policy,95
640,640,640,0,1.0,77.76015319723349,86.06246483189648,111.69490838161323,38.57050939220092,574.6277053037627,0.5197580395816177,0.6931475991212096,0.9327665484009838,1.0000000000000004,0.8237370027335876,0.990666302709351,0.5217481476745011,0.6220623266489083,0.9327665484009838,1.0000000000000004,shift_policy,96
596,596,596,0,1.0,60.72749953272946,62.32068332455455,85.72421246667096,24.613102832855468,535.2475896065124,0.4944943971318342,0.6879597644304599,0.9002170094537484,1.0000000000000009,0.7474676926331247,0.989169959295446,0.5028948739457972,0.663449033376599,0.9002170094537484,1.0000000000000009,shift_policy,97
653,653,653,0,1.0,86.67617749816256,100.45545830675931,125.94532110347757,51.42650414783397,588.8888604961098,0.5461111573770234,0.7811967445156085,0.9998554051183886,1.0000000000000002,0.8118479536273805,0.9666407867429084,0.5333864098634191,0.6347477091213087,0.9998554051183886,1.0000000000000002,shift_policy,98
623,623,623,0,1.0,69.31036509318835,74.8931618183696,96.62274436558226,44.208671701238096,545.8923512227803,0.5157984508572582,0.665000289756872,0.9355992805788598,0.9999999999999998,0.7651913010436208,0.9741315037744022,0.5286404449276834,0.6749179024364048,0.9355992805788598,0.9999999999999998,shift_policy,99
650,650,650,0,1.0,61.92152858853244,63.48821299405526,94.4405968643103,28.994647403379467,557.6504704140565,0.5438958330368546,0.7560229531162962,0.9220898914745088,0.9999999999999998,0.8085213206138029,0.9782662684820707,0.5360665661895511,0.6389807705825533,0.9220898914745088,0.9999999999999998,shift_policy,100
621,621,621,0,1.0,57.94259160273078,61.045190653572774,85.25993280348138,28.715788745289096,531.1721021702532,0.5087264535051361,0.7310189328094427,0.9206257372772471,1.0000000000000009,0.7629898208858074,0.9889159588681415,0.5174733114557445,0.6675790970899668,0.9206257372772471,1.0000000000000009,shift_policy,101
612,612,612,0,1.0,86.00554912420407,90.98333996785757,110.77901048442584,55.91014022805833,558.8633760296219,0.5037004703075062,0.6627106212148568,0.9618447219215075,0.9999999999999999,0.7651579326601663,0.9814995055146443,0.5130845296237756,0.6723591931051893,0.9618447219215075,0.9999999999999999,shift_policy,102
566,566,566,0,1.0,32.3279634302175,32.22400909677151,48.22331921597964,3.3835121977632396,515.7655945036083,0.4834509902403779,0.6838118750839078,0.8041152579851972,0.8988439349686324,0.7100629086481406,0.9904175672692941,0.46935840318509015,0.6499316700865596,0.8041152579851972,0.9904175672692941,shift_policy,103
656,656,656,0,1.0,79.37753827758749,84.14111378657296,121.04290648022885,54.08009584447397,599.807438829743,0.5464313579186316,0.7866076371379106,1.0432927194724713,1.0000000000000004,0.8178509091170584,0.9778354189892482,0.5391629482526261,0.6466939507483369,1.0432927194724713,1.0000000000000004,shift_policy,104
642,642,642,0,1.0,73.45743647153012,81.62551786116694,105.3339554599649,42.26832469893622,558.9130669646531,0.5420596082113155,0.7381345906146205,0.9655595182993865,1.0000000000000007,0.7968907701274804,0.9969887494331945,0.5318735069739559,0.6516100447230927,0.9655595182993865,1.0000000000000007,shift_policy,105
618,618,618,0,1.0,59.17482824950046,62.35852592639776,87.00938278814294,30.55146297450163,543.8501007266283,0.5117825141483147,0.724797242239167,0.9391102384165195,0.9999999999999997,0.7759579955071215,0.995447332952068,0.5055092866414124,0.6526856511086581,0.9391102384165195,0.9999999999999997,shift_policy,106
641,641,641,0,1.0,61.37579492442242,67.06813056788428,90.07426149786113,36.02876286678562,574.6876251217191,0.5464136932046407,0.7795036484735093,1.0086221276876282,0.9999999999999992,0.7880186501506814,0.9911260503228893,0.5386786333071378,0.6747219745208995,1.0086221276876282,0.9999999999999992,shift_policy,107
576,576,576,0,1.0,46.175898722065085,46.98497199272214,61.956277758932515,14.59062394768361,514.2530888419276,0.48308005201656234,0.6636432550319681,0.839872003611586,0.9539114926078518,0.7230659879572789,0.9937923884640958,0.4814389080102521,0.6560136613550877,0.839872003611586,0.9937923884640958,shift_policy,108
630,630,630,0,1.0,68.57417801714752,71.38615713313965,94.85132022448204,41.14118554358623,565.5628405119818,0.5271612623103212,0.7275603843823302,0.9709274375673619,0.9999999999999997,0.7744951786459193,0.9865067739564504,0.5174948083403895,0.6373872174604717,0.9709274375673619,0.9999999999999997,shift_policy,109
621,621,621,0,1.0,67.10336205376207,67.96416595616637,90.5089665131822,33.694955421474205,542.0953326221693,0.5079785795529771,0.6576609196244603,0.9002999496696195,0.9999999999999994,0.7692324671076046,0.9827603517203222,0.5162770993971683,0.6643431765709906,0.9002999496696195,0.9999999999999994,shift_policy,110
614,614,614,0,1.0,57.38665174660906,60.24315222178342,79.64907973197688,27.731524798525612,543.5806855226622,0.524944844393913,0.7084821490938462,0.901746572251522,1.0000000000000004,0.76801465259416,0.9837072919221218,0.5070269306595065,0.6600297125945463,0.901746572251522,1.0000000000000004,shift_policy,111
630,630,630,0,1.0,74.26192271879542,79.87405537132906,103.03053578388358,40.978453242304845,553.564611344554,0.5195609161828225,0.7397160060482386,0.9311017079574033,0.9999999999999996,0.7774504856798984,0.984822489658503,0.5335321825585198,0.6670700973241704,0.9311017079574033,0.9999999999999996,shift_policy,112
600,600,600,0,1.0,64.72518451753685,65.44151139473678,88.05150670230626,30.69968166892735,536.9725687253735,0.4935911497404885,0.6530193362438506,0.9032364896075913,1.0000000000000004,0.766446998687513,0.9961357429564237,0.5036691239601511,0.650188407742164,0.9032364896075913,1.0000000000000004,shift_policy,113
619,619,619,0,1.0,68.83222012864965,70.26818695463675,104.35683172932738,32.55474678240012,561.0703423270581,0.5125127114640914,0.714049995336727,0.9163688730109525,1.0000000000000004,0.7942474495610492,0.9929872561295832,0.5115881840764545,0.6445027401031842,0.9163688730109525,1.0000000000000004,shift_policy,114
603,603,603,0,1.0,56.055551584185565,59.24966460906569,79.73525700837922,33.890004216605504,536.9076002377676,0.49800828017909526,0.6766357267966743,0.9368833765430687,0.9999999999999997,0.7365600174897089,0.9363297015766342,0.4963435801288913,0.6371658381987063,0.9368833765430687,0.9999999999999997,shift_policy,115
610,610,610,0,1.0,68.75552173946862,73.54601791502239,90.19244084071784,31.822588298392912,543.3783854784608,0.5064174651308938,0.6857661052640871,0.9179335716443238,1.0000000000000002,0.7678042996526161,0.9853512593370509,0.5051316965099728,0.6530480076647858,0.9179335716443238,1.0000000000000002,shift_policy,116
600,600,600,0,1.0,55.88337335144386,56.836915429757425,79.18692396161899,23.729491974548232,538.2896669029132,0.5026008933852121,0.6816461782377535,0.9101560647695408,0.9999999999999996,0.7585266521248585,0.9862088895152129,0.5019952483960768,0.6432585168677655,0.9101560647695408,0.9999999999999996,shift_policy,117
622,622,622,0,1.0,57.260406196999455,61.11483954200314,89.18190616880662,22.128626686476874,540.1789694981989,0.5137425660580689,0.7180852715018802,0.9013249787757601,1.0000000000000004,0.7912685403248304,0.999088714209466,0.5208197812053595,0.6620510272053804,0.9013249787757601,1.0000000000000004,shift_policy,118
685,685,681,4,0.9941605839416059,97.6685476380251,101.58483683610467,140.23326232713413,62.336850633640296,602.0539768965398,0.5706864076908914,0.7883701609148402,1.0464005818221007,1.0000000000000007,0.861622132477278,0.9889940364859395,0.5664076174253613,0.6487172392628885,1.0464005818221007,1.0000000000000007,shift_policy,119
647,647,647,0,1.0,72.63485777947758,78.67526467711946,99.88753161948034,44.9125390850612,563.6885773107289,0.5412089640035804,0.7220513826277162,0.9667320703037916,0.9999999999999992,0.7819386599522818,0.9791179212695947,0.5379436246340735,0.6650903330417506,0.9667320703037916,0.9999999999999992,shift_policy,120
639,639,639,0,1.0,67.82917553206981,66.9075085601585,100.93161472316791,39.99198854508368,568.600916424299,0.5210801962898355,0.7342250480523707,0.9897966365834648,0.9999999999999999,0.807616305421,0.9912604677058061,0.5411557111091183,0.6782068832715543,0.9897966365834648,0.9999999999999999,shift_policy,121
593,593,593,0,1.0,63.386875389288335,67.7647830329031,86.00139138829127,26.832691145787187,533.5148497247924,0.5010069352712663,0.6798218495133499,0.8660583604625337,1.0000000000000004,0.7406328789838234,0.9873768413822858,0.5020440127591874,0.6692829692350682,0.8660583604625337,1.0000000000000004,shift_policy,122
627,627,627,0,1.0,60.29860497251972,65.24664707666204,91.21057587260043,30.1150715121556,564.5476749596116,0.5085153118510644,0.7124206102505585,0.9768241627700543,0.9999999999999994,0.7982292395604466,0.9645923099704122,0.5324857711875657,0.6373700228903263,0.9768241627700543,0.9999999999999994,shift_policy,123
605,605,605,0,1.0,58.0749343894516,60.23162303232067,80.67311596536894,28.583597955447487,533.059980513002,0.5064432261561748,0.6882015110440844,0.9094318420963851,0.9999999999999999,0.7578283437512385,0.9874906773389032,0.5068823782504701,0.6615007248914737,0.9094318420963851,0.9999999999999999,shift_policy,124
647,647,647,0,1.0,78.64434920317358,83.5558253197789,114.64740946512063,39.56270897254756,571.1872402545864,0.5404292205671919,0.7261101248442986,0.9531123466575514,0.9999999999999991,0.8092733916856166,0.9896500633270016,0.5525664418823608,0.6740457104360451,0.9531123466575514,0.9999999999999991,shift_policy,125
640,640,640,0,1.0,64.39657263510199,65.42037484741303,96.1806880806626,38.54016650092892,559.4188946836008,0.5329606054205553,0.742882585537106,0.9828155026293316,1.0,0.8078983533516346,0.9950891604292926,0.5280452986300719,0.6522272695430635,0.9828155026293316,1.0,shift_policy,126
648,648,648,0,1.0,72.12468062885695,78.29413631710094,106.04835750109959,36.549968348881855,559.7590010352612,0.5477617286082739,0.7557754044207725,0.9345173349785849,1.0000000000000004,0.8053998326895931,0.9967937548082958,0.5442496816842816,0.6812180508886739,0.9345173349785849,1.0000000000000004,shift_policy,127
617,617,617,0,1.0,56.17174813790394,60.4227323184972,80.02217973125346,28.280677284291663,541.8098586250434,0.5116355863095119,0.7273140735644409,0.9303969435065571,0.9999999999999996,0.7588563423855776,0.9880868063975419,0.5091651762479275,0.6633461533116591,0.9303969435065571,0.9999999999999996,shift_policy,128
630,630,630,0,1.0,58.361506912924,63.7841125078657,92.70510864341998,20.5231470655214,539.1509171486803,0.534165112365129,0.7671968892998027,0.9202998761935048,1.0,0.7944204944704427,0.9964878300758758,0.5204364665448318,0.6493725508044578,0.9202998761935048,1.0,shift_policy,129
602,602,602,0,1.0,58.11180844974165,59.69347829270666,81.26982286267707,27.190984223930773,552.2487034501913,0.4962645048596097,0.7115119561760191,0.9217587030272031,0.9999999999999991,0.7412541700832583,0.9788986998830349,0.4997186330291015,0.6510185077683491,0.9217587030272031,0.9999999999999991,shift_policy,130
627,627,627,0,1.0,72.40303603961827,76.05100294278404,104.72374812864587,28.55976083701662,562.5169516297427,0.5258406343651313,0.7417724425639424,0.9071434823637748,0.9999999999999998,0.805966715890394,0.9926742971815882,0.5282855370060975,0.6576122678666587,0.9071434823637748,0.9999999999999998,shift_policy,131
607,607,607,0,1.0,50.501479381952485,51.33413782410361,67.78634277562827,15.288947399697557,541.8297994132652,0.5102665688564263,0.6906131333349192,0.8881017630251548,0.9990618592164313,0.7678611491625222,0.9952934892946229,0.508653433207659,0.669247451054114,0.8881017630251548,0.9990618592164313,shift_policy,132
598,598,598,0,1.0,59.91725853745215,61.364344899977766,86.33892060923273,28.992765680341815,533.9832599359423,0.5025369471622407,0.70574274996421,0.9065700340618461,0.9999999999999999,0.7466682650991822,0.9878605059586685,0.4954836139424125,0.6462388583085664,0.9065700340618461,0.9999999999999999,shift_policy,133
685,685,675,10,0.9854014598540146,86.91099152122725,87.12981625794254,134.85824639142845,54.16107961357669,607.678627706056,0.5594228062005666,0.7866750009992998,1.0380178126700046,0.9999999999999998,0.8698916779204913,0.9703346437708474,0.5535282083638432,0.6331158623106975,1.0380178126700046,0.9999999999999998,shift_policy,134
623,623,623,0,1.0,60.561212135072616,65.00713637867545,84.12587575328325,32.7073035219987,555.5217512186961,0.5218768890234287,0.7311458522965815,0.9478321588080012,0.9999999999999999,0.7532119570297259,0.9796948881843568,0.521029108839196,0.6775976578117149,0.9478321588080012,0.9999999999999999,shift_policy,135
649,649,648,1,0.9984591679506933,82.5990925390311,90.5737961100431,120.484143192656,57.04602456779442,610.1314668495614,0.5471533286749649,0.733716664121842,1.0281477819684208,0.9999999999999999,0.8190845703844244,0.9682218836222355,0.5437482238420017,0.6521430547885807,1.0281477819684208,0.9999999999999999,shift_policy,136
632,632,632,0,1.0,69.60731336194435,75.64436182806264,96.04468629861344,42.05708597220347,567.9067827263985,0.519728838289016,0.7114973409153345,0.9713328518812108,0.9999999999999998,0.8070910356730525,0.9867271122515523,0.5269284518737989,0.659956600370298,0.9713328518812108,0.9999999999999998,shift_policy,137
616,616,616,0,1.0,74.70529736849649,78.17968766579605,106.82153163645506,41.167416447899626,554.4797844667588,0.5094617516838411,0.6780913280793569,0.93898315437008,0.9999999999999992,0.7841756748265397,0.9859410268075485,0.5158403128866078,0.6375038866720527,0.93898315437008,0.9999999999999992,shift_policy,138
646,646,646,0,1.0,61.58092028359987,67.00622989643927,84.26562362508116,35.78448622302191,554.7041609311128,0.538757334929514,0.7246348050101844,0.9685385988375123,0.9999999999999993,0.8005681329416333,0.994095478463798,0.535974206912771,0.6625129526539483,0.9685385988375123,0.9999999999999993,shift_policy,139
645,645,645,0,1.0,66.88556895982373,72.77581821043032,98.50341450435991,31.097315498462716,568.7297973700588,0.5414634164608387,0.7595292250166883,0.9534921397182274,1.0000000000000002,0.8124307330079533,0.9864299392836381,0.5449974996751463,0.6557209654778438,0.9534921397182274,1.0000000000000002,shift_policy,140
600,600,600,0,1.0,52.23055169089647,52.33479050808438,76.31554079149464,17.571265722658318,529.6146496169496,0.49036645312195704,0.6773869814531837,0.8856412591704984,1.0000000000000002,0.7458155668555226,0.990145962900796,0.5064607727470017,0.664799433011804,0.8856412591704984,1.0000000000000002,shift_policy,141
629,629,629,0,1.0,71.55372508584047,78.43386850066406,102.66972524006366,45.87430728032564,562.7505090145454,0.5254435307454719,0.7244233465508839,0.9658987893670664,1.0,0.7773726896893131,0.9794649126795354,0.5237317595747075,0.6547231594288774,0.9658987893670664,1.0,shift_policy,142
635,635,635,0,1.0,71.56344037767622,74.90024229392145,106.4244306886921,29.658717786747317,565.1717575776335,0.5334019770493772,0.7612850625038401,0.9249779094811029,0.9999999999999993,0.8061463287324814,0.9876363478512394,0.5348293792765935,0.6544247188712077,0.9249779094811029,0.9999999999999993,shift_policy,143
615,615,615,0,1.0,56.383983046334684,58.457473177715,80.67072749843243,33.08011225919215,545.5491171249159,0.5105754650228755,0.6917535518406575,0.9445586459165546,0.999999999999999,0.7510728574147011,0.9686473415057606,0.5129436457355054,0.6572834251759144,0.9445586459165546,0.999999999999999,shift_policy,144
603,603,603,0,1.0,56.6209556346006,58.23142613403664,87.04134884421887,23.414552251418595,540.6024627246372,0.5020289277725358,0.7021537936882473,0.8995453549789367,0.9999999999999998,0.7589956744798289,0.9853194414763473,0.5005872712176148,0.6392164477544914,0.8995453549789367,0.9999999999999998,shift_policy,145
621,621,621,0,1.0,64.03675019157,70.11816443418013,87.62590100852051,33.32662420626407,549.0552548310042,0.5137001258403822,0.7030019006034359,0.9409558598500095,1.0000000000000004,0.7697351308061006,0.9801506312302685,0.5258657042800314,0.6698981901418835,0.9409558598500095,1.0000000000000004,shift_policy,146
626,626,626,0,1.0,65.04995255080449,72.80561198658836,94.13331892958536,24.381703385729814,548.1376815706396,0.5259267512540382,0.7385390384036312,0.8851220313906742,1.0000000000000004,0.7850909077399574,0.987478307365923,0.5194619133748662,0.663591968297569,0.8851220313906742,1.0000000000000004,shift_policy,147
611,611,611,0,1.0,59.41577309399895,66.11128006069299,85.27246054098595,31.57906993310112,552.7938483557825,0.5120332540082353,0.734109214081687,0.9492411938143239,1.0000000000000009,0.7565352360707359,0.9739836779909107,0.5154322646737675,0.6676469832940742,0.9492411938143239,1.0000000000000009,shift_policy,148
634,634,634,0,1.0,67.14140885903326,73.7840072575109,92.4484867636865,27.18743517849579,556.6961605648659,0.5222401123649241,0.6948311604037671,0.9201877144791801,1.0000000000000009,0.7926552950149605,0.9919702141916095,0.523169721421722,0.6370119520800797,0.9201877144791801,1.0000000000000009,shift_policy,149
607,607,607,0,1.0,51.0564660150861,54.44895975814421,77.0561196590383,17.365512073534816,528.7083405586784,0.5179831779943491,0.758077398065258,0.8800552678350744,0.9999999999999997,0.7631069335742684,0.9946905295190817,0.4958496330960769,0.6566901993978173,0.8800552678350744,0.9999999999999997,shift_policy,150
608,608,608,0,1.0,59.43971815127856,63.073052358693474,81.18507514850245,28.098033146170007,535.5484868928,0.5084592914205881,0.686398961299714,0.8909236138724758,1.0000000000000004,0.7733235345667817,0.9850625483223097,0.5054445143434255,0.6559080930408323,0.8909236138724758,1.0000000000000004,shift_policy,151
603,603,603,0,1.0,59.950502656555834,62.75868076090637,81.85793755743583,36.16284264066971,549.7686760014566,0.5033265400237542,0.6360643844107153,0.9319734433055864,0.9999999999999993,0.7524967231774842,0.9852110281900005,0.4979906527003531,0.6514696269580579,0.9319734433055864,0.9999999999999993,shift_policy,152
653,653,653,0,1.0,71.93897839645892,79.33096814800132,104.08809497165203,37.73719709652299,564.4447462014623,0.5531962019001262,0.767340631723514,0.9669000181602438,1.0000000000000002,0.8028785495866064,0.992690052145261,0.5579490662208435,0.6716292313093535,0.9669000181602438,1.0000000000000002,shift_policy,153
631,631,631,0,1.0,63.71760469746379,65.39021643556464,99.94578011417514,30.38191283251936,546.3977178728106,0.5187501258816766,0.7310219173014998,0.9237562540041941,1.0,0.7795510187075367,0.9895160301509061,0.5295077699118867,0.666650300039572,0.9237562540041941,1.0,shift_policy,154
616,616,616,0,1.0,71.69680760752702,74.40753554647941,95.18626580713016,38.817793832305306,537.5484701319082,0.5306344061681865,0.7145514289479501,0.9126040467127479,0.9999999999999991,0.7415272042098227,0.9785232732464156,0.5153741283902494,0.6677165038119087,0.9126040467127479,0.9999999999999991,shift_policy,155
609,609,609,0,1.0,60.209638296233486,62.15189616641089,81.18039463787582,26.99852479901825,541.331154928376,0.5227942093495452,0.7383512690001302,0.9157152251736537,1.0000000000000013,0.7680092913868141,0.9958573509509765,0.5144094095500781,0.6848073267594147,0.9157152251736537,1.0000000000000013,shift_policy,156
665,665,665,0,1.0,72.30624220699904,76.11720659340352,109.74341455136624,35.75613356208047,596.9849748013881,0.5455036229469685,0.7567109456494703,0.9935056114141222,0.9999999999999996,0.8278448606072131,0.9903081327979083,0.555347328010816,0.6587446860258684,0.9935056114141222,0.9999999999999996,shift_policy,157
639,639,639,0,1.0,73.1062110715567,75.7275562953321,109.2596048220268,34.283373070494115,574.0488730577312,0.5400820401690563,0.771314032679229,0.9736852933487969,1.0000000000000004,0.8072821884286484,0.9767739095431549,0.5407545074366081,0.645165193865091,0.9736852933487969,1.0000000000000004,shift_policy,158
629,629,629,0,1.0,63.928657173351645,65.38244819382135,86.4860081469136,25.026855475850688,544.7417030823096,0.5221092171030308,0.7183037283402747,0.9034169957716487,1.0,0.7790014321293597,0.9966007595080026,0.529075128594547,0.6848548367513447,0.9034169957716487,1.0,shift_policy,159
617,617,617,0,1.0,60.85676074205564,63.36508057637985,82.07793451152088,32.94919476061205,538.5185829261007,0.5185436440439932,0.7080040742303331,0.926336635883489,0.9999999999999998,0.7640371611364045,0.9870920668644808,0.509644797393906,0.6541520193684441,0.926336635883489,0.9999999999999998,shift_policy,160
593,593,593,0,1.0,53.47829688978702,53.15405615159801,72.48989803224154,23.59136808162391,523.0564391257974,0.5039812253597064,0.6683393575590402,0.880246902402845,0.9972454920013128,0.7368256232764675,0.9781810344592377,0.49754747384536413,0.6762482614089272,0.880246902402845,0.9972454920013128,shift_policy,161
640,640,640,0,1.0,70.280291837258,74.8765692962719,88.86283782398394,37.13592619550175,553.0366198422499,0.525028384923961,0.68024763189401,0.9379431903771447,0.9999999999999994,0.803009502543287,0.9732632710650452,0.5370675267665431,0.6583663974692061,0.9379431903771447,0.9999999999999994,shift_policy,162
601,601,601,0,1.0,56.1245809605886,58.30212567922183,81.24656009637607,22.97645423743288,542.4310168199232,0.5008306151624494,0.6926382864174743,0.9061872666196917,1.0000000000000007,0.756690845280207,0.9893272977936137,0.4948684322557171,0.636565035774056,0.9061872666196917,1.0000000000000007,shift_policy,163
638,638,638,0,1.0,63.714643171328696,68.65189298083013,92.2715032824351,25.307659936372044,557.1302389503663,0.541371310975977,0.7247364512455828,0.9194754547429831,0.9999999999999998,0.7997714205972364,0.9885887483128674,0.5314732344369266,0.6376320213119886,0.9194754547429831,0.9999999999999998,shift_policy,164
631,631,631,0,1.0,60.49217266431944,64.0977871989341,85.25713512596673,27.755156751942348,547.9593217689937,0.5319988365139383,0.7093810692356258,0.9304345427904431,1.0000000000000004,0.7885412720569964,0.9982678927178876,0.5291652293947271,0.6736537131854444,0.9304345427904431,1.0000000000000004,shift_policy,165
652,652,652,0,1.0,89.72041199149506,96.9202115144002,120.69635787753072,58.51168457726345,585.0795604115181,0.5388197560148956,0.6959240968766052,0.9995614304743804,1.0000000000000002,0.8407631714604605,0.9795521048727005,0.5441190144559256,0.6469648503349139,0.9995614304743804,1.0000000000000002,shift_policy,166
616,616,616,0,1.0,55.78217880068758,55.649496731419845,79.51193611494926,25.97916534063258,549.3358658946299,0.5085355465442861,0.714638692307208,0.9448362737939936,1.0000000000000007,0.7603443998488063,0.9854938589427555,0.5137430063337555,0.6671732455409686,0.9448362737939936,1.0000000000000007,shift_policy,167
618,618,618,0,1.0,48.445515185420874,51.52299976649533,72.75181229351875,19.859560550440737,549.1276800496173,0.5062090541601298,0.7214520566771843,0.9361577110127041,0.9999999999999999,0.7635311324334871,0.9931045363100154,0.5208732927185347,0.6729321129542162,0.9361577110127041,0.9999999999999999,shift_policy,168
646,646,646,0,1.0,75.38021678174638,81.57307462788935,110.184967548685,38.74553600746994,563.48140785213,0.5322997597800422,0.7369313424864007,0.9536798982187953,0.999999999999999,0.8042038941642078,0.9907277501044466,0.5275788841978571,0.6388314774714049,0.9536798982187953,0.999999999999999,shift_policy,169
661,661,661,0,1.0,80.84232240543028,80.16145359494942,133.14944968772858,38.43070026756248,591.2948387101931,0.545897363770551,0.8040061454811841,0.95649408955514,1.0000000000000002,0.8450614784771808,0.9901749501935049,0.5474688566535765,0.6245704271357891,0.95649408955514,1.0000000000000002,shift_policy,170
603,603,603,0,1.0,58.07817793234824,60.75919034430626,76.9125974954215,21.073845204822916,530.0605553917,0.4929522702314222,0.6574131198145806,0.8901573524765959,0.9974723587698101,0.7459246058678713,0.9898836083021967,0.5086583815876722,0.6753846194685238,0.8901573524765959,0.9974723587698101,shift_policy,171
654,654,654,0,1.0,71.43632033246183,74.74856466760303,108.20242124403723,28.543520419768853,568.4403364281973,0.539268306654106,0.784575809234821,0.9511083802985618,0.9999999999999992,0.8262495556310784,0.9964509922863499,0.5443980097413199,0.664640930896812,0.9511083802985618,0.9999999999999992,shift_policy,172
623,623,623,0,1.0,78.43460442794886,81.32921734255157,107.26658806918897,43.501540367634846,562.5358920869886,0.5254053140985459,0.706316472913093,0.9582558807572924,1.0000000000000002,0.797415407566893,0.9906938507948143,0.5173123096569527,0.6388996698082529,0.9582558807572924,1.0000000000000002,shift_policy,173
594,594,594,0,1.0,54.89207253122716,60.53852903050375,80.40350396919081,27.62598601125736,533.657230186702,0.5030309783974803,0.7387472836022577,0.9144379126232379,0.9999999999999997,0.7360343993480823,0.9767257640889352,0.4999765829752905,0.6596418138595994,0.9144379126232379,0.9999999999999997,shift_policy,174
617,617,617,0,1.0,60.38633452074411,63.61194613396901,77.9784201863481,31.69044964349555,553.0205681220134,0.5237125523014746,0.7057699377181063,0.9472982956218821,0.9999999999999993,0.7725761893253866,0.9937702588298227,0.5091984612906488,0.6768674234861247,0.9472982956218821,0.9999999999999993,shift_policy,175
699,699,696,3,0.9957081545064378,84.69886583663762,87.80410586877491,116.49892686251775,52.66538689242349,602.1149765786814,0.5787054191477605,0.7789766549419121,1.0395510048023773,1.0000000000000004,0.8528463609447532,0.9862920607725576,0.5774983984717692,0.6677010831707504,1.0395510048023773,1.0000000000000004,shift_policy,176
601,601,601,0,1.0,51.54814058275222,52.04105171935612,74.05844539595444,21.528542853042268,537.3283776312485,0.49756523269570785,0.6764574442928423,0.8966985073736053,0.9999999999999994,0.7468130152392557,0.9817370510755742,0.49946817799775667,0.6528698060979298,0.8966985073736053,0.9999999999999994,shift_policy,177
616,616,616,0,1.0,64.57319575188174,69.5353834799759,87.5156177689077,30.46950381178437,550.5527447375914,0.5110545947025418,0.7182853595030085,0.9285846253537648,1.0,0.775494449145959,0.9858704494298499,0.5135028718289992,0.6595273358730777,0.9285846253537648,1.0,shift_policy,178
594,594,594,0,1.0,45.925089677658754,47.77203322267309,62.348903096830014,12.002299903200715,518.0356614459852,0.4917494206314116,0.6917040150319741,0.8663654664765676,1.0,0.7283468204354604,0.9973616163712817,0.5010432641288857,0.6761827855855489,0.8663654664765676,1.0,shift_policy,179
653,653,653,0,1.0,88.32455440138884,97.81783381918652,128.11937000769552,52.636751979780975,585.9827632006375,0.5417755199644284,0.7546707295033225,1.0123821803125905,0.9999999999999988,0.8257665519074726,0.993634726950221,0.5422689365623165,0.662255613445428,1.0123821803125905,0.9999999999999988,shift_policy,180
626,626,626,0,1.0,72.25222700976076,77.52632712225503,97.59187242255672,40.416103256232994,552.2312444491387,0.5115933272788151,0.6917659581100376,0.9613031870586684,0.9999999999999996,0.7869743942041618,0.9788792229037435,0.5252509658834202,0.6478057714694693,0.9613031870586684,0.9999999999999996,shift_policy,181
639,639,639,0,1.0,72.48636618001,79.8739405475917,100.38478834613863,49.78634571615482,560.4434263312966,0.539974297035708,0.7375102721373881,0.9853902676906215,1.000000000000001,0.779219050047571,0.9524221341797147,0.5415518327807878,0.6542897373660956,0.9853902676906215,1.000000000000001,shift_policy,182
620,620,620,0,1.0,70.62353647298846,74.52967343430936,104.6190360719093,36.4978064617305,566.9279073508234,0.5124455892790296,0.6923547631466899,0.9633103374289943,1.0000000000000004,0.7886614190494357,0.9860979224801827,0.5132569482996946,0.639485900733976,0.9633103374289943,1.0000000000000004,shift_policy,183
659,659,659,0,1.0,76.21567111283618,82.32513947400895,105.13896405996371,46.783929251538844,586.1075874626131,0.5553591601957141,0.7533251248704744,1.0008369292376262,0.9999999999999994,0.8041842961368982,0.9935450256477477,0.5504380429704199,0.6752668776859372,1.0008369292376262,0.9999999999999994,shift_policy,184
615,615,615,0,1.0,63.331428918248584,66.05734657402445,88.5536809747993,27.0814924207058,536.8680832850765,0.5153166677179043,0.6902407945205987,0.8885376511294032,1.0000000000000004,0.7742003504813789,0.994628013459868,0.5088336215125836,0.6514613287700154,0.8885376511294032,1.0000000000000004,shift_policy,185
662,662,662,0,1.0,76.41910177131035,79.09148882242431,112.14579797153522,43.20804472540118,590.4166805358606,0.549547075568986,0.7566637235679036,1.0055280073167034,1.0000000000000004,0.8340575787231962,0.9848369717749204,0.5538226309770021,0.6426620259695586,1.0055280073167034,1.0000000000000004,shift_policy,186
638,638,638,0,1.0,77.5016578770839,85.69038296857204,104.93698326217788,49.31672885374131,572.1764710563365,0.5323808316841879,0.7335263253017507,0.9991119280029747,1.0000000000000009,0.7826164428664106,0.9836054824933385,0.5360219782583227,0.6651965915434946,0.9991119280029747,1.0000000000000009,shift_policy,187
662,662,662,0,1.0,70.71901733126239,73.8443702981508,104.75772605847925,39.69587071159746,573.7473198647469,0.5462298373941307,0.7890352736804008,1.010095741603934,1.0,0.8241299450365013,0.9990392252265043,0.5557267980841679,0.6643196522224174,1.010095741603934,1.0,shift_policy,188
663,663,663,0,1.0,80.01276527712957,93.67509417220549,111.52477272728464,48.838348997322726,577.1862264030095,0.5451506550329366,0.7442686303609568,1.005075557305252,1.0000000000000004,0.8328267904684469,0.9822671938171753,0.5471485332323482,0.651818958900112,1.005075557305252,1.0000000000000004,shift_policy,189
631,631,631,0,1.0,75.5884530198314,79.14789043249766,109.97297750211777,41.7463881532554,556.2734826876931,0.5316001364193262,0.7265226100730147,0.9456524878542463,0.9999999999999999,0.7956972570734312,0.9878544474774428,0.5222184636299173,0.664376261155829,0.9456524878542463,0.9999999999999999,shift_policy,190
639,639,639,0,1.0,82.37474563869574,87.61335531535275,112.24161702501692,49.805285633393545,567.6272309884913,0.5408998099053509,0.7298901532091823,0.98295802872596,1.0,0.8048104959328217,0.9852657944152728,0.531952718497783,0.6538745875173677,0.98295802872596,1.0,shift_policy,191
603,603,603,0,1.0,58.00655160720759,58.16147841574593,82.57073962455843,28.342406953521945,552.7405861328511,0.49623707579294296,0.6778523465418644,0.9253864031910694,1.0000000000000004,0.7546544790337407,0.9869179845334947,0.5070110732644573,0.6545155772977373,0.9253864031910694,1.0000000000000004,shift_policy,192
601,601,601,0,1.0,61.73813930436499,64.40414597279525,79.63502062055443,30.053858820390552,535.4994891916326,0.5100759935167649,0.7078100719432587,0.9127138027672299,1.0000000000000002,0.7364015084456852,0.9814118823741326,0.49802542693401314,0.6602406188421504,0.9127138027672299,1.0000000000000002,shift_policy,193
643,643,643,0,1.0,78.20567892657854,82.002921297483,107.39777123044001,44.255512810178935,568.1373429931682,0.5354880891701703,0.7346934015396512,0.9666464365036564,0.9999999999999999,0.8114343751977918,0.9826394776496201,0.5359735799342182,0.6485008645087221,0.9666464365036564,0.9999999999999999,shift_policy,194
632,632,632,0,1.0,71.79831782743689,79.88996897124312,101.42706430389615,31.164973921782284,562.555362008619,0.5387775743106222,0.7609245110199704,0.9160052503528213,1.0,0.7920308046617252,0.9912722824509784,0.5298229744455463,0.6711966458834437,0.9160052503528213,1.0,shift_policy,195
655,655,655,0,1.0,73.04023008212576,78.30190537070777,110.116607484805,37.233437200046936,573.4533394073476,0.5497333888029179,0.7939217533891426,0.9939992898855893,0.9999999999999993,0.8332063178338439,0.9998138301721328,0.5497128176221806,0.6705426023564409,0.9939992898855893,0.9999999999999993,shift_policy,196
672,672,672,0,1.0,71.86526015684888,72.70929755295873,110.18617547387686,33.8538549095602,578.4341117554893,0.5610595470112693,0.7796107658819321,0.9414982003237264,1.0000000000000002,0.8406944479794934,0.9881375010498435,0.561603165401277,0.6763698379359607,0.9414982003237264,1.0000000000000002,shift_policy,197
648,648,648,0,1.0,84.3974228116424,90.96074693367768,114.57649593040458,48.82918827079842,576.3026140285882,0.544490232739483,0.690151554897044,0.9615715589382275,0.9999999999999999,0.8103461504172212,0.9827514988992936,0.5423950174723474,0.6506867478501724,0.9615715589382275,0.9999999999999999,shift_policy,198
569,569,569,0,1.0,52.62102437589619,53.87827677116027,76.33821611924157,25.534857533038863,522.2540118608556,0.47241818393289475,0.6388649180326216,0.8713894582988091,0.9999999999999997,0.7151326034352683,0.9718613597716128,0.4782718484675899,0.6582341471317655,0.8713894582988091,0.9999999999999997,shift_policy,199
628,628,628,0,1.0,62.095013534357754,64.43679391709406,85.52473616112229,32.70615833300075,548.4194041980479,0.5264134023232511,0.7405482089695127,0.9519673397536726,1.0000000000000007,0.7681001454954262,0.9790534334053315,0.5179140400528843,0.6533050959079324,0.9519673397536726,1.0000000000000007,shift_policy,200
572,572,572,0,1.0,35.43018537199833,35.847756304431414,53.126792880819906,10.704638108559545,509.47780549101793,0.4864941314309327,0.6861085016698599,0.8696919012075676,0.9950634232644742,0.7135012970162629,0.9932334770517515,0.4814400241698927,0.6778699599880982,0.8696919012075676,0.9950634232644742,shift_policy,201
675,675,675,0,1.0,95.27517167912045,106.803422870492,135.0780588305778,63.175072606253345,589.200935450799,0.5538141254227378,0.7538562298363735,1.034106212978016,1.0000000000000002,0.8330383462510511,0.9965030429048433,0.5603272619235456,0.6572833363110315,1.034106212978016,1.0000000000000002,shift_policy,202
621,621,621,0,1.0,68.72037086224586,72.37177540788375,95.3203012140828,41.08163187542998,557.1715512166363,0.5117626846709087,0.7052358624737598,0.9718145508368637,0.9999999999999999,0.7794372485971355,0.9936776159037691,0.5216157283601436,0.6651827530470457,0.9718145508368637,0.9999999999999999,shift_policy,203
631,631,631,0,1.0,62.32753768005888,66.85612303348813,89.29767838921629,39.97215611719043,571.6586720564962,0.5282133162317765,0.7285836339563505,0.9881048647689213,1.0000000000000007,0.7756100738690503,0.9739902650983651,0.5249016448699597,0.6509537870183338,0.9881048647689213,1.0000000000000007,shift_policy,204
643,643,643,0,1.0,63.44666003157912,63.83034459237024,104.94507815599098,24.562189052201578,558.0647742955174,0.540102647540432,0.7975699136989783,0.9031069624049183,1.0000000000000002,0.7988600581927658,0.9979802720284583,0.5288835594399691,0.6503933415910175,0.9031069624049183,1.0000000000000002,shift_policy,205
650,650,650,0,1.0,72.29467611371861,72.61954280088275,111.67219839658742,28.307095929789565,568.9059809227339,0.5393142313931076,0.7624837887513066,0.9409227851690288,1.0000000000000002,0.8211294487482537,0.9977624548620995,0.5441503624578189,0.6475364220364845,0.9409227851690288,1.0000000000000002,shift_policy,206
645,645,645,0,1.0,71.19713399742308,78.2714760372325,109.63570196287907,34.50272471807917,572.0536036954019,0.5238426379704918,0.7485289004988827,0.9745624451735405,1.0000000000000002,0.8396358713704297,0.9936953749266615,0.5374568563194914,0.6295514710208509,0.9745624451735405,1.0000000000000002,shift_policy,207
657,657,657,0,1.0,64.52093278124256,66.33803355745079,97.2618968092408,38.87099698183689,564.7250959288523,0.5477964961865587,0.7837498313176156,0.9938058936156062,1.0000000000000002,0.8132906103473789,0.9717122161978492,0.5457728382282104,0.6607465684023143,0.9938058936156062,1.0000000000000002,shift_policy,208
610,610,610,0,1.0,58.21768716293024,61.30563079074801,87.49850236546831,31.620458748308828,538.6838073340067,0.5027061731162449,0.6889238888201745,0.9289773737604687,1.0000000000000004,0.7479235192376991,0.9630678557990039,0.5072177825266775,0.6463379489456385,0.9289773737604687,1.0000000000000004,shift_policy,209
625,625,625,0,1.0,70.41396069732438,76.69210402265395,97.00220456213634,41.998959750633965,559.5083999773981,0.5291623377876616,0.7259771858639357,0.9702791236887377,1.0000000000000002,0.7858674138099276,0.9887728981714806,0.5158907519460795,0.6460961032100846,0.9702791236887377,1.0000000000000002,shift_policy,210
630,630,630,0,1.0,66.47550785612293,72.93015620327736,99.53944363349979,23.48213648179101,557.7865650566052,0.5091890145436805,0.7033265295481844,0.9144213438743605,1.0000000000000002,0.8068911255728776,0.9949002490475228,0.5387491917018447,0.6502667172124725,0.9144213438743605,1.0000000000000002,shift_policy,211
627,627,627,0,1.0,66.82386598381022,66.84712898364342,94.68318487494594,29.235972565133583,544.8852338080158,0.5161837251289051,0.7273832617440857,0.9035269747948619,0.9999999999999996,0.7811827514536579,0.9974516923033813,0.5162473729230453,0.6633662229627436,0.9035269747948619,0.9999999999999996,shift_policy,212
638,638,638,0,1.0,78.3011229548098,83.8300024378778,114.35805642225341,45.09646028250203,576.409743637134,0.5314391955395209,0.7216950395894252,0.9715534497505102,1.0000000000000002,0.7969603630410291,0.94830815289973,0.5331590853288711,0.6340718101515175,0.9715534497505102,1.0000000000000002,shift_policy,213
630,630,630,0,1.0,67.97723236483866,70.56116337116157,92.71662813556759,38.39889004391344,580.7150675635602,0.5277464418239179,0.7001412786652812,0.9524916485578254,1.0000000000000007,0.7793329503070942,0.9940579347622929,0.5237994467267377,0.6702245693134083,0.9524916485578254,1.0000000000000007,shift_policy,214
592,592,592,0,1.0,48.30652747465168,49.63362992260588,67.46360627695452,21.54370380615675,534.7967969130423,0.49630654646753664,0.6535505312224821,0.8954713080988208,1.0,0.7434762779744254,0.9924514278924288,0.4915287564255687,0.6423475294850065,0.8954713080988208,1.0,shift_policy,215
632,632,632,0,1.0,59.96751438140758,63.8908023573303,88.2840279352788,37.02630768564351,559.1930764398619,0.5265405791893214,0.7270337685323173,0.9746664765276392,1.0000000000000007,0.7943734536849887,0.9838592068801881,0.5235481670292361,0.6556476830435023,0.9746664765276392,1.0000000000000007,shift_policy,216
657,657,657,0,1.0,75.75740572266774,80.06216657898403,115.64133209498783,34.06558730055961,572.6897579427059,0.5625869966391033,0.7853686624893466,0.9441402367739831,1.0000000000000002,0.8232044584518852,0.983407914915727,0.5456641016818088,0.6359836743823905,0.9441402367739831,1.0000000000000002,shift_policy,217
608,608,608,0,1.0,59.52110717398219,63.46158537569562,83.24680611895002,32.10477171639751,537.5554481832337,0.5073584680773198,0.7244250942107681,0.9240567527760113,1.0000000000000004,0.7542356383377272,0.9936623943215211,0.49775939264124675,0.6566339749036443,0.9240567527760113,1.0000000000000004,shift_policy,218
643,643,643,0,1.0,79.22047989202684,83.15663082810278,112.63673955148374,53.851990319803846,578.5855037304422,0.5420060684891623,0.7660351833519267,0.9936626100059917,1.0000000000000004,0.8150450859570743,0.9770827748099807,0.530793563285705,0.6403387626515161,0.9936626100059917,1.0000000000000004,shift_policy,219
637,637,637,0,1.0,54.15760250205408,56.824562352908686,76.15752538526749,22.22593668731818,548.433974705511,0.5277973072731295,0.731256623068917,0.9136610722345487,0.9999999999999997,0.781751013527922,0.9871250989717748,0.5262197313172514,0.6621937949178298,0.9136610722345487,0.9999999999999997,shift_policy,220
646,646,646,0,1.0,80.52340999853388,85.34158187435568,107.4423574893217,45.88268454314356,573.3302359495748,0.546468798884994,0.7248417253753431,0.9935639340935765,0.9999999999999997,0.8137839242767664,0.9890993196486639,0.5326028281165563,0.6479754789535868,0.9935639340935765,0.9999999999999997,shift_policy,221
661,661,661,0,1.0,80.33484606620893,87.44614041468063,116.15777397732114,55.95558388561743,587.8367176456569,0.5468563302412632,0.7621760713477649,1.0504391018822972,1.0,0.8184350043448454,0.9880111498441371,0.5556419198697149,0.6677945154660712,1.0504391018822972,1.0,shift_policy,222
646,646,646,0,1.0,79.67774667159304,88.38347417201297,114.35697462327238,42.254380051983134,570.9905317256998,0.5413201674112301,0.768367742566741,0.9501656745664001,1.0000000000000002,0.80802282266901,0.9837148508051944,0.5326671008463486,0.6441666435039708,0.9501656745664001,1.0000000000000002,shift_policy,223
653,653,653,0,1.0,77.24154883362323,88.16925946139156,108.00803575175479,42.132180303400695,570.8542505001068,0.5510664186037715,0.7688209028114706,0.9888381416785585,0.9999999999999993,0.8153469479307213,0.9888372844451779,0.5503219860911563,0.6559731577338834,0.9888381416785585,0.9999999999999993,shift_policy,224
612,612,612,0,1.0,63.84539814304203,64.85463639710224,92.84259557132023,35.57859105294965,555.3588670013082,0.5090539027446573,0.6939146320586411,0.9515862929613241,0.9999999999999992,0.7665088535504118,0.9928900598132754,0.5016709385999027,0.6390328724514625,0.9515862929613241,0.9999999999999992,shift_policy,225
617,617,617,0,1.0,68.9283206118085,74.44426800397241,102.41473920853292,34.868874063124295,545.6494971539761,0.5051799972607058,0.718017584083634,0.9333923648473228,1.0000000000000007,0.7701418933285277,0.9893536876166745,0.5097710368193568,0.6292814294434081,0.9333923648473228,1.0000000000000007,shift_policy,226
641,641,641,0,1.0,74.42038697450646,77.55164727923636,101.07285581879802,43.043991030369575,553.2369405821809,0.5378110840547625,0.7386326722264647,0.9449607606095014,0.9999999999999996,0.772079197159349,0.9599814996247856,0.5326360039002843,0.6440811045192923,0.9449607606095014,0.9999999999999996,shift_policy,227
584,584,584,0,1.0,47.05066879760557,49.87257960489808,64.83522180770302,15.84523037303057,519.7328951678527,0.48568294423640823,0.6564358922062717,0.8492475536506293,0.9813894485981263,0.7268944599591484,0.9918167280487852,0.4900268776488142,0.6780733630504655,0.8492475536506293,0.9918167280487852,shift_policy,228
625,625,625,0,1.0,69.84205276318279,69.93606800937033,100.49619738677842,37.986678539538374,560.4592479486182,0.5185169196815971,0.7038188583514009,0.9594047601445265,1.0000000000000002,0.7893775285845244,0.9887235097592103,0.5206573939554016,0.6448695716883908,0.9594047601445265,1.0000000000000002,shift_policy,229
636,636,636,0,1.0,71.09836837510126,78.5538448753517,102.99219337008702,34.38969395175707,562.186238947415,0.5272130875230262,0.7262389680581424,0.9384433198343046,1.0,0.8018814063584406,0.9890334446809581,0.526773731027367,0.6511056865709999,0.9384433198343046,1.0,shift_policy,230
594,594,594,0,1.0,46.92115005130106,44.7106739043046,73.94844689563183,19.06577083680841,524.635646707253,0.49956558062566747,0.7105648699527647,0.8933732949703711,1.0000000000000009,0.7349399618844933,0.9796783958714931,0.4947972826740899,0.6534391964746059,0.8933732949703711,1.0000000000000009,shift_policy,231
624,624,624,0,1.0,56.71537995134501,55.09985418293428,89.2384063954284,27.862671975225375,542.441670356566,0.51596218699452,0.7310480994108557,0.9274173430079536,0.9999999999999996,0.7831320479083651,0.9976104280558132,0.5286202497491747,0.6768016199053025,0.9274173430079536,0.9999999999999996,shift_policy,232
636,636,636,0,1.0,64.07983178231582,68.89294283500055,90.13310897691213,31.55075716008013,549.6863159564354,0.5278887515854569,0.7437501503875585,0.9340385077757959,1.0,0.7937413418888953,0.9901696057973707,0.5278799608147682,0.6816764857718162,0.9340385077757959,1.0,shift_policy,233
641,641,641,0,1.0,55.58130131900471,60.16261700815403,83.70780820813764,27.77255282556889,562.6435834278493,0.5385426897736734,0.7488183538523804,0.9621574969306879,1.0000000000000004,0.7791254391290783,0.9797052134096197,0.5352081242564118,0.6666775223370245,0.9621574969306879,1.0000000000000004,shift_policy,234
632,632,632,0,1.0,61.603169937733114,64.02856447505343,92.70921787554767,25.73307860129094,548.2395887602214,0.5288111473302822,0.7252456895410079,0.9019346428989435,0.9999999999999992,0.8012777716707699,0.9992662271732375,0.5312267510981742,0.6567886503095233,0.9019346428989435,0.9999999999999992,shift_policy,235
607,607,607,0,1.0,64.5367977596717,65.6514102040814,90.19942912062606,33.63942132768021,552.1892226134878,0.4981050615053693,0.6822544296495898,0.9427831696163879,1.0000000000000002,0.7471927110668732,0.984110797357755,0.5071079811573684,0.6785139553362494,0.9427831696163879,1.0000000000000002,shift_policy,236
598,598,598,0,1.0,56.32486892810451,56.46818694755828,80.00773668172866,27.026905713647423,539.3715238526313,0.49978630820455483,0.6984364278367224,0.9042317931393227,1.0000000000000004,0.7393443708209076,0.9920909741033747,0.4936305340053505,0.6700516785669506,0.9042317931393227,1.0000000000000004,shift_policy,237
648,648,648,0,1.0,88.95011670062983,97.90868613247397,122.85604210774483,62.04847950687558,580.7278909506372,0.5373944370506052,0.7188443416570324,1.0076542385995186,1.0000000000000002,0.8201290410152728,0.9532272625776265,0.5449224361176092,0.6522667983255707,1.0076542385995186,1.0000000000000002,shift_policy,238
603,603,603,0,1.0,54.406187867691685,57.94185657653375,76.52729326879052,19.682894250015345,536.7855473463358,0.5060029180444664,0.7104772635977014,0.8872293760519989,0.9999999999999999,0.7593727953818367,0.9869002363213072,0.5092245947793019,0.6695898771789445,0.8872293760519989,0.9999999999999999,shift_policy,239
627,627,627,0,1.0,76.23940160935638,79.94040430422243,100.06482648401129,49.926698757432895,579.2158263722417,0.5229241135905734,0.7120596341292647,1.000795501389933,1.0000000000000002,0.782138870008814,0.9969927684659702,0.5205884347125552,0.6567616770163797,1.000795501389933,1.0000000000000002,shift_policy,240
634,634,634,0,1.0,71.41300381009822,76.065506330559,94.51591708495926,43.11931337102252,555.0479212136314,0.5121111514264294,0.6966447565822208,0.9572236946857593,1.0000000000000004,0.7838517925227666,0.9828875695089149,0.5187550881302913,0.6546770265930151,0.9572236946857593,1.0000000000000004,shift_policy,241
629,629,629,0,1.0,61.88137948474479,62.043003204303886,94.95250786542755,27.49508144322248,562.5071363621228,0.5220063451105782,0.7454503037885732,0.9377887945419447,1.0,0.7894141789856035,0.9871142492992829,0.5166421454645517,0.6389706943198912,0.9377887945419447,1.0,shift_policy,242
667,667,667,0,1.0,89.56679434574117,99.16035075899296,123.60936463859207,53.091326017672564,589.4127926055062,0.5623080286387641,0.7617453051122175,1.0160195158443968,1.0000000000000002,0.8354603770506732,0.9885581735791119,0.5473714708658325,0.6611160161156838,1.0160195158443968,1.0000000000000002,shift_policy,243
618,618,618,0,1.0,67.22339443489119,70.19979503981136,103.38758477153698,32.632504183659584,553.174375386215,0.5191381073871824,0.7162865559725988,0.9222049835694774,0.9999999999999991,0.7791326768801249,0.9831935123008212,0.5290993332399727,0.6720340102433666,0.9222049835694774,0.9999999999999991,shift_policy,244
636,636,636,0,1.0,66.13009036126478,72.22221359908315,96.76707540045106,35.192781645356646,548.9411061590957,0.5249663674409416,0.7010079388008366,0.9426853142407733,1.0000000000000002,0.7976225417971416,0.9922629579055883,0.5341919649877248,0.6781302787594344,0.9426853142407733,1.0000000000000002,shift_policy,245
629,629,629,0,1.0,84.19617106207424,90.72480032513923,127.65443950614906,48.07141986141196,564.7924410228728,0.5388213950223693,0.7429325438371198,0.9571178607472035,1.0000000000000004,0.7983992228361404,0.9826304886698117,0.5175141400686802,0.6314510423020342,0.9571178607472035,1.0000000000000004,shift_policy,246
632,632,632,0,1.0,62.32721794858722,62.68716087104549,90.80567552776773,30.607662821472054,556.324634554287,0.5361122247312989,0.7019989442055917,0.9319038300272992,1.000000000000001,0.785456193856394,0.9904227778856447,0.5216861656774041,0.6694590255113426,0.9319038300272992,1.000000000000001,shift_policy,247
634,634,634,0,1.0,73.69490440906448,77.64702867835024,105.15249171262258,39.00033634030962,568.0561276511328,0.5409939131044378,0.7584358851168241,0.9790103229093553,0.9999999999999996,0.8077244209764166,0.9905373431032238,0.5227826474529116,0.6252878075584698,0.9790103229093553,0.9999999999999996,shift_policy,248
631,631,631,0,1.0,72.38673875078563,79.9957309798857,103.9736450352571,30.484190609151856,559.6670431264386,0.5332646028392657,0.7332200051231519,0.9242161581382182,1.0000000000000007,0.7967141015428788,0.990575758101585,0.5302212602732164,0.6541193396940614,0.9242161581382182,1.0000000000000007,shift_policy,249
633,633,633,0,1.0,64.5701030169249,67.70613644802057,97.38034067029668,39.497278565147695,576.3028724765638,0.5218812316205301,0.7114372837802666,0.9911177872243406,1.0000000000000002,0.7969786730019034,0.9891161204909326,0.5392015650615986,0.6599651692197718,0.9911177872243406,1.0000000000000002,shift_policy,250
622,622,622,0,1.0,65.52544180109568,69.41295261447084,101.94118745369099,38.50072527891959,567.0619173880558,0.5161427996034393,0.7291098437812848,0.9593333864268306,0.9999999999999999,0.7796058408799128,0.9700319220971475,0.5258846981135945,0.6438682926694735,0.9593333864268306,0.9999999999999999,shift_policy,251
660,660,660,0,1.0,84.95799177629004,92.5911799056284,114.40165360946713,59.826743795893826,585.4591047201263,0.5383165725731155,0.7205615330382347,1.0271029898265427,1.0000000000000007,0.8191780251644681,0.9823286216461288,0.5526323768576646,0.667988298395687,1.0271029898265427,1.0000000000000007,shift_policy,252
638,638,638,0,1.0,60.51510899257501,67.09982680991368,85.16967004381871,34.196387411279765,558.6233598837243,0.5257198466450341,0.7345076926716968,0.9727404482552332,1.0000000000000002,0.7806567749427995,0.9814587876197038,0.5253027294746553,0.6663797862606263,0.9727404482552332,1.0000000000000002,shift_policy,253
662,662,662,0,1.0,65.03759473756713,65.6427210454545,97.89540190708249,33.745776408613594,570.0697495028231,0.5543632025369768,0.777350697264522,0.9856907277082413,0.9999999999999994,0.8208383072855976,0.9825187222380323,0.5517265159469046,0.6780417833622745,0.9856907277082413,0.9999999999999994,shift_policy,254
597,597,597,0,1.0,54.532414387183856,55.82008667804919,74.18436193578219,21.869429394405596,528.6324413712522,0.49578773916485874,0.6941507115869127,0.8933448061832158,0.9999999999999997,0.7297333125154714,0.9848563348272273,0.49459691773983694,0.661262824802943,0.8933448061832158,0.9999999999999997,shift_policy,255
628,628,628,0,1.0,63.86823086835263,66.69666668599484,92.8121092477914,37.75723328945255,554.0826673304247,0.5362799864574723,0.7360517923837497,0.9743436253221103,1.0,0.7843647792283578,0.9956149267632105,0.5265891079689387,0.6676922989817194,0.9743436253221103,1.0,shift_policy,256
620,620,620,0,1.0,62.22339572244544,61.207185698965304,92.57729759167876,26.527150066955624,549.8035271838298,0.5020780491397273,0.677528638883306,0.8946896491945869,0.9999999999999999,0.7871162985072586,0.9933399082390043,0.5064750968951331,0.648256965096262,0.8946896491945869,0.9999999999999999,shift_policy,257
585,585,585,0,1.0,50.07112517220511,52.52604291262651,73.24076154995896,19.564546697324385,523.5663033628899,0.48915171995160406,0.6961841622574186,0.8794742824615428,1.0000000000000013,0.7429990277584231,0.9981858463405227,0.49445082602257534,0.6515247867029542,0.8794742824615428,1.0000000000000013,shift_policy,258
654,654,654,0,1.0,78.37305327666238,87.0411174855787,112.55444716504223,39.11622118264491,579.7001491247423,0.5498434721904112,0.7486874069986577,0.9754194924202164,1.0000000000000007,0.8567859976178909,0.9912518406982838,0.5679349307151037,0.676342614609199,0.9754194924202164,1.0000000000000007,shift_policy,259
620,620,620,0,1.0,78.3735334270084,84.13080838117492,105.98728754762374,52.2803995152302,569.3501647129455,0.5170521427097867,0.6799590522311574,0.9818557738311441,0.9999999999999994,0.7828348009450645,0.9604595895901745,0.5118002436903215,0.6336983453747324,0.9818557738311441,0.9999999999999994,shift_policy,260
664,664,664,0,1.0,87.60521991177036,87.69285230196766,129.03455950157638,57.8773132980001,584.510968953672,0.5458421432968693,0.7704931909054731,1.0245907239960874,0.9999999999999991,0.8268388908351347,0.9746634435306446,0.5476948962058632,0.6385808136675903,1.0245907239960874,0.9999999999999991,shift_policy,261
653,653,653,0,1.0,77.66104723568688,79.47359874343073,115.52177281741155,51.575698141518835,592.0186928267385,0.5445609290824289,0.7641883829386877,1.015384790750888,0.9999999999999994,0.8155932596161126,0.9848505068057049,0.5372593461872243,0.6472751863429226,1.015384790750888,0.9999999999999994,shift_policy,262
656,656,656,0,1.0,72.84723342256343,79.2054547626845,96.83393196741343,44.84481768264834,584.0319954508136,0.5469433577990293,0.7756451793680498,1.0092685711579212,0.9999999999999999,0.7974584534055628,0.9857199955197204,0.5454743916313517,0.6700069793862402,1.0092685711579212,0.9999999999999999,shift_policy,263
642,642,642,0,1.0,73.97763166405205,81.34381940383673,98.64827137870861,43.178831565348396,568.9463288935319,0.5296409635257191,0.7131678118888951,0.9768729771005737,0.9999999999999992,0.8010130507064483,0.9879824565072478,0.5369243751543457,0.6652272063530076,0.9768729771005737,0.9999999999999992,shift_policy,264
678,678,677,1,0.9985250737463127,83.11009509459936,89.49538462462618,118.68454608056999,45.43301018151079,609.1560130086312,0.5832493538594802,0.7993460834137343,1.0284856169900902,0.9999999999999984,0.8476539150385761,0.9943104389670576,0.5595996162775092,0.6506735992322068,1.0284856169900902,0.9999999999999984,shift_policy,265
612,612,612,0,1.0,67.44423103188686,68.37817094930688,101.12621202688956,30.411484364493273,545.8559448530141,0.5023101499219786,0.6865209583434494,0.9234726994800823,1.0000000000000007,0.7966605538130634,0.9942772261536017,0.5094446777476823,0.6415625705843405,0.9234726994800823,1.0000000000000007,shift_policy,266
649,649,649,0,1.0,76.62453082292242,79.64311684248173,120.94857802736266,44.85328604493544,573.5766336044421,0.5233114130660812,0.7556946094265772,0.9931824285311164,1.0000000000000002,0.8257803676170112,0.9623158192164243,0.5352109430566654,0.6151638056758508,0.9931824285311164,1.0000000000000002,shift_policy,267
630,630,630,0,1.0,63.123305256891626,68.12420982666819,91.44782914079315,17.200369493904685,554.7765111665806,0.5237108460530583,0.729698367469334,0.888932856736956,1.0000000000000007,0.7929048201494192,0.99503916868761,0.5252999133236465,0.6576515765149034,0.888932856736956,1.0000000000000007,shift_policy,268
601,601,601,0,1.0,57.488387528687056,57.56527346779802,82.12149328057268,23.028457499068452,533.7211445497,0.495991692371038,0.6716133449341466,0.8825422758060532,1.0000000000000007,0.7558140045013314,0.9935230823290939,0.5071798727091127,0.6598960397254178,0.8825422758060532,1.0000000000000007,shift_policy,269
651,651,651,0,1.0,77.36474695883228,83.19864201683873,111.61573421517159,41.227648601767946,566.5072586199002,0.5450511395182742,0.7260363968105735,0.9603535712019907,1.0000000000000007,0.8148954771154551,0.9902006078954415,0.5417872242838196,0.6678406656151203,0.9603535712019907,1.0000000000000007,shift_policy,270
630,630,630,0,1.0,56.99471992337186,58.4953621690039,76.99732581286287,27.254286859148817,549.3360243608217,0.5198713539468757,0.7200365923965646,0.9459325288634705,0.9999999999999997,0.7656169285283836,0.9979870591608583,0.5241546846923107,0.6898779340518367,0.9459325288634705,0.9999999999999997,shift_policy,271
640,640,640,0,1.0,75.51857225243974,82.22742224944241,107.6631828942676,44.293506453779166,569.1337790505185,0.5209083550611041,0.7045029424099002,0.9879864279275608,0.9999999999999998,0.8058390010649529,0.983388292287698,0.5309882079965055,0.6416704484727567,0.9879864279275608,0.9999999999999998,shift_policy,272
593,593,593,0,1.0,47.19622889799021,48.883814502478685,68.98468366557341,18.026234812123345,532.6591326720431,0.4924359219851656,0.6951175914063334,0.9003989944328205,1.000000000000001,0.754690106485794,0.9837242188887475,0.4983999505468899,0.6362418769311551,0.9003989944328205,1.000000000000001,shift_policy,273
639,639,639,0,1.0,66.94593926148755,74.83023679023916,100.80861290783224,29.937417154904303,552.193401606015,0.5216319389933849,0.7592579193595778,0.9266981686154918,1.0000000000000004,0.8011379522223581,0.9956607023812224,0.5269425514614534,0.6451762003210262,0.9266981686154918,1.0000000000000004,shift_policy,274
660,660,660,0,1.0,91.89815534675604,95.0677153433891,134.45769133450295,55.697094308881205,592.601716000212,0.5401055880536364,0.7506725202885203,1.0124312328733567,0.9999999999999996,0.8304961779983437,0.9531559778617031,0.5465480486664351,0.6334870611649986,1.0124312328733567,0.9999999999999996,shift_policy,275
632,632,632,0,1.0,84.7723041202418,93.86924936560834,117.32214141444348,55.73505779481128,584.8318220808607,0.5338895392013133,0.7558014956194086,1.0159312767951343,0.9999999999999997,0.8007631855089443,0.9788060239866646,0.5186217158699153,0.6210033050952612,1.0159312767951343,0.9999999999999997,shift_policy,276
693,693,691,2,0.9971139971139971,92.66045141154916,99.18562227388145,131.0275811823705,64.13211972121523,611.7172128881599,0.5602810247447712,0.7496519836062211,1.0511789551129835,0.9999999999999997,0.870324482627149,0.9846840665409601,0.5781014498206011,0.6515012208137627,1.0511789551129835,0.9999999999999997,shift_policy,277
635,635,635,0,1.0,64.54225236942808,72.47944070979844,89.25310189305412,31.477502264220533,552.7799444920648,0.5337606811148058,0.7262292066332937,0.9335918261698638,1.0000000000000002,0.7976608670330565,0.9864092571981259,0.5197672318677738,0.6403168942850767,0.9335918261698638,1.0000000000000002,shift_policy,278
581,581,581,0,1.0,42.90790858248673,44.48116506662848,63.746362474230864,20.2738362504669,501.41805950554743,0.4828300955249143,0.6848175219035096,0.8607168867961662,0.9986204189675921,0.7002940517542293,0.9620521201592448,0.47807177602056844,0.6500534919987817,0.8607168867961662,0.9986204189675921,shift_policy,279
601,601,601,0,1.0,60.61609076777815,61.901419794169016,84.79018780427606,30.92519844471527,532.2454448760435,0.5033833818011676,0.6613133559645717,0.8968230947800894,1.0000000000000002,0.7509351406036795,0.9812138171934057,0.4973891159826629,0.6488471201569751,0.8968230947800894,1.0000000000000002,shift_policy,280
620,620,620,0,1.0,70.78340348915079,78.54923613936404,97.0206959375663,38.385805146165545,547.2782164790316,0.512172813251693,0.6812794848957923,0.9232808820873092,1.0000000000000002,0.7770223238046621,0.9973603579706728,0.5045577919015944,0.6426264372408114,0.9232808820873092,1.0000000000000002,shift_policy,281
636,636,636,0,1.0,69.8996687882452,74.57060046938233,101.39060802756194,46.835242611885036,585.157682455159,0.5236356747726187,0.7343055217167486,1.0322784923311408,1.0000000000000007,0.7836210307265293,0.9644673053686915,0.5327127041076697,0.6591768895438439,1.0322784923311408,1.0000000000000007,shift_policy,282
646,646,646,0,1.0,71.86261514304577,76.4920912649854,98.38234384263887,34.1762742033868,561.6549299671092,0.5281930533821507,0.6986593777040202,0.949992304516158,1.0,0.7993497115635892,0.9911929096403792,0.5455880732104412,0.6478737841972592,0.949992304516158,1.0,shift_policy,283
611,611,611,0,1.0,64.06657810113828,68.72329515083095,89.82288480384787,35.61075298174292,544.8769333365176,0.5118339635235646,0.7216543078912631,0.9345096459704487,0.9999999999999998,0.7602857890713726,0.989519216727186,0.5059184754743075,0.6598578525545846,0.9345096459704487,0.9999999999999998,shift_policy,284
622,622,622,0,1.0,74.44592395574276,77.37591784691392,99.69267139783398,39.88619409051689,551.6061452709829,0.5186540344680306,0.6785958887699111,0.9224169456142209,1.0000000000000009,0.7767461662361683,0.98721269968097,0.5219158978969587,0.6577011757571527,0.9224169456142209,1.0000000000000009,shift_policy,285
637,637,637,0,1.0,78.32780769908676,83.49749043596839,108.72497088888645,36.076133100924665,569.5290834587236,0.532097861510034,0.7190700699115187,0.9427279612079418,1.0000000000000007,0.8195114191895959,0.997120690170552,0.5266280378041381,0.6286155987519567,0.9427279612079418,1.0000000000000007,shift_policy,286
634,634,634,0,1.0,61.44467119973827,64.35657279700024,82.87680055801667,31.33052551711832,554.0984962053633,0.5345646829080488,0.6938888722192638,0.9425907404829015,1.0000000000000004,0.7911778702787869,0.9888267644435189,0.5272446322320202,0.6629446673310899,0.9425907404829015,1.0000000000000004,shift_policy,287
646,646,646,0,1.0,69.14849371514649,78.94102822757651,99.72384178196472,37.399929050813874,565.2884616646155,0.5396543326221548,0.7582594578323352,0.948182461305662,0.9999999999999992,0.8078357974970521,0.9778917794529103,0.5286260162051568,0.6344219994715018,0.948182461305662,0.9999999999999992,shift_policy,288
637,637,637,0,1.0,68.00076926976195,67.2883653916951,94.54289860207149,38.07243281631643,571.6452680005503,0.534895405011655,0.7307802068911762,0.9849678206707665,1.0000000000000004,0.7860079909638155,0.9949592907688091,0.5350060657278998,0.6569115104050302,0.9849678206707665,1.0000000000000004,shift_policy,289
649,649,649,0,1.0,76.76385606148158,84.38963275179083,108.83182061485661,49.98757595072313,565.5032700734034,0.5475177558922609,0.7457236694125059,0.9807458325846194,1.0000000000000002,0.8004314829681511,0.9972453381054103,0.537437881097637,0.6755506044722861,0.9807458325846194,1.0000000000000002,shift_policy,290
664,664,664,0,1.0,74.68872077101392,81.02930663312415,107.7118750049238,38.60389265908151,576.1705562237166,0.5560997850407218,0.7925044753727793,0.9826087179426167,0.9999999999999992,0.8294027381265309,0.9952454045212588,0.5502427552181671,0.6646216687149962,0.9826087179426167,0.9999999999999992,shift_policy,291
648,648,648,0,1.0,71.98423522907035,79.0661932429386,98.36459622845808,40.734354687400085,575.2198740781079,0.5457162145520911,0.7487944364096208,0.9933836676224126,1.000000000000001,0.8200470021946791,0.9970880251298173,0.5449949761123393,0.6776170911247562,0.9933836676224126,1.000000000000001,shift_policy,292
692,692,690,2,0.9971098265895953,99.2413393208289,103.18244599740513,143.21163928849654,55.76138869051011,603.4766347108538,0.5861753716314337,0.8161351400952812,1.0319354586254212,1.0000000000000007,0.8763038848204774,0.999740454563038,0.5717070095957959,0.6524774782029474,1.0319354586254212,1.0000000000000007,shift_policy,293
615,615,615,0,1.0,59.68642926215686,62.21987553799693,78.25776582676997,25.281112828529928,550.8970501335508,0.5202686110097071,0.6767989253756188,0.9342195031057607,1.0000000000000007,0.7757170865761545,0.9839191784052903,0.5037291464439492,0.6342524029561102,0.9342195031057607,1.0000000000000007,shift_policy,294
642,642,642,0,1.0,63.2477097974453,66.54650532135702,93.73564802510668,37.541016345955846,588.5125934508578,0.5326935409322268,0.7537056325235105,1.0098901201877009,0.9999999999999999,0.8030912014399312,0.9907391438966574,0.5355766196230771,0.6628265389947533,1.0098901201877009,0.9999999999999999,shift_policy,295
663,663,663,0,1.0,63.35413730943675,64.96281219150217,90.73306904919838,32.20460301784936,563.9851051784667,0.5541390248833062,0.7462041023901651,0.9561678018340068,0.9999999999999998,0.8186806225866525,0.9914482477107202,0.5545549623079494,0.6721648733411772,0.9561678018340068,0.9999999999999998,shift_policy,296
634,634,634,0,1.0,69.41770058963135,69.52624783582343,95.86982776682942,38.526355190488694,549.5788100889984,0.536625721662337,0.7203505500323915,0.9459655500897588,1.0000000000000002,0.7838973347595485,0.9889222923046135,0.5312265153045374,0.6726220736047206,0.9459655500897588,1.0000000000000002,shift_policy,297
585,585,585,0,1.0,53.594437748087515,56.918072502529355,73.22132981958845,30.577088594768412,511.40030301939737,0.49128404154217115,0.6577418539650906,0.8704606474270344,0.9999999999999987,0.7078803967679556,0.9840648390500635,0.48339553071178915,0.6794082108790063,0.8704606474270344,0.9999999999999987,shift_policy,298
653,653,653,0,1.0,80.22892213435192,87.1506715467529,116.71016874545296,50.3736324717636,577.0251831309893,0.5379533387858033,0.7462601178597743,0.9999730108947991,1.0000000000000004,0.8189480208591078,0.9702324838754872,0.5376391853189312,0.649266324480955,0.9999730108947991,1.0000000000000004,shift_policy,299
646,646,646,0,1.0,71.67675832443972,75.86179830484883,112.9208852384503,41.74408699588116,590.6125070962307,0.521864372183417,0.7544862353844835,1.0042888609724463,1.0000000000000007,0.8132596836487346,0.9938777075716986,0.5333159238581255,0.6717726448035964,1.0042888609724463,1.0000000000000007,shift_policy,300
624,624,624,0,1.0,69.70098488244577,73.3748090076181,100.82845924493893,40.73229359327946,546.6170677561394,0.5053814712442074,0.7146202654778897,0.9287072747985367,1.0,0.768552551640721,0.9847635734254357,0.517543883582048,0.6673683919182362,0.9287072747985367,1.0,shift_policy,301
591,591,591,0,1.0,54.522952609687785,58.351751181203184,84.99401403492448,15.482793673374905,531.9126946656194,0.48282217204057654,0.7120747834877069,0.8601438052642425,0.9999999999999986,0.7366387737874288,0.9845828923640283,0.5033169143373208,0.6606927679326124,0.8601438052642425,0.9999999999999986,shift_policy,302
655,655,655,0,1.0,67.90050242915595,75.90027119874443,98.00011947992624,37.981931116854376,563.4667089217771,0.544877034926578,0.7754818324201058,0.9838157321394678,1.0000000000000002,0.8076979268549629,0.9943119679613852,0.5428599131972773,0.6620204662647012,0.9838157321394678,1.0000000000000002,shift_policy,303
637,637,637,0,1.0,66.716722349547,72.13007925539685,94.1825904874579,29.77300745537201,559.0643152425857,0.5225655802908514,0.6911854443522438,0.9395316950623896,1.0000000000000002,0.7971441262118291,0.9830981067648119,0.5300611003087734,0.6540946520017941,0.9395316950623896,1.0000000000000002,shift_policy,304
587,587,587,0,1.0,63.97645766186818,67.56385044294959,85.9815249616008,30.465021478195982,532.5803142874164,0.49251160775590846,0.6578187101247344,0.9022095824680547,1.0000000000000002,0.7523246300846731,0.9914865169460952,0.49625385538417066,0.6593948053308696,0.9022095824680547,1.0000000000000002,shift_policy,305
648,648,648,0,1.0,80.57113458610036,86.8146371279741,112.07621168223477,47.73312313010035,568.248058720274,0.542915948155457,0.7461723723952297,0.9662684154758393,1.0000000000000007,0.8125871394279567,0.9901255683290023,0.5484933738947896,0.6735473267079182,0.9662684154758393,1.0000000000000007,shift_policy,306
623,623,623,0,1.0,66.86775171281238,69.40004077035948,98.08957167569218,33.73005647599109,547.3476263707619,0.514507199960984,0.6889640942017322,0.935784788366931,0.9999999999999999,0.7737894271634377,0.995912977512934,0.5201829681641335,0.652712789874154,0.935784788366931,0.9999999999999999,shift_policy,307
650,650,649,1,0.9984615384615385,84.26873127335473,95.39192103912814,115.31793093470225,52.97010134410987,600.4333406693831,0.5430498083956816,0.7253142088653673,1.033486038455776,0.9999999999999997,0.8256573051933752,0.9762479359544083,0.5375938803086403,0.621848597184269,1.033486038455776,0.9999999999999997,shift_policy,308
634,634,634,0,1.0,78.76187590688306,82.6040530637556,114.6811447861823,44.90712476053277,565.8494626311305,0.532067927128208,0.73239407708099,0.9730773266503299,1.0,0.793363006235255,0.985685603522977,0.5422943511062025,0.6642566201296706,0.9730773266503299,1.0,shift_policy,309
583,583,583,0,1.0,50.8858207806812,53.20564339068079,80.04414354889906,20.608173578031074,527.0724542507714,0.48475526216357895,0.6947827137959975,0.8976467015010092,0.9999999999999996,0.73104566655525,0.995842266084396,0.477062499259969,0.6549640700310361,0.8976467015010092,0.9999999999999996,shift_policy,310
616,616,616,0,1.0,65.57012369404664,69.71643781925638,94.42276698160003,35.62370130305555,536.1028491362142,0.5075676021032606,0.6889890305497922,0.9000915160422204,1.0000000000000002,0.7629729690608962,0.9921176423172564,0.5098166499588555,0.6650845155853718,0.9000915160422204,1.0000000000000002,shift_policy,311
614,614,614,0,1.0,72.6283160593139,77.77621299848843,101.2579179851819,40.8675584813973,543.5752734406987,0.5150463535431749,0.6901799835743837,0.9098523684902743,0.9999999999999996,0.7698371257471901,0.9814902793322998,0.5205337885675757,0.6732355247744002,0.9098523684902743,0.9999999999999996,shift_policy,312
662,662,662,0,1.0,77.24714167576558,81.19781546365783,112.18558699579756,52.887235011347876,590.707906616964,0.5446836186641935,0.7442240447653403,1.0343844804765667,1.000000000000001,0.8365502803762072,0.9792997945254281,0.5538462152703592,0.6536525342498664,1.0343844804765667,1.000000000000001,shift_policy,313
626,626,626,0,1.0,66.92985359013261,72.05529966500364,94.4541012795172,40.61320615519519,567.7893186272079,0.5163717010761827,0.7049631226334478,0.9942927001096556,0.9999999999999996,0.7919307508602833,0.9928136235624181,0.5232767398617018,0.6599272430263656,0.9942927001096556,0.9999999999999996,shift_policy,314
639,639,639,0,1.0,66.47792498216721,72.13780514225539,93.47077116731418,29.761471648099313,554.4216278283001,0.5299184265542989,0.6927491397042068,0.9331232125155664,0.9999999999999988,0.8011231025875623,0.9875631566626678,0.5354973052156367,0.6591004651925237,0.9331232125155664,0.9999999999999988,shift_policy,315
617,617,617,0,1.0,68.49262516556529,68.89201055194314,98.88230255958035,28.367737236070123,542.9724285716666,0.5134228029980917,0.6927791631202568,0.8944397332910313,0.9999999999999998,0.7800091062932223,0.9915177182719873,0.5224260523507562,0.6591482739406728,0.8944397332910313,0.9999999999999998,shift_policy,316
698,698,696,2,0.997134670487106,95.12299513697293,103.0270001535938,133.35920860917184,54.731489235518794,601.424055797638,0.5678037875145172,0.7870254060384281,0.998108389825081,1.0000000000000007,0.871012811855637,0.999299691725226,0.582565925220808,0.6599263873681379,0.998108389825081,1.0000000000000007,shift_policy,317
629,629,629,0,1.0,75.76286241951115,80.3208601816956,110.10370444973944,47.52018427439319,556.0105498431282,0.5338277927149013,0.7076704534570024,0.9614016186531152,1.0,0.7715467612636094,0.9710699604975448,0.522613100262574,0.6547778211809918,0.9614016186531152,1.0,shift_policy,318
621,621,621,0,1.0,64.5953669101095,65.48786369958319,90.10101406175733,29.907330395635537,558.8993069057441,0.5155761895408486,0.6940625279427589,0.9398914216694455,0.9999999999999996,0.7770144390389957,0.9742896548389037,0.5186378864124555,0.6436329384135437,0.9398914216694455,0.9999999999999996,shift_policy,319
612,612,612,0,1.0,60.48350868882393,64.67105756332933,87.6633307966344,23.578807597650734,548.6012588989175,0.5127786254854181,0.6907540680308109,0.8958698954798607,0.9999999999999998,0.7833456131689099,0.9808696423911489,0.5194559125111045,0.655865544422311,0.8958698954798607,0.9999999999999998,shift_policy,320
607,607,607,0,1.0,53.40799856380276,53.023976101227134,79.40850381191004,25.7177671754628,550.0691947626502,0.5008163085537093,0.6692065132568621,0.9087157815464334,1.0000000000000002,0.7535863170951662,0.997016122288431,0.5064145713408349,0.66614549894418,0.9087157815464334,1.0000000000000002,shift_policy,321
648,648,648,0,1.0,80.6739502269103,85.28364121419767,112.67379663992455,51.143862804098255,558.8722985187305,0.5448614565446366,0.7712965964064626,0.9832807588921451,1.0000000000000004,0.7966129367922679,0.9973440818778911,0.5376846419752571,0.6690024440546533,0.9832807588921451,1.0000000000000004,shift_policy,322
607,607,607,0,1.0,65.57228268425297,68.70870442049414,95.54250437930418,33.17443605610014,546.0992537702497,0.5139122104443543,0.7270459723054236,0.9269944375957919,1.0000000000000002,0.7564255279338586,0.9824813274877394,0.5221723695317122,0.670813135138997,0.9269944375957919,1.0000000000000002,shift_policy,323
606,606,606,0,1.0,66.0269077064928,69.71121319818621,96.88804479121274,36.0753236723232,546.5165225145738,0.5012546172277279,0.6948806896666314,0.9228240436431584,1.0000000000000004,0.7715750660766902,0.9917634742985608,0.5081472807934996,0.6636360364691509,0.9228240436431584,1.0000000000000004,shift_policy,324
641,641,641,0,1.0,76.93207656500601,83.18484307461478,108.32515268600224,42.12943895924445,562.0014181669153,0.5320697547011156,0.7484482167512294,0.9663660329646788,1.0000000000000007,0.7885112094373093,0.9806891117879859,0.5314288455647243,0.6498361536354657,0.9663660329646788,1.0000000000000007,shift_policy,325
639,639,639,0,1.0,65.55728627894455,72.46529478137177,95.39867601919781,35.24834507081921,559.1026082005988,0.5268763923771668,0.7451518368171113,0.9635650649965971,0.9999999999999998,0.7968344157068487,0.9853883939273004,0.5471079542815727,0.6721640757778842,0.9635650649965971,0.9999999999999998,shift_policy,326
607,607,607,0,1.0,54.4720840977702,55.94670365105776,79.0829385478641,28.31446338887426,531.6988294881621,0.506941690204558,0.7290087273182417,0.9088419881478665,1.0000000000000004,0.7399731812695329,0.9760651837261499,0.4966010036344407,0.654653045559088,0.9088419881478665,1.0000000000000004,shift_policy,327
642,642,642,0,1.0,53.78416327172617,56.99846312433249,79.24592713793999,25.07287688842906,550.7719919106702,0.5283557578637871,0.7275061994869679,0.9280062802827808,1.0000000000000002,0.7805863204533768,0.9933519728222576,0.5316782529909747,0.6703512381823825,0.9280062802827808,1.0000000000000002,shift_policy,328
642,642,642,0,1.0,68.32963844790027,72.89556159208871,100.42492014208125,29.097411367732448,560.3092413646378,0.5410115474613232,0.7698886058561856,0.9455439709904729,1.0000000000000002,0.7945609860662325,0.9871851116478104,0.5474999701787641,0.6641603598899575,0.9455439709904729,1.0000000000000002,shift_policy,329
653,653,653,0,1.0,90.3596891822023,96.4103325467475,126.4225713736804,56.99836632499304,585.6032244362974,0.5437404102553894,0.749311396275056,1.0119882328333882,0.9999999999999999,0.8192838414600874,0.9749982643338876,0.5487278670252309,0.6460634664213941,1.0119882328333882,0.9999999999999999,shift_policy,330
627,627,627,0,1.0,61.84634649074165,67.58577527967188,86.51420633871453,29.4294240928596,545.6718047086724,0.5260588570263786,0.7375863146579624,0.9341235120600314,0.9999999999999993,0.7728573053346696,0.9949317184999942,0.5176443254098132,0.6589954011347398,0.9341235120600314,0.9999999999999993,shift_policy,331
660,660,660,0,1.0,73.66961210213302,79.91395312720212,105.24200539863159,45.76906290622433,569.8339483810088,0.5516518656033487,0.7522840125688497,1.0058330892189788,1.0000000000000004,0.8390375329034173,0.9791168401396149,0.5482509534982108,0.6414184386032591,1.0058330892189788,1.0000000000000004,shift_policy,332
592,592,592,0,1.0,53.94974077254451,56.0698917937234,73.61674345797326,20.88915900970921,513.6641789636111,0.49116308432011235,0.6717912849499156,0.8450992755691309,0.9828207415370934,0.7327631416168343,0.9950132996578396,0.49636705304636697,0.6710054081791312,0.8450992755691309,0.9950132996578396,shift_policy,333
644,644,644,0,1.0,65.24057653846376,70.88695104099185,98.5688101173053,29.54701348421272,570.2018010977512,0.5398032266197914,0.7605575016626929,0.9565138843318761,1.0000000000000004,0.8221518492763824,0.9869314834621901,0.538507945759264,0.6622381994721103,0.9565138843318761,1.0000000000000004,shift_policy,334
630,630,630,0,1.0,63.889130561257616,68.81274318503239,87.52788399472774,39.98177316801684,564.0600879987105,0.5206944714134092,0.7038191932944169,0.9704678497775863,0.9999999999999996,0.7825673824581075,0.9720548088249507,0.5240906154195619,0.6437390750210905,0.9704678497775863,0.9999999999999996,shift_policy,335
646,646,646,0,1.0,65.09946137435824,71.0475810419444,94.5152336191315,29.55107429906642,574.0941414531626,0.5376766642428934,0.7333127877068003,0.9531973664364406,1.0000000000000002,0.8160544717587114,0.9868849313624469,0.5387370676838744,0.6534370480756193,0.9531973664364406,1.0000000000000002,shift_policy,336
599,599,599,0,1.0,53.13885052019488,54.559931516850554,68.93347280980902,19.608859908207265,539.7964864495873,0.49400490146633325,0.6661059415789301,0.8819336317019012,0.9999999999999994,0.7558123151759686,0.9979827671715056,0.5055433767197055,0.6725081552062928,0.8819336317019012,0.9999999999999994,shift_policy,337
588,588,588,0,1.0,46.762174276503764,48.15398861032267,63.39169062923318,17.555788154674403,525.2555006367427,0.49985194769995894,0.6671279232565798,0.8830374507870197,0.9998522836563244,0.7378355674289311,0.9857988517119045,0.48781396619408757,0.6389442538246003,0.8830374507870197,0.9998522836563244,shift_policy,338
627,627,627,0,1.0,68.93379348344374,71.2324455822845,94.16624999017472,38.64088423497124,553.5431340917278,0.5121382341888341,0.7159394837076941,0.9560339352411901,0.9999999999999998,0.77591744016892,0.971760199154686,0.5190112576199799,0.6424151723474186,0.9560339352411901,0.9999999999999998,shift_policy,339
605,605,605,0,1.0,65.09428105785878,68.98707054680301,88.86436107945906,35.5796317622357,575.2912800136963,0.496574427192197,0.668039002182696,0.9704198686942006,1.0000000000000002,0.7545313621031646,0.9724482475000127,0.5004677545570794,0.6277718275844036,0.9704198686942006,1.0000000000000002,shift_policy,340
651,651,651,0,1.0,73.28117339518292,78.11062625746678,112.44724831906848,28.419038946054908,570.8963360200119,0.5434040132264721,0.7841546062772561,0.934508868401033,0.9999999999999998,0.838069852016142,0.9993597148555261,0.5470417328701099,0.6627733155968148,0.934508868401033,0.9999999999999998,shift_policy,341
615,615,615,0,1.0,59.5429009105275,63.52871521894912,87.85576909816956,33.67219060727152,548.7665381918828,0.5156092775314264,0.7101963505110019,0.9509583176409172,1.0000000000000002,0.771904668920674,0.9800340434024262,0.5074541541309521,0.6336196521961264,0.9509583176409172,1.0000000000000002,shift_policy,342
651,651,651,0,1.0,70.82145693247074,68.21261702969963,102.75574090489243,42.32593198978528,566.0729902595097,0.5358374874696358,0.7528494256083357,0.975790563992973,0.9999999999999997,0.8110414726501546,0.992929523369089,0.5325234935278297,0.6612281828681018,0.975790563992973,0.9999999999999997,shift_policy,343
614,614,614,0,1.0,72.968658168758,80.11938788999652,101.9319230031532,37.89455407566845,563.7938983861715,0.5045370201292044,0.702022890522748,0.9447260012808827,0.9999999999999999,0.7797781459228279,0.9878905650494264,0.504334668318826,0.6416897063970753,0.9447260012808827,0.9999999999999999,shift_policy,344
602,602,602,0,1.0,57.94992503662318,58.56002823785707,81.80942293865309,23.69384440530688,527.7434159289958,0.5170092507735473,0.7149903904911791,0.8767903634936256,1.0000000000000009,0.7507835913172927,0.9892373937756265,0.4834179004964715,0.6213244130117839,0.8767903634936256,1.0000000000000009,shift_policy,345
608,608,608,0,1.0,52.213019118887075,53.12289302524138,74.37650921699509,23.24919754200904,546.593532650851,0.5137128279733278,0.7248440812368813,0.9280026202091077,1.0000000000000002,0.750303191410676,0.9903369770039279,0.508777556897789,0.6664729793416944,0.9280026202091077,1.0000000000000002,shift_policy,346
603,603,603,0,1.0,70.68559069824427,77.67134743652116,97.44629424000601,46.791506765986924,561.0146454464807,0.4972106564451497,0.6998112113961512,0.9631368153825631,1.0000000000000004,0.7478316965311143,0.9858693463879076,0.49995222765609654,0.6531329098085166,0.9631368153825631,1.0000000000000004,shift_policy,347
606,606,606,0,1.0,67.50336912288354,69.25266896701757,95.85839808930052,37.07951896499081,544.0289193550409,0.5033946912462403,0.6946419674006816,0.9440606454341309,1.0000000000000002,0.7639948867212893,0.9716853386503163,0.5086466385468456,0.6460963443448239,0.9440606454341309,1.0000000000000002,shift_policy,348
562,562,562,0,1.0,41.237277072021016,39.74843971008113,61.63664929664617,12.075775798976604,510.91873871506203,0.46162671953552337,0.657161640823446,0.8517639326513833,0.9849843259445276,0.6981266451509699,0.9902976783367707,0.46825308602819293,0.6612525169598351,0.8517639326513833,0.9902976783367707,shift_policy,349
625,625,625,0,1.0,67.48153049044302,71.59131281074741,100.5509833477031,43.38681130915937,571.1907325809841,0.5225534331185089,0.7305864615968531,0.9782531933225855,0.9999999999999998,0.792265187979892,0.9615640366527227,0.5287034501526638,0.6504421548851842,0.9782531933225855,0.9999999999999998,shift_policy,350
614,614,614,0,1.0,57.79793794261891,60.923903893922386,82.88149176485439,32.609273356583635,552.5935107972193,0.5073751227090003,0.6803473107827495,0.9391009892100631,0.9999999999999999,0.7651537492173505,0.978779917961054,0.5032614533207264,0.6491195902315599,0.9391009892100631,0.9999999999999999,shift_policy,351
615,615,615,0,1.0,67.6293355794848,70.39899193031272,95.77164563737489,29.476438790383366,544.4847763346476,0.5090678004545958,0.697910527771052,0.8970784024926161,0.9999999999999999,0.7708920897316182,0.9982077886846752,0.5148835977722321,0.6657418884101501,0.8970784024926161,0.9999999999999999,shift_policy,352
630,630,630,0,1.0,66.1387901189786,69.33736297073818,95.5272036158434,33.651088364756575,549.4208969899629,0.5234990651600503,0.7144462540561864,0.9076298519419856,0.9999999999999994,0.7958345277446316,0.9965833229318521,0.523841860284362,0.6675563606364386,0.9076298519419856,0.9999999999999994,shift_policy,353
611,611,611,0,1.0,73.11972372860306,74.83187278212904,100.02735996367113,48.93354775369033,565.1166249282434,0.5134761506508668,0.7020286122382913,0.9765207376877622,1.0000000000000004,0.7505170911788079,0.9644819094522689,0.5034097088538669,0.6474037596532045,0.9765207376877622,1.0000000000000004,shift_policy,354
614,614,614,0,1.0,63.55548244840611,70.71806628794604,87.17763634341895,25.474457769988735,546.507567395078,0.5323507457517509,0.7323171045997556,0.9102568507504075,0.9999999999999992,0.769117085286093,0.9824497819329543,0.5015024710719066,0.6298432343230598,0.9102568507504075,0.9999999999999992,shift_policy,355
642,642,642,0,1.0,91.7795320990198,99.74631769376856,131.35305820024416,64.61832379800991,589.4826852191073,0.5399101807495782,0.7526767011595193,1.0379978485525265,0.9999999999999998,0.7993048871580092,0.9505359476253511,0.5328983924173175,0.6146959216170156,1.0379978485525265,0.9999999999999998,shift_policy,356
644,644,644,0,1.0,76.52718972001806,81.9818503883318,107.61671642836683,50.40701677177958,574.0305408305422,0.5453740638191621,0.7394297551896335,1.0064526108843241,0.999999999999999,0.7980919301114657,0.9863023784505008,0.5237151089622847,0.6443876599954111,1.0064526108843241,0.999999999999999,shift_policy,357
661,661,661,0,1.0,91.76953968465712,101.71908042689824,132.6370215586366,58.50502658579972,586.2551502914672,0.5490249582743006,0.7575647100047437,1.011273439464849,0.9999999999999999,0.822581285919938,0.9737570246048919,0.5490974418976998,0.640039953603033,1.011273439464849,0.9999999999999999,shift_policy,358
687,687,687,0,1.0,83.48544782122731,90.8109582833105,128.0409523947426,52.53811743924535,579.2618869674377,0.5794890378961021,0.7717791802560523,0.9993566312710181,0.9999999999999991,0.8476601892736009,0.982364543083938,0.5792551301372264,0.6693004135971365,0.9993566312710181,0.9999999999999991,shift_policy,359
662,662,662,0,1.0,75.83276351635486,82.55266904382682,109.60725804480188,51.14153344959027,577.9426308564581,0.5473669342160097,0.744628675719666,0.9971681389486869,0.9999999999999998,0.8230306733311997,0.9870765932668796,0.5460162542644882,0.666091708435789,0.9971681389486869,0.9999999999999998,shift_policy,360
615,615,615,0,1.0,60.80917074040569,64.39226220152977,84.84233545819797,26.995451969728666,556.7105842810288,0.512605547217912,0.7122184544887717,0.9189442750653818,1.0000000000000002,0.7682123690067558,0.9931383012536444,0.5084088042926085,0.6501374245508537,0.9189442750653818,1.0000000000000002,shift_policy,361
675,675,674,1,0.9985185185185185,89.18908457775854,96.54140201400546,134.35217527532433,61.29533439474561,602.3075202929786,0.5673714159742688,0.7683032498251842,1.03860790085239,0.9999999999999998,0.8608534944695324,0.9935199569667076,0.562605848843434,0.6665630669593025,1.03860790085239,0.9999999999999998,shift_policy,362
641,641,641,0,1.0,66.83222375512737,70.36493303823431,99.81563636177628,40.36913460756464,574.8013920451975,0.5220440069936496,0.7312805265739762,0.973597380586162,1.0000000000000004,0.8051048155778211,0.9858903752807715,0.5290553330552618,0.6499159293931813,0.973597380586162,1.0000000000000004,shift_policy,363
633,633,633,0,1.0,81.07506158081338,88.92170171807211,111.48827816510021,53.2627591880904,575.9803758060425,0.5192058234381814,0.693139720382299,0.994458571753441,0.9999999999999996,0.8002798775625677,0.9866230460436796,0.5233092744348551,0.6516971100099791,0.994458571753441,0.9999999999999996,shift_policy,364
671,671,671,0,1.0,78.60448913880084,80.29352494709457,126.9579175257245,48.81456007584719,582.9077639255928,0.5722730361570565,0.8642319688139298,0.9962089760688541,0.9999999999999998,0.8406466858266933,0.9886347728865532,0.5442385024832239,0.6301180854097576,0.9962089760688541,0.9999999999999998,shift_policy,365
624,624,624,0,1.0,68.87368629630087,72.15076810156404,96.42143188379907,38.00542668024631,543.934741841216,0.517454538747295,0.6975339140064304,0.9309752399570589,1.0000000000000004,0.758308788034087,0.9906301086989586,0.5205321478658859,0.6578582288012396,0.9309752399570589,1.0000000000000004,shift_policy,366
646,646,646,0,1.0,82.23820626759398,89.92575943437913,120.02817513627565,49.90808756472999,574.587767014558,0.5371652107261876,0.7204120896719735,0.9893635111663178,0.9999999999999999,0.8134017242985836,0.9849604622793742,0.5378625167391298,0.6385645807731701,0.9893635111663178,0.9999999999999999,shift_policy,367
623,623,623,0,1.0,69.49930361817285,70.87826398478154,94.52442554958185,42.06928393321391,581.5052483874313,0.5085119877172274,0.7098502103816148,0.987850324917397,0.9999999999999998,0.7712675338810403,0.9678306535238586,0.5174337658411804,0.665538334864663,0.987850324917397,0.9999999999999998,shift_policy,368
664,664,664,0,1.0,73.03075145638319,75.24935126299363,107.54471338585205,48.432428341710576,573.6188524094356,0.5485847967395755,0.7412474915842487,0.9968009239373515,1.0,0.8107369769506371,0.9974676137949693,0.5650810171893837,0.7015495301816363,0.9968009239373515,1.0,shift_policy,369
615,615,615,0,1.0,61.043169557733776,66.20230605035846,82.82362864345299,35.01591977047099,554.275925429366,0.49532189504976853,0.664840597885773,0.9510534480090987,1.0,0.7699428446278194,0.9716811366791328,0.5258575338571242,0.6523209300244827,0.9510534480090987,1.0,shift_policy,370
604,604,604,0,1.0,53.158118302962144,56.21160839003676,73.9122134631786,18.962303133283324,518.7114819775962,0.509435921295795,0.6884580378946892,0.8614761748094435,0.9816470801911817,0.7581125803045357,0.999999999999999,0.49714436211510643,0.6710560386733793,0.8614761748094435,0.999999999999999,shift_policy,371
673,673,673,0,1.0,92.19963897399154,99.20335134289576,125.86544544858327,65.23315754195126,589.8493389012988,0.5625014594617981,0.7637799715949736,1.0436164369428547,1.0000000000000002,0.8281397296375735,0.9785133552789483,0.5684845999057442,0.6851077320288841,1.0436164369428547,1.0000000000000002,shift_policy,372
614,614,614,0,1.0,59.35396719421361,64.40947894722416,82.87582767749007,34.97840661357375,548.9576664947945,0.5153464911232017,0.7172905795362962,0.9597947152483441,1.0,0.7472938922182378,0.9530117243384039,0.5079716953954967,0.6377124628453954,0.9597947152483441,1.0,shift_policy,373
641,641,641,0,1.0,67.45356918685819,73.54779206626267,98.2548604180663,39.02281580210304,556.6946772159013,0.5326513816416423,0.7403655458644609,0.9706961683121806,1.0000000000000002,0.8024546520268737,0.9869851762806473,0.5271486416845705,0.6393351214848529,0.9706961683121806,1.0000000000000002,shift_policy,374
635,635,635,0,1.0,91.44930201618644,95.12407846985684,124.99617737124294,61.130805632682396,574.1816056547424,0.53344924370825,0.700896421615288,0.9981886569713244,1.0000000000000004,0.8075477706874603,0.9875468491076594,0.5368939822829661,0.6659221106442978,0.9981886569713244,1.0000000000000004,shift_policy,375
637,637,637,0,1.0,73.9298737147968,77.48086767292313,114.10706326111506,34.99688312480371,564.9878524475757,0.5247378743173841,0.73030621987435,0.9549060081248592,0.9999999999999998,0.8109791654418449,0.998498069994192,0.5410895150944118,0.657437225574223,0.9549060081248592,0.9999999999999998,shift_policy,376
623,623,623,0,1.0,55.679431102727285,58.311931727258724,80.6922333149625,21.517408358322456,535.5847858824702,0.5235984340693515,0.7146587769932449,0.8726443006310551,1.0000000000000004,0.7837660842178535,0.9936055777278406,0.5192544519478882,0.6594639800219303,0.8726443006310551,1.0000000000000004,shift_policy,377
607,607,607,0,1.0,59.2382759860634,60.116742471378245,88.20451945741098,28.400052081800297,554.91163345206,0.5093109971750535,0.6947466551478917,0.9425139925444321,1.0000000000000004,0.7635252890751235,0.9891982620187451,0.4992225078128581,0.6404416440393138,0.9425139925444321,1.0000000000000004,shift_policy,378
610,610,610,0,1.0,70.06707579585887,75.13454306874561,96.50854093586679,39.91977356372332,552.2150408126,0.504141608334286,0.7009249291592863,0.9537418671240305,1.0,0.756207030601579,0.9829271078325182,0.5047763603948986,0.6543127804130799,0.9537418671240305,1.0,shift_policy,379
646,646,646,0,1.0,80.88613239447177,82.59357552023477,110.62164288308117,48.946733471082695,577.7606225210325,0.5318372198421423,0.7275918069073234,1.0004349787357485,1.0000000000000004,0.8121430018746751,0.9899198090394536,0.5290164626163669,0.6212868531177587,1.0004349787357485,1.0000000000000004,shift_policy,380
645,645,645,0,1.0,69.48352641125724,75.27238424919955,101.1133951949754,33.13953016240253,562.0338501735712,0.54344693255079,0.7495456792766134,0.9293620902644958,1.0,0.817250365107019,0.9937834932639725,0.5407872683393913,0.6615823199389479,0.9293620902644958,1.0,shift_policy,381
634,634,634,0,1.0,70.15677853112489,76.97820037144808,104.12454244439829,23.472383209102198,555.2855631728733,0.5267899342884386,0.730799199278399,0.9022492517625492,0.9999999999999991,0.795698214466917,0.9925333978069616,0.516860944449001,0.6264372211251297,0.9022492517625492,0.9999999999999991,shift_policy,382
588,588,588,0,1.0,51.003017041071864,52.21423305652016,75.3870128572895,22.46467438586897,520.4294018880705,0.4843973680503511,0.6967699531722895,0.8771388478704558,1.0000000000000004,0.7204727720176017,0.9839852966161161,0.48288862566730145,0.6498991328932916,0.8771388478704558,1.0000000000000004,shift_policy,383
596,596,596,0,1.0,49.99556282158497,51.55309040857986,75.39649931149205,19.401448143549466,525.6497235418989,0.5064212027551763,0.7053505279952446,0.8906035995611026,0.9999999999999996,0.7503853024233966,0.9869544178143327,0.4968125825932336,0.636510749480804,0.8906035995611026,0.9999999999999996,shift_policy,384
645,645,645,0,1.0,77.50841349007503,86.4682678344632,106.79858634047082,39.33569917332179,563.7679542149956,0.5348073806553512,0.7414305788734455,0.9590856106003262,1.0000000000000002,0.8071935366140921,0.9890380729093913,0.5346137493727172,0.6426535206243914,0.9590856106003262,1.0000000000000002,shift_policy,385
615,615,615,0,1.0,61.77932158448741,62.67362387856585,86.04342181555256,36.373826342732286,542.4475467317998,0.5181545277807826,0.6865080001476496,0.9318104305601158,1.0000000000000002,0.7622416920729825,0.983968836863061,0.5200998533624487,0.6884168386827554,0.9318104305601158,1.0000000000000002,shift_policy,386
633,633,633,0,1.0,64.1214874174222,67.60483512440649,89.72921541461028,31.957189354703566,548.3076893458432,0.5348731250297987,0.7213699989229228,0.9201767836594003,0.9999999999999991,0.7729751565433037,0.9749185335387572,0.5331990511501066,0.660681439984811,0.9201767836594003,0.9999999999999991,shift_policy,387
653,653,653,0,1.0,73.99812744460988,82.61333806540199,105.38300020880303,39.74538988263848,568.9078647488499,0.5386916164729305,0.7535432397930322,0.9454564570680863,0.9999999999999994,0.8152255981071225,0.977744240804138,0.5399069637417016,0.6484769090611155,0.9454564570680863,0.9999999999999994,shift_policy,388
655,655,655,0,1.0,79.509879438472,79.72708589551232,114.20673468200062,44.520532672265546,582.1717063737841,0.5411776701919475,0.7565456377709568,0.9925805680006485,1.0,0.8322693686626298,0.9870827276639218,0.5499290113049227,0.6416656223216619,0.9925805680006485,1.0,shift_policy,389
591,591,591,0,1.0,51.16651778230956,51.89645537752875,70.65964524012685,17.96338945100899,526.9783108819378,0.48394998741910045,0.6769927945817531,0.8873575615671961,1.0000000000000004,0.746459941690249,0.9946870219185555,0.48784081666296575,0.645757997198207,0.8873575615671961,1.0000000000000004,shift_policy,390
644,644,644,0,1.0,81.10242090549691,91.16367173847374,109.91508210706075,54.08339923809286,580.9822612079911,0.5294875985015973,0.7308904639295836,0.9902441379812545,0.9999999999999998,0.8150424453450567,0.9828456517170203,0.5314943983408836,0.656495278775392,0.9902441379812545,0.9999999999999998,shift_policy,391
673,673,672,1,0.9985141158989599,80.0914951534227,84.28679828701905,121.08201114441391,54.07416724002623,610.0356270294072,0.5597814733094806,0.8105058776152809,1.0506368454490191,1.0000000000000002,0.8315623181720557,0.9920160735381773,0.5708344292829668,0.7010522513688451,1.0506368454490191,1.0000000000000002,shift_policy,392
595,595,595,0,1.0,54.40900475230945,54.56783698752082,83.76935228030328,19.255607343173022,534.6727327945057,0.5021974471227165,0.7135055914733672,0.881297769977454,0.9999999999999993,0.7401930709955147,0.9784465824179127,0.4963809454100889,0.639868090774056,0.881297769977454,0.9999999999999993,shift_policy,393
645,645,645,0,1.0,67.56915535289347,74.59939497899177,95.11748913508711,38.501318585421465,570.6653280619429,0.5323977064733026,0.7504011887165923,0.983863536930228,0.9999999999999991,0.8047296939633354,0.9974349523097538,0.5300762088608065,0.6602478890688893,0.983863536930228,0.9999999999999991,shift_policy,394
645,645,645,0,1.0,58.47385431171238,57.5929956781369,94.44783328052216,29.497057019566267,553.8600869701053,0.5352761234370857,0.7490633908343667,0.9536298912106982,0.9999999999999996,0.8041134288194318,0.9898944695982606,0.5438559341685385,0.6700324836088187,0.9536298912106982,0.9999999999999996,shift_policy,395
671,671,671,0,1.0,90.14478284698767,87.52366544035544,135.03163868202557,59.95129882153639,596.8179270425674,0.5546179814905572,0.7728200374173465,1.0459131324705415,1.0,0.8416540044259573,0.9688570559860377,0.5538135399220432,0.6293567377860396,1.0459131324705415,1.0,shift_policy,396
613,613,613,0,1.0,64.91197326767187,68.78543087843263,97.7097196047282,34.51969869442627,553.2514966259007,0.5102622502781095,0.6906531230096459,0.9502502803123102,1.0000000000000002,0.7877809248650199,0.9766590693863629,0.5163934979703743,0.613797041879344,0.9502502803123102,1.0000000000000002,shift_policy,397
649,649,649,0,1.0,76.94432111980636,81.97416625090545,104.48030479468417,51.48435857727549,586.7604650232263,0.530051114136184,0.7224990676919947,1.0168305685668575,1.0000000000000002,0.8053071988249672,0.990630585092104,0.5435504739049869,0.6773328373754955,1.0168305685668575,1.0000000000000002,shift_policy,398
615,615,615,0,1.0,51.360679384458095,51.638976818582535,79.19583931285473,16.379042718364513,536.0147785190628,0.5200925338565475,0.7253974648753131,0.891066868880387,1.0000000000000002,0.7709446910823398,0.9863796227271884,0.502642667851073,0.6284562206741632,0.891066868880387,1.0000000000000002,shift_policy,399
629,629,629,0,1.0,77.43853470996521,79.47057301372132,111.15199224453866,45.32978571850806,564.484199601005,0.5124264908133496,0.6824968851505544,0.9704373821668929,1.0000000000000002,0.7880977960457883,0.9968516858895333,0.5145673505876626,0.6459788317256272,0.9704373821668929,1.0000000000000002,shift_policy,400
653,653,653,0,1.0,71.57769099696168,76.06510971525847,105.85684524981411,42.650718541764014,559.1344347405773,0.5446612132149924,0.78468883916829,0.9727690114554075,1.0000000000000002,0.7929278608502437,0.9892913130124814,0.5376700077773446,0.6638622567621119,0.9727690114554075,1.0000000000000002,shift_policy,401
671,671,671,0,1.0,72.64792426871435,72.98553576109663,113.86817766637512,40.579458731672055,583.7070922192776,0.5526345426204492,0.7810922287060816,0.9872182718197391,1.0000000000000007,0.8603147045897697,0.9921764751757415,0.561365594943344,0.6340317926513069,0.9872182718197391,1.0000000000000007,shift_policy,402
612,612,612,0,1.0,71.0316215260199,75.87319106625696,95.82028610576532,43.62517728097936,541.0024629842643,0.5084023318919267,0.6985750182402802,0.9374876101789446,0.9999999999999993,0.7597245246356771,0.9890772870360691,0.5001837436557974,0.6523816135497783,0.9374876101789446,0.9999999999999993,shift_policy,403
647,647,647,0,1.0,83.63160004081315,89.05734916100957,120.29011404169614,53.25950760506587,571.7478532313821,0.5343622506589709,0.7421064242002333,0.989122056354204,1.0000000000000002,0.8054470676610127,0.988639229067929,0.5327598975670916,0.6477226789027958,0.989122056354204,1.0000000000000002,shift_policy,404
622,622,622,0,1.0,71.2105886350408,75.03808638710376,96.47144988831525,33.02466720764389,551.2569423959761,0.5229110270854358,0.6942927939019492,0.9069382119847491,1.0000000000000004,0.7736832618716619,0.9772553014563894,0.5233465080413966,0.6495797050019915,0.9069382119847491,1.0000000000000004,shift_policy,405
584,584,584,0,1.0,50.666307595101756,52.729685084764384,72.15220541689803,26.37227062507578,528.6420240663175,0.4780654626641581,0.6754390404715764,0.9023883244654309,1.0000000000000002,0.7263171070699234,0.9744567380594462,0.485684274978657,0.6375777227323227,0.9023883244654309,1.0000000000000002,shift_policy,406
666,666,666,0,1.0,81.6032609363414,90.1733826907587,117.36803751109807,50.38976284581383,586.1313385087108,0.5606509076504604,0.7711583920439965,0.9930012246862372,1.0000000000000004,0.8368344202739768,0.9778381167317619,0.5496849340961891,0.6379074700166149,0.9930012246862372,1.0000000000000004,shift_policy,407
640,640,640,0,1.0,74.2765997530386,84.29145758718184,107.89474012308443,50.84449954408149,593.1904079119204,0.5247268838148746,0.7408256381074607,1.036819874211739,1.0000000000000007,0.7852097325834243,0.9669276082397682,0.5400717041257367,0.6494631066863161,1.036819874211739,1.0000000000000007,shift_policy,408
628,628,628,0,1.0,71.57495121341813,74.95065299085115,91.72562299029613,44.40490109139408,568.7235351452978,0.5166977626734115,0.7029632978846911,0.9891231783694169,1.0000000000000007,0.770594794555502,0.9864884099149448,0.5279825514255657,0.6535769213293324,0.9891231783694169,1.0000000000000007,shift_policy,409
661,661,661,0,1.0,75.44134865101992,79.21651188781888,103.91573579924119,43.88402876194399,576.1650719599872,0.5522546429002119,0.7296592254248946,0.99563006175392,0.9999999999999994,0.8346940618728185,0.9980674430578018,0.5413362407860183,0.6534627724533978,0.99563006175392,0.9999999999999994,shift_policy,410
629,629,629,0,1.0,85.77547105856132,93.36465573104272,122.1315355051405,54.73295460581644,576.39684885154,0.5288273047814306,0.7450149596264168,1.001148977869035,0.9999999999999999,0.7935224151135748,0.9450589154229988,0.5258405804883117,0.6144716492072193,1.001148977869035,0.9999999999999999,shift_policy,411
653,653,653,0,1.0,72.84005115783546,82.66322208370187,104.2908062061679,34.589624523018706,565.465967970911,0.5451781556406665,0.7551783646857595,0.9495065989269352,1.0000000000000009,0.8151659593038588,0.996021867467962,0.5491151183454985,0.6641577908386462,0.9495065989269352,1.0000000000000009,shift_policy,412
623,623,623,0,1.0,54.716199870366125,57.366482411735944,81.88882402278824,29.645904666040238,557.283718018013,0.5160802648050462,0.7328361137834113,0.950117468102853,0.9999999999999999,0.7873990889667802,0.9883216739170018,0.5091331242004556,0.6440621592158463,0.950117468102853,0.9999999999999999,shift_policy,413
643,643,643,0,1.0,72.47753407277874,73.85595769415409,103.04740165607592,41.00386540282919,562.0388679893665,0.5375134521288768,0.7559864372898382,0.9655539311773308,0.9999999999999998,0.8046464570209183,0.9941509688981617,0.5314277243427153,0.6659923366586716,0.9655539311773308,0.9999999999999998,shift_policy,414
630,630,630,0,1.0,61.801024238420716,64.29469037551345,96.15479052264783,24.500329141535673,547.2180123642945,0.5197417208408154,0.7281323372396371,0.909595083305366,0.9999999999999999,0.791831466100523,0.994706619832049,0.5322396751769398,0.6754653597909457,0.909595083305366,0.9999999999999999,shift_policy,415
631,631,631,0,1.0,52.43802067173332,52.27673550039003,77.1136177428092,24.72514815959616,540.1990644261024,0.5265894323309119,0.7378783257858867,0.9311364972475661,1.0000000000000002,0.7690381508419138,0.9895519613488044,0.5310251614315836,0.677744124032526,0.9311364972475661,1.0000000000000002,shift_policy,416
634,634,634,0,1.0,64.06327158113778,69.87122796664065,98.52557968896906,32.27059284541505,564.3762427148486,0.5264479783203287,0.7369875693119068,0.9736291188694277,0.9999999999999999,0.8095055413541237,0.9662671141538212,0.5292885775491966,0.6297959485613037,0.9736291188694277,0.9999999999999999,shift_policy,417
639,639,639,0,1.0,89.99416249239499,97.58292665656677,124.37739188046527,62.92322932606663,589.6631941377384,0.5311363480123329,0.7224377856852388,1.0176618311803567,1.0000000000000004,0.7981169048336281,0.949564835633909,0.5333051154953731,0.6389683648609594,1.0176618311803567,1.0000000000000004,shift_policy,418
633,633,633,0,1.0,65.0166946761568,68.90517434068443,94.83839860353464,39.58196290439535,552.8535322884528,0.5247753708182151,0.7221243871033243,0.9605772235066624,1.0000000000000009,0.77648244166191,0.9862662669776081,0.5291968472797465,0.6781120982392489,0.9605772235066624,1.0000000000000009,shift_policy,419
650,650,650,0,1.0,80.6983975476997,87.89151595981338,111.7185320850943,42.502547557057134,579.6208178588971,0.5446888897753356,0.7530123671325426,0.9825792209114483,0.9999999999999998,0.8147127003159057,0.9772304343763075,0.5419754037805259,0.6292394617294288,0.9825792209114483,0.9999999999999998,shift_policy,420
630,630,630,0,1.0,72.37000508170655,77.360461150351,104.84094765059666,29.524619425867566,550.2035691066278,0.5276434645772926,0.7368718735412056,0.899333427710415,0.9999999999999997,0.7944642249913929,0.9993631119860036,0.5302285109830759,0.679430531463178,0.899333427710415,0.9999999999999997,shift_policy,421
637,637,637,0,1.0,65.84569889213597,70.18090123948329,92.87748961977638,26.997799780593283,563.4047084299322,0.5194198467535387,0.7259457672011882,0.9294273261368946,0.9999999999999998,0.8052242066234976,0.9891490597326583,0.531354535618413,0.6555256009605017,0.9294273261368946,0.9999999999999998,shift_policy,422
654,654,654,0,1.0,72.92212250267681,77.14731648141913,104.0999375491603,45.228111768785666,576.0757474376146,0.5355914293634157,0.7044496758816104,0.9852284648425108,1.0000000000000013,0.81324041472318,0.9823074347059941,0.5431852916119811,0.637569963815915,0.9852284648425108,1.0000000000000013,shift_policy,423
585,585,585,0,1.0,54.01538336911503,57.121582867616155,74.51218245708566,24.522201745099046,549.5073556964816,0.4943766485295589,0.6882929537087275,0.901363349138883,1.0000000000000007,0.7333770405055783,0.9769948254994506,0.48468391169838726,0.6441692968372504,0.901363349138883,1.0000000000000007,shift_policy,424
664,664,664,0,1.0,90.4441405500795,100.65512121344952,128.3028033833727,54.43772812930239,582.2522099287124,0.5513991477778651,0.74620516615401,1.0135032076970978,0.9999999999999996,0.8277699216155399,0.9844410647816211,0.5556842170818411,0.650598948201529,1.0135032076970978,0.9999999999999996,shift_policy,425
641,641,641,0,1.0,76.03952800543907,80.75033053577738,113.12857711598986,48.63199645339402,555.2294203352842,0.5455849988815433,0.7390242952641989,0.9596615868933409,1.0000000000000002,0.7929468723641903,0.9951821705305186,0.5406768208262503,0.679584343588508,0.9596615868933409,1.0000000000000002,shift_policy,426
622,622,622,0,1.0,69.81088493595556,74.36918472932132,101.5390684892634,38.843416915905685,554.0694251811351,0.5155844693384667,0.7152483768558678,0.9407070807903853,1.0000000000000004,0.7747831524307094,0.9643060170902206,0.5192857989174025,0.6439276514346967,0.9407070807903853,1.0000000000000004,shift_policy,427
604,604,604,0,1.0,48.1496532032523,47.78556368732362,74.98489321015842,14.12151314316355,538.7158364417818,0.51424474762274,0.740481865093519,0.875685905072999,1.0000000000000004,0.7607410573537268,0.9908002412673743,0.5002360587903761,0.6530704000598461,0.875685905072999,1.0000000000000004,shift_policy,428
710,710,687,23,0.967605633802817,101.69163732390378,106.72596024417513,153.18161785450872,60.02593222577153,618.3327412918563,0.6011775318760204,0.8215741296396292,1.0458534365509873,1.0000000000000009,0.9029738449168314,0.9955400578870037,0.5991300088506541,0.6567206463418497,1.0458534365509873,1.0000000000000009,shift_policy,429
635,635,635,0,1.0,66.88347354455514,73.99720485628373,101.68028018749538,39.49590012503226,554.8565806287005,0.5339033303861173,0.7524203639291535,0.9639848404077287,0.9999999999999998,0.8058689078684895,0.99285899725166,0.5390746854132972,0.6696234693886259,0.9639848404077287,0.9999999999999998,shift_policy,430
667,667,667,0,1.0,83.670825310435,95.34325624885537,114.4107760119316,50.21064438502042,574.405258013786,0.5607777281733364,0.7695588779823345,0.9814668981254788,1.0000000000000002,0.828446273540034,0.9893453874142232,0.5547516149089184,0.6524256907336674,0.9814668981254788,1.0000000000000002,shift_policy,431
620,620,620,0,1.0,66.89337216518635,70.48771117707096,99.36057023913321,38.159327260366155,544.8593377425083,0.5172793562626072,0.6836606128202233,0.9435774779600014,1.0000000000000013,0.7763059737384828,0.993789123869786,0.5185124169791733,0.6586739262237882,0.9435774779600014,1.0000000000000013,shift_policy,432
634,634,634,0,1.0,56.166136345418025,62.04748426732016,82.20779535053356,24.307819911758312,543.1025206884888,0.5367297915252164,0.7479751744882138,0.924087696092444,0.9999999999999999,0.7883388958198113,0.9958434011608852,0.5167268094739785,0.6479984176656128,0.924087696092444,0.9999999999999999,shift_policy,433
629,629,629,0,1.0,79.01230222066695,86.48884084676702,108.38018435199996,44.059883262752926,570.4075223638578,0.5323484437047828,0.7315025509562918,0.9767181848807057,1.0000000000000002,0.8013716133560543,0.9912548566339974,0.5208311406051498,0.6306194082290716,0.9767181848807057,1.0000000000000002,shift_policy,434
615,615,615,0,1.0,50.54271385863111,51.281537510224894,82.86562826711798,23.303235795277544,543.6939331192269,0.5127424828602648,0.7390164208632632,0.9099939641181406,0.9999999999999998,0.7613622076928853,0.9927444354779055,0.5195974520776419,0.674671632937491,0.9099939641181406,0.9999999999999998,shift_policy,435
638,638,638,0,1.0,61.69286703373259,66.11609370547306,89.06485426877612,24.394715892049994,551.5744648438051,0.5380694409348367,0.744182775324745,0.9173552415187322,1.0000000000000004,0.7868181640859115,0.9941941958537395,0.5288576880913813,0.6730362557247205,0.9173552415187322,1.0000000000000004,shift_policy,436
635,635,635,0,1.0,70.51832841965825,76.15253524096022,92.15011532247149,33.55729388435608,575.8189069403654,0.5222632870664174,0.7140388145091194,0.9595065879202523,0.9999999999999992,0.789343926371362,0.9946154004341201,0.5247763835642043,0.6675324322128398,0.9595065879202523,0.9999999999999992,shift_policy,437
602,602,602,0,1.0,68.6516191748628,72.98335384071652,97.11330911811808,28.799740590895876,553.2772880287538,0.5067598669048087,0.7076279634316167,0.8833110172196518,0.9999999999999994,0.763374632605374,0.9941516232303182,0.4975933782797003,0.634694838112697,0.8833110172196518,0.9999999999999994,shift_policy,438
637,637,637,0,1.0,73.40224321757316,79.3909005008332,102.08192854706908,43.32993597751179,566.2682211949877,0.5339284966677661,0.7298184432932524,0.9687347696750723,1.0000000000000002,0.7924110827196248,0.9887991593106346,0.5165367452140656,0.6235241190397044,0.9687347696750723,1.0000000000000002,shift_policy,439
649,649,649,0,1.0,77.47663988112537,83.66994602897358,112.27485686393925,46.75967839121598,564.4684133151956,0.5335889001211428,0.7420559924667274,0.9825328033829125,0.9999999999999996,0.8060979976654785,0.981964861384088,0.5420838693813603,0.6620690779547141,0.9825328033829125,0.9999999999999996,shift_policy,440
604,604,604,0,1.0,48.03884802061095,48.92952821734019,69.38618018122247,21.020616029553167,518.8143595976761,0.5039511183310244,0.6814974946187706,0.8740390385897931,0.9999999999999999,0.7395901039287013,0.9885807460937203,0.5011761131514073,0.6775489549378375,0.8740390385897931,0.9999999999999999,shift_policy,441
623,623,623,0,1.0,68.59882563894634,74.71824813018728,98.70933199458005,28.306175249657763,559.5444458792787,0.5220121465519173,0.7522876082048537,0.9246944401185888,1.0000000000000004,0.7964487797131002,0.977877687471456,0.5080988826925524,0.6273306718746554,0.9246944401185888,1.0000000000000004,shift_policy,442
631,631,631,0,1.0,66.55677365828488,70.53219037766473,92.45986260266722,42.598394670977086,574.157229348343,0.5176577050067351,0.712754159705867,0.9950478513016064,1.0000000000000002,0.7962568432588126,0.983977650885644,0.5445090130344867,0.6772993746238838,0.9950478513016064,1.0000000000000002,shift_policy,443
633,633,633,0,1.0,63.69314726049986,67.56794410033939,90.05081581697732,33.05631594450795,555.1563257117164,0.5154950901870518,0.7230153747610684,0.940375038605666,0.9999999999999997,0.8027871012535899,0.9977944898578428,0.5212089269147245,0.6632673440388794,0.940375038605666,0.9999999999999997,shift_policy,444
602,602,602,0,1.0,51.25065735157403,54.540623072409744,72.41304289937631,24.374606060984927,531.7276772936547,0.49610593450556906,0.7091058214144632,0.9070065836289469,1.000000000000001,0.7435597551564878,0.9833360716592521,0.4927781425146327,0.6591275248005968,0.9070065836289469,1.000000000000001,shift_policy,445
591,591,591,0,1.0,57.65620800686205,58.4949004695884,82.2251890775276,33.59610428300075,531.8095264123441,0.5001336617363841,0.6825643411964424,0.9105874005787661,0.9999999999999999,0.7313214538361263,0.9872224904203821,0.4940474138190842,0.6687103226411596,0.9105874005787661,0.9999999999999999,shift_policy,446
622,622,622,0,1.0,74.85871926265851,77.01973004781189,98.39481269506501,42.347570161293625,559.3220764297722,0.5209022915385417,0.6849390435755522,0.9477578382978504,1.0000000000000004,0.7727228457992198,0.9961356276916148,0.515292251759974,0.6446228589350856,0.9477578382978504,1.0000000000000004,shift_policy,447
613,613,613,0,1.0,53.63535926920132,54.153763393839995,77.90128769440463,29.510181307908688,536.42606969594,0.4951398455305244,0.6874634860643717,0.9226719393184565,1.0000000000000009,0.7497636815368234,0.9725557997617352,0.5191858617077051,0.6677328389062087,0.9226719393184565,1.0000000000000009,shift_policy,448
654,654,654,0,1.0,64.7470253166717,70.39088727160947,95.38871888751356,28.249759840126316,577.4461574666684,0.5430176205321384,0.7541859285141366,0.9706041228902189,0.9999999999999996,0.8159781990469395,0.9857092570848597,0.5409211187697148,0.6541213739693356,0.9706041228902189,0.9999999999999996,shift_policy,449
623,623,623,0,1.0,69.3476814287921,70.07053072425037,104.75488155583184,36.089460658766505,553.7070707641187,0.5090919386061324,0.690863523877179,0.9473365571427362,1.0,0.7826665101103838,0.9853988388643702,0.5224927229436935,0.6422048580258699,0.9473365571427362,1.0,shift_policy,450
636,636,636,0,1.0,77.55994682914086,81.30876534815644,113.66638036245132,48.69934844396136,571.8267847455556,0.5317685716676487,0.7539804537785596,0.9935236603663239,0.9999999999999998,0.7911808614214708,0.9969753280022247,0.5225614479640849,0.6523215057904092,0.9935236603663239,0.9999999999999998,shift_policy,451
634,634,634,0,1.0,72.13361950072041,76.3484474603635,100.78644176501359,46.21631966879432,556.1497020535771,0.530988789542914,0.7170909401726059,0.9713043158986104,1.0000000000000004,0.7809319488135202,0.9629607711959195,0.5337705990881719,0.6804797725944316,0.9713043158986104,1.0000000000000004,shift_policy,452
628,628,628,0,1.0,72.4067137331762,78.27901780872969,97.17847742418664,34.10641440176994,552.8687623286256,0.5331360857169144,0.7339079624903118,0.9232082114952271,0.9999999999999993,0.7881318585479323,0.993870356272089,0.5127833658358175,0.6361648851755428,0.9232082114952271,0.9999999999999993,shift_policy,453
631,631,631,0,1.0,61.59157663742532,65.18253300952261,80.71956295539019,26.50051338606921,546.1559318990742,0.5383382314214427,0.7398460081451862,0.9086969493402979,0.9999999999999999,0.7796710215715918,0.9946457788371601,0.5249347132879396,0.6827635209788497,0.9086969493402979,0.9999999999999999,shift_policy,454
648,648,648,0,1.0,77.08411030968311,82.49805857057262,109.36694030875879,45.01497259309336,571.1227905972527,0.5374116752944587,0.7311098633618427,0.97719823286135,0.9999999999999998,0.7979045024813209,0.9886596074734813,0.5457018676828207,0.6623026373195735,0.97719823286135,0.9999999999999998,shift_policy,455
593,593,593,0,1.0,45.855611150030576,47.70866738744189,68.74333753983319,6.336625037850251,524.3716123005129,0.48939180822766815,0.6945342549532973,0.85448624244023,0.9740707176585125,0.7474513998843427,0.9920441524283732,0.49813988916618696,0.6458214430518497,0.85448624244023,0.9920441524283732,shift_policy,456
618,618,618,0,1.0,71.89283882863067,75.25541639215038,93.03697715020661,33.65721255674755,555.8135344785728,0.5095694063823972,0.6819673868220348,0.9207623614100077,0.9999999999999997,0.7762994124012333,0.9781675413418187,0.51746454372831,0.6520386238575743,0.9207623614100077,0.9999999999999997,shift_policy,457
610,610,610,0,1.0,57.392236590029704,63.74045528014523,87.87728117391873,23.22769805555502,537.9291838555854,0.49005577882537193,0.7116505942214048,0.9008891372131427,1.0000000000000009,0.7521901787741214,0.9900663316417022,0.5175203694673121,0.6765214515412492,0.9008891372131427,1.0000000000000009,shift_policy,458
657,657,657,0,1.0,68.21650460336633,70.9517329188539,104.89250584490253,37.587972066644994,577.1672692036245,0.5394746149380216,0.7656463766042808,0.983888346141195,1.0,0.8136512507585116,0.9965405632123626,0.5390701405012049,0.6499006211584,0.983888346141195,1.0,shift_policy,459
607,607,607,0,1.0,74.56779454534895,77.3273585231668,107.91097716634431,42.20499495664092,558.0251751737125,0.4901205728545275,0.7043130194603874,0.958729878775797,0.9999999999999998,0.7665919531278088,0.9915132041009014,0.4968575943703354,0.650139880648321,0.958729878775797,0.9999999999999998,shift_policy,460
626,626,626,0,1.0,69.95022213274679,72.51728371514236,97.3043259516906,31.658062048902202,555.6831304655179,0.5120010542640268,0.688583618264849,0.9118267199422225,0.9999999999999994,0.795224350089162,0.9806057364345429,0.5219877737106415,0.6527242343906992,0.9118267199422225,0.9999999999999994,shift_policy,461
621,621,621,0,1.0,59.296644263247515,63.07906648344087,92.65525895422451,25.948464118426017,542.6998366676688,0.4994157516784446,0.6920251315004801,0.9082878498974855,0.9999999999999998,0.7821060522646345,0.9823651647568321,0.5139647916085295,0.640153088014079,0.9082878498974855,0.9999999999999998,shift_policy,462
633,633,633,0,1.0,67.69945357681927,71.4456907428455,96.0065135748709,39.292094533604335,558.4673443731753,0.5189134355377062,0.7256070100036323,0.9494379140778768,0.9999999999999993,0.7984665952975,0.9862886099168454,0.5344745858578002,0.6743182215642076,0.9494379140778768,0.9999999999999993,shift_policy,463
638,638,638,0,1.0,76.64843345156198,85.49555950720759,112.20380633775255,32.193320639076795,566.8482892395269,0.5292081606576381,0.7254855252065692,0.9367498643438903,1.0000000000000004,0.8175159800957885,0.9941571246873938,0.5208038902819974,0.6215083938232047,0.9367498643438903,1.0000000000000004,shift_policy,464
667,667,667,0,1.0,83.87909664208867,84.51180395864412,125.88970545943096,49.67528685948174,592.2471455988067,0.5472093619744847,0.7658278136988397,1.0004152558105137,0.9999999999999994,0.8507233970500591,0.9953417938820334,0.5468287256566167,0.644404665880269,1.0004152558105137,0.9999999999999994,shift_policy,465
618,618,618,0,1.0,50.616354484149106,48.90698971696244,82.68207077316958,18.16829868228409,543.4995690490297,0.5159889095668038,0.7591187246255204,0.9221615245719895,0.9999999999999998,0.7795109395871759,0.9885772072743682,0.5107559348629807,0.6376032218042352,0.9221615245719895,0.9999999999999998,shift_policy,466
637,637,637,0,1.0,70.0724412108805,71.73641270228993,101.22862228381018,38.091195478070965,563.7569152784,0.5406739485927886,0.7560747264349749,0.9700834821344747,0.9999999999999998,0.8064444898837951,0.9937872342658177,0.5268920365321046,0.6474313513707379,0.9700834821344747,0.9999999999999998,shift_policy,467
641,641,641,0,1.0,69.63861644295044,74.60865118314382,93.5003556388341,40.9308003134361,594.462994317149,0.5300194002700703,0.6991972287894407,0.9901157322911387,1.0000000000000002,0.7995554728952733,0.9962032566748631,0.5265107880822375,0.647385546470859,0.9901157322911387,1.0000000000000002,shift_policy,468
619,619,619,0,1.0,70.38288978309438,74.05048611766364,98.16960302164057,35.927828334452904,554.6052382624931,0.5264976897305553,0.7027764642834369,0.9113772330305387,1.0000000000000004,0.7820256965545666,0.9753692422330601,0.5159361781996931,0.6450523163675671,0.9113772330305387,1.0000000000000004,shift_policy,469
633,633,633,0,1.0,72.481744263464,76.47860028402613,105.10720864836799,29.736635008829587,557.7967583328376,0.535713352621599,0.7165226111172824,0.9081486362837392,0.9999999999999986,0.7956898514950503,0.9849064202493811,0.5186362609679559,0.6449409709969509,0.9081486362837392,0.9999999999999986,shift_policy,470
653,653,653,0,1.0,73.44035862772357,80.46883328329079,99.46516460870521,31.75243494381297,575.3231875419445,0.5307583551887982,0.6941141522670339,0.9322340837905865,1.0000000000000002,0.8330922017001381,0.9934560278064598,0.5441657531793286,0.6348087451557591,0.9322340837905865,1.0000000000000002,shift_policy,471
638,638,638,0,1.0,73.36346846778719,76.95743069675714,101.09430827912797,35.74382338069305,579.1816708081868,0.53197073601838,0.7117453355711751,0.939940356560257,0.9999999999999997,0.830368004450148,0.9862682907843948,0.523297242435624,0.6302083501312709,0.939940356560257,0.9999999999999997,shift_policy,472
611,611,611,0,1.0,56.048493714558596,59.839739880163336,80.00522643595679,24.670344887506165,536.5875385534504,0.5152861754719577,0.7145828998781253,0.9030676818827087,0.9999999999999994,0.7495608986727322,0.9757518598778036,0.5228018949178441,0.6618457278951915,0.9030676818827087,0.9999999999999994,shift_policy,473
650,650,650,0,1.0,68.36206329349751,77.85729412544913,101.7073588497754,34.36255159558046,569.8967260474246,0.54001967741401,0.7620978499185694,0.9451959275676618,0.9999999999999999,0.8149058551689016,0.9890717418702369,0.5492326016282264,0.658158237364286,0.9451959275676618,0.9999999999999999,shift_policy,474
641,641,641,0,1.0,74.83547298467933,83.0627013056486,109.24163473352706,34.61709887734724,565.1544029909695,0.5312894099987899,0.7685134644064834,0.9459179565704166,1.0000000000000004,0.7942501114377744,0.9840002036593106,0.537748608477895,0.6724507697945054,0.9459179565704166,1.0000000000000004,shift_policy,475
672,672,672,0,1.0,84.9547814576417,88.00979700880063,129.06520682217848,44.214340679510286,590.0411048618178,0.5587362088784004,0.7706933437122135,0.9983514728960813,0.9999999999999996,0.8778928625689711,0.9853155133524552,0.555759165796176,0.6125084003997477,0.9983514728960813,0.9999999999999996,shift_policy,476
615,615,615,0,1.0,65.3374535909031,67.71279928519795,88.954679681529,37.446304439469365,552.0663910724763,0.49837306272456433,0.7087432921983368,0.951541333957951,1.0,0.7668412145773588,0.9816170774920263,0.5095737329177066,0.6384171612733831,0.951541333957951,1.0,shift_policy,477
566,566,566,0,1.0,56.09627977349015,56.087241316415884,80.8334036877726,24.522047968184964,526.7166675515091,0.4818331762137296,0.6509140961989758,0.8634798986447662,0.9912940162115281,0.7107189660858141,0.9912301059846562,0.4694970262956295,0.6399800995826688,0.8634798986447662,0.9912940162115281,shift_policy,478
622,622,622,0,1.0,54.52682917901411,58.77130222804087,78.90605120085809,21.351311165106488,542.3898668578813,0.5127224699942884,0.74673315944564,0.9229174483130229,1.0000000000000007,0.7772711696457777,0.9918052669071152,0.5112777857252379,0.6619002067821771,0.9229174483130229,1.0000000000000007,shift_policy,479
645,645,645,0,1.0,72.3647289960658,75.33436879910101,105.29961136296572,36.52223632604535,556.9352384174548,0.5421073304913635,0.742395625946592,0.931551230411046,1.0000000000000004,0.792676014386567,0.9740291963918281,0.5351699252021934,0.6672267816310807,0.931551230411046,1.0000000000000004,shift_policy,480
647,647,647,0,1.0,70.61478339207754,77.10503879883225,100.39272263535855,33.171532492072316,569.2227641517961,0.5509203417512285,0.754018830270296,0.9503425194133504,0.9999999999999998,0.8123908699209346,0.9904232988147063,0.5379840336943101,0.6455457700991236,0.9503425194133504,0.9999999999999998,shift_policy,481
663,663,663,0,1.0,89.540069791128,94.62809449971533,120.72182505166381,54.33656336709098,576.67087176475,0.548116179964565,0.7357621564798665,0.9858113433375884,1.0000000000000002,0.8168134874499378,0.9840457091495372,0.5597921805522392,0.6581978891984009,0.9858113433375884,1.0000000000000002,shift_policy,482
616,616,616,0,1.0,68.48136843791897,69.9976120222814,89.25609538083262,40.259517590095996,566.038440109132,0.5190755297215487,0.7162179819490012,0.9528071018535653,0.9999999999999993,0.7682916893491779,0.9975256363975561,0.5110916096422358,0.6714006798191441,0.9528071018535653,0.9999999999999993,shift_policy,483
642,642,642,0,1.0,75.6350679950442,84.24623339199746,113.91933349041835,47.972764462470685,568.9276649890547,0.5333388028381674,0.754687554546279,0.9816368291113098,1.0,0.7960268629514681,0.9786747957953069,0.5286126254685285,0.6277024814206903,0.9816368291113098,1.0,shift_policy,484
651,651,651,0,1.0,75.05600458632163,78.87025754677603,117.73186105631618,48.982998289926115,576.336764367524,0.5468535869797018,0.7646820668955403,1.0066680221561706,0.9999999999999997,0.8069816432149219,0.9771106120580811,0.5451688284112319,0.6460706985020976,1.0066680221561706,0.9999999999999997,shift_policy,485
655,655,655,0,1.0,80.64342286460548,89.67224036541987,117.884603466317,48.91246274303648,596.0889523794942,0.5560568000654343,0.767352642857871,0.9886954193471507,0.9999999999999994,0.8243745227303652,0.9914312048166258,0.5504585606937247,0.6428785056405188,0.9886954193471507,0.9999999999999994,shift_policy,486
630,630,630,0,1.0,68.2617284884891,70.07004897016702,93.42579596387179,36.2717778033589,554.4703636620025,0.5199864205749465,0.7154569946703311,0.9579996060373083,1.0000000000000004,0.7875252363818648,0.9851539070517199,0.5161487148973578,0.6359144699993491,0.9579996060373083,1.0000000000000004,shift_policy,487
651,651,651,0,1.0,70.76032432711109,77.80354733441962,105.3076842008935,39.39153011609444,564.3373247646881,0.5514951762145835,0.7367198636920208,0.9543902644059584,0.9999999999999998,0.8026495288014182,0.9733463211344889,0.5347275353593461,0.6397958915892378,0.9543902644059584,0.9999999999999998,shift_policy,488
642,642,641,1,0.9984423676012462,66.82646437721378,73.80437920212887,92.6931852567073,42.441366767575964,603.1147682086299,0.531986986772644,0.7042883532472279,1.0186884762992472,1.0000000000000004,0.8024079062307937,0.9925332098168655,0.5314247496627746,0.6474605759199289,1.0186884762992472,1.0000000000000004,shift_policy,489
615,615,615,0,1.0,62.82899190417421,67.23395550225834,87.84086770246995,33.343508805392524,540.6421223278559,0.5054044231260633,0.6922220088650345,0.9376763114818837,0.9999999999999999,0.756391786504688,0.9708473418776751,0.5113444944527028,0.6479749340990596,0.9376763114818837,0.9999999999999999,shift_policy,490
665,665,665,0,1.0,84.08651367459294,94.14937388699676,117.66181815156358,49.45466902243954,587.4227879115189,0.557481404860032,0.7642166088123471,1.0255940377566528,1.0000000000000004,0.8254490701574694,0.9815956008976936,0.5493613547519779,0.6376239617629752,1.0255940377566528,1.0000000000000004,shift_policy,491
669,669,669,0,1.0,70.7947004696017,70.58818706035254,107.8100216847094,45.13133039434087,566.7035647960204,0.5583695838245324,0.751129582155538,0.9913032426470392,1.0000000000000002,0.813080319692354,0.9657683427409133,0.5573021198856947,0.6606560813447107,0.9913032426470392,1.0000000000000002,shift_policy,492
592,592,592,0,1.0,42.80015795829206,41.88696904639394,60.693526252952836,15.879658960493039,534.5237339434083,0.48855456746871084,0.6532225711494716,0.8913479687622412,0.9995835123299379,0.7288412936600298,0.9819455783368986,0.4809548424402742,0.6505123814008309,0.8913479687622412,0.9995835123299379,shift_policy,493
637,637,637,0,1.0,69.5358001021897,77.61843991471909,95.22694862975914,33.31226076477718,558.4466519184757,0.5216381140854753,0.722203012179677,0.9259968404980599,1.0000000000000009,0.7910121118148419,0.9889227101399352,0.5396748980970423,0.678840226221105,0.9259968404980599,1.0000000000000009,shift_policy,494
644,644,644,0,1.0,83.47027446032997,92.71151549499689,122.37122840208491,47.463255474172584,583.4580927002521,0.5283105346920876,0.7336485315569969,1.0082368101624979,1.0000000000000002,0.8226147345826118,0.9684276432928036,0.5375979006752764,0.6066479447291795,1.0082368101624979,1.0000000000000002,shift_policy,495
657,657,657,0,1.0,82.29559419707738,92.22059798090925,107.29790963437523,52.21917554759692,581.3924912930255,0.5578172151924292,0.7558442380390026,0.9911393377765705,1.0000000000000002,0.7899491485927778,0.9792599332703791,0.546424084624187,0.6719511266392296,0.9911393377765705,1.0000000000000002,shift_policy,496
634,634,634,0,1.0,66.2440432353262,73.55536067870452,107.26240473075103,24.23915326946501,568.3667167877114,0.5373846437010057,0.7626063890213062,0.9552980829201317,1.0000000000000007,0.8309709068087939,0.996483950536635,0.5308701588598621,0.6367350751737068,0.9552980829201317,1.0000000000000007,shift_policy,497
648,648,647,1,0.9984567901234568,77.35929373126648,83.69445399389451,110.65089470765264,45.07235515428702,607.3208705237664,0.5445530959203697,0.7751591011677649,0.9932157557482142,0.9999999999999991,0.804707199308242,0.9857552450431694,0.5512968859941256,0.6723925944611171,0.9932157557482142,0.9999999999999991,shift_policy,498
602,602,602,0,1.0,63.81048567902911,64.86854198134563,85.0510294152877,33.827084848895176,534.7917319109308,0.5094376790151136,0.6929796997146807,0.9149310961217949,1.0000000000000013,0.7443552880699167,0.9890952477712469,0.4985323008647468,0.6616981551568843,0.9149310961217949,1.0000000000000013,shift_policy,499
